แถวต้นฉบับ,ชื่อหน่วยงานต้นฉบับ,ชื่อหน่วยงานหลังปรับปรุง,หัวข้อที่มีการปรับปรุง,รายละเอียดการปรับปรุง,ข้อมูลเดิมใน Excel,ข้อมูลที่แก้ไขแล้ว
2,กระทรวงศึกษาธิการ,กระทรวงศึกษาธิการ,กำหนดขอบเขตส่วนกลาง (Nationwide Scope),กำหนดเป็นหน่วยงานรับผิดชอบภาพรวม 'ทั่วประเทศ' (ไม่ผูกรหัสตำบล),ต.ทุ่งพญาไท อ. จ.,รับผิดชอบทั่วประเทศ (Nationwide)
270,โรงเรียนวัดบางเพรียง สพป.สมุทรปราการ เขต 2 สำนักงานคณะกรรมการการศึกษาขั้นพื้นฐาน (สพฐ.) กระทรวงศึกษาธิการ,โรงเรียนวัดบางเพรียง สพป.สมุทรปราการ เขต 2 สำนักงานคณะกรรมการการศึกษาขั้นพื้นฐาน (สพฐ.) กระทรวงศึกษาธิการ,ใช้พิกัดจุดศูนย์กลางตำบล (Subdistrict Center Fallback),เนื่องจากพิกัดเดิมว่างหรือผิดรูปแบบ จึงดึงพิกัดกึ่งกลางตำบลจาก DB มาใช้แทน,"89.999997,13.535407","Lat: 13.54506051, Long: 100.8074435 (ต.บางเพรียง อ.บางบ่อ)"
531,โรงเรียนสว่างราษฏร์บํารุง สพป.ปทุมธานี เขต 1 สำนักงานคณะกรรมการการศึกษาขั้นพื้นฐาน (สพฐ.) กระทรวงศึกษาธิการ,โรงเรียนสว่างราษฏร์บํารุง สพป.ปทุมธานี เขต 1 สำนักงานคณะกรรมการการศึกษาขั้นพื้นฐาน (สพฐ.) กระทรวงศึกษาธิการ,ใช้พิกัดจุดศูนย์กลางตำบล (Subdistrict Center Fallback),เนื่องจากพิกัดเดิมว่างหรือผิดรูปแบบ จึงดึงพิกัดกึ่งกลางตำบลจาก DB มาใช้แทน,"89.999997,162.997554","Lat: 14.0379174, Long: 100.3581983 (ต.หน้าไม้ อ.ลาดหลุมแก้ว)"
644,โรงเรียนศูนย์การศึกษาพิเศษ ประจำจังหวัดปทุมธานี (แห่งที่2) สำนักบริหารงานการศึกษาพิเศษ สำนักงานคณะกรรมการการศึกษาขั้นพื้นฐาน (สพฐ.) กระทรวงศึกษาธิการ,โรงเรียนศูนย์การศึกษาพิเศษ ประจำจังหวัดปทุมธานี (แห่งที่2) สำนักบริหารงานการศึกษาพิเศษ สำนักงานคณะกรรมการการศึกษาขั้นพื้นฐาน (สพฐ.) กระทรวงศึกษาธิการ,ใช้พิกัดจุดศูนย์กลางตำบล (Subdistrict Center Fallback),เนื่องจากพิกัดเดิมว่างหรือผิดรูปแบบ จึงดึงพิกัดกึ่งกลางตำบลจาก DB มาใช้แทน,ค่าว่าง (ไม่มีพิกัด),"Lat: 13.98450942, Long: 100.8200126 (ต.บึงทองหลาง อ.ลำลูกกา)"
671,โรงเรียนวัดสว่างอารมณ์ สพป.พระนครศรีอยุธยา เขต 1 สำนักงานคณะกรรมการการศึกษาขั้นพื้นฐาน (สพฐ.) กระทรวงศึกษาธิการ,โรงเรียนวัดสว่างอารมณ์ สพป.พระนครศรีอยุธยา เขต 1 สำนักงานคณะกรรมการการศึกษาขั้นพื้นฐาน (สพฐ.) กระทรวงศึกษาธิการ (ต.สวนพริก),ต่อท้ายชื่อแก้ชื่อซ้ำ (Name Suffix),เติม  (ต.สวนพริก) ต่อท้ายชื่อเพื่อป้องกันชื่อซ้ำในระดับเดียวกัน,โรงเรียนวัดสว่างอารมณ์ สพป.พระนครศรีอยุธยา เขต 1 สำนักงานคณะกรรมการการศึกษาขั้นพื้นฐาน (สพฐ.) กระทรวงศึกษาธิการ,โรงเรียนวัดสว่างอารมณ์ สพป.พระนครศรีอยุธยา เขต 1 สำนักงานคณะกรรมการการศึกษาขั้นพื้นฐาน (สพฐ.) กระทรวงศึกษาธิการ (ต.สวนพริก)
755,โรงเรียนวัดโพธิ์ สพป.พระนครศรีอยุธยา เขต 2 สำนักงานคณะกรรมการการศึกษาขั้นพื้นฐาน (สพฐ.) กระทรวงศึกษาธิการ,โรงเรียนวัดโพธิ์ สพป.พระนครศรีอยุธยา เขต 2 สำนักงานคณะกรรมการการศึกษาขั้นพื้นฐาน (สพฐ.) กระทรวงศึกษาธิการ (ต.กบเจา),ต่อท้ายชื่อแก้ชื่อซ้ำ (Name Suffix),เติม  (ต.กบเจา) ต่อท้ายชื่อเพื่อป้องกันชื่อซ้ำในระดับเดียวกัน,โรงเรียนวัดโพธิ์ สพป.พระนครศรีอยุธยา เขต 2 สำนักงานคณะกรรมการการศึกษาขั้นพื้นฐาน (สพฐ.) กระทรวงศึกษาธิการ,โรงเรียนวัดโพธิ์ สพป.พระนครศรีอยุธยา เขต 2 สำนักงานคณะกรรมการการศึกษาขั้นพื้นฐาน (สพฐ.) กระทรวงศึกษาธิการ (ต.กบเจา)
805,โรงเรียนวัดโพธิ์ สพป.พระนครศรีอยุธยา เขต 2 สำนักงานคณะกรรมการการศึกษาขั้นพื้นฐาน (สพฐ.) กระทรวงศึกษาธิการ,โรงเรียนวัดโพธิ์ สพป.พระนครศรีอยุธยา เขต 2 สำนักงานคณะกรรมการการศึกษาขั้นพื้นฐาน (สพฐ.) กระทรวงศึกษาธิการ (ต.บ้านโพ),ต่อท้ายชื่อแก้ชื่อซ้ำ (Name Suffix),เติม  (ต.บ้านโพ) ต่อท้ายชื่อเพื่อป้องกันชื่อซ้ำในระดับเดียวกัน,โรงเรียนวัดโพธิ์ สพป.พระนครศรีอยุธยา เขต 2 สำนักงานคณะกรรมการการศึกษาขั้นพื้นฐาน (สพฐ.) กระทรวงศึกษาธิการ,โรงเรียนวัดโพธิ์ สพป.พระนครศรีอยุธยา เขต 2 สำนักงานคณะกรรมการการศึกษาขั้นพื้นฐาน (สพฐ.) กระทรวงศึกษาธิการ (ต.บ้านโพ)
920,โรงเรียนวัดสว่างอารมณ์ สพป.พระนครศรีอยุธยา เขต 1 สำนักงานคณะกรรมการการศึกษาขั้นพื้นฐาน (สพฐ.) กระทรวงศึกษาธิการ,โรงเรียนวัดสว่างอารมณ์ สพป.พระนครศรีอยุธยา เขต 1 สำนักงานคณะกรรมการการศึกษาขั้นพื้นฐาน (สพฐ.) กระทรวงศึกษาธิการ (ต.วังจุฬา),ต่อท้ายชื่อแก้ชื่อซ้ำ (Name Suffix),เติม  (ต.วังจุฬา) ต่อท้ายชื่อเพื่อป้องกันชื่อซ้ำในระดับเดียวกัน,โรงเรียนวัดสว่างอารมณ์ สพป.พระนครศรีอยุธยา เขต 1 สำนักงานคณะกรรมการการศึกษาขั้นพื้นฐาน (สพฐ.) กระทรวงศึกษาธิการ,โรงเรียนวัดสว่างอารมณ์ สพป.พระนครศรีอยุธยา เขต 1 สำนักงานคณะกรรมการการศึกษาขั้นพื้นฐาน (สพฐ.) กระทรวงศึกษาธิการ (ต.วังจุฬา)
1007,โรงเรียนศูนย์การศึกษาพิเศษ ประจำจังหวัดพระนครศรีอยุธยา (แห่งที่2) สำนักบริหารงานการศึกษาพิเศษ สำนักงานคณะกรรมการการศึกษาขั้นพื้นฐาน (สพฐ.) กระทรวงศึกษาธิการ,โรงเรียนศูนย์การศึกษาพิเศษ ประจำจังหวัดพระนครศรีอยุธยา (แห่งที่2) สำนักบริหารงานการศึกษาพิเศษ สำนักงานคณะกรรมการการศึกษาขั้นพื้นฐาน (สพฐ.) กระทรวงศึกษาธิการ,ใช้พิกัดจุดศูนย์กลางตำบล (Subdistrict Center Fallback),เนื่องจากพิกัดเดิมว่างหรือผิดรูปแบบ จึงดึงพิกัดกึ่งกลางตำบลจาก DB มาใช้แทน,ค่าว่าง (ไม่มีพิกัด),"Lat: 14.46932461, Long: 100.6226479 (ต.นครหลวง อ.นครหลวง)"
1013,โรงเรียนวัดโบสถ์ สพป.อ่างทอง สำนักงานคณะกรรมการการศึกษาขั้นพื้นฐาน (สพฐ.) กระทรวงศึกษาธิการ,โรงเรียนวัดโบสถ์ สพป.อ่างทอง สำนักงานคณะกรรมการการศึกษาขั้นพื้นฐาน (สพฐ.) กระทรวงศึกษาธิการ (ต.ย่านซื่อ),ต่อท้ายชื่อแก้ชื่อซ้ำ (Name Suffix),เติม  (ต.ย่านซื่อ) ต่อท้ายชื่อเพื่อป้องกันชื่อซ้ำในระดับเดียวกัน,โรงเรียนวัดโบสถ์ สพป.อ่างทอง สำนักงานคณะกรรมการการศึกษาขั้นพื้นฐาน (สพฐ.) กระทรวงศึกษาธิการ,โรงเรียนวัดโบสถ์ สพป.อ่างทอง สำนักงานคณะกรรมการการศึกษาขั้นพื้นฐาน (สพฐ.) กระทรวงศึกษาธิการ (ต.ย่านซื่อ)
1030,โรงเรียนวัดโบสถ์ สพป.อ่างทอง สำนักงานคณะกรรมการการศึกษาขั้นพื้นฐาน (สพฐ.) กระทรวงศึกษาธิการ,โรงเรียนวัดโบสถ์ สพป.อ่างทอง สำนักงานคณะกรรมการการศึกษาขั้นพื้นฐาน (สพฐ.) กระทรวงศึกษาธิการ (ต.ไชยภูมิ),ต่อท้ายชื่อแก้ชื่อซ้ำ (Name Suffix),เติม  (ต.ไชยภูมิ) ต่อท้ายชื่อเพื่อป้องกันชื่อซ้ำในระดับเดียวกัน,โรงเรียนวัดโบสถ์ สพป.อ่างทอง สำนักงานคณะกรรมการการศึกษาขั้นพื้นฐาน (สพฐ.) กระทรวงศึกษาธิการ,โรงเรียนวัดโบสถ์ สพป.อ่างทอง สำนักงานคณะกรรมการการศึกษาขั้นพื้นฐาน (สพฐ.) กระทรวงศึกษาธิการ (ต.ไชยภูมิ)
1083,โรงเรียนชุมชนวัดวิเศษชัยชาญ สพป.อ่างทอง สำนักงานคณะกรรมการการศึกษาขั้นพื้นฐาน (สพฐ.) กระทรวงศึกษาธิการ,โรงเรียนชุมชนวัดวิเศษชัยชาญ สพป.อ่างทอง สำนักงานคณะกรรมการการศึกษาขั้นพื้นฐาน (สพฐ.) กระทรวงศึกษาธิการ,แก้ไขตัวสะกดตำบล (Subdistrict Typo),แก้ไขคำสะกดตำบลให้ตรงกับตารางมาตรฐาน DB,ไผ่จำศิล,ไผ่จำศีล
1084,โรงเรียนวัดขุมทอง (เจริญราษฎร์นุกูล) สพป.อ่างทอง สำนักงานคณะกรรมการการศึกษาขั้นพื้นฐาน (สพฐ.) กระทรวงศึกษาธิการ,โรงเรียนวัดขุมทอง (เจริญราษฎร์นุกูล) สพป.อ่างทอง สำนักงานคณะกรรมการการศึกษาขั้นพื้นฐาน (สพฐ.) กระทรวงศึกษาธิการ,แก้ไขตัวสะกดตำบล (Subdistrict Typo),แก้ไขคำสะกดตำบลให้ตรงกับตารางมาตรฐาน DB,ไผ่จำศิล,ไผ่จำศีล
1085,โรงเรียนวัดราชสกุณา(ราษฎร์รังสฤษฎ์) สพป.อ่างทอง สำนักงานคณะกรรมการการศึกษาขั้นพื้นฐาน (สพฐ.) กระทรวงศึกษาธิการ,โรงเรียนวัดราชสกุณา(ราษฎร์รังสฤษฎ์) สพป.อ่างทอง สำนักงานคณะกรรมการการศึกษาขั้นพื้นฐาน (สพฐ.) กระทรวงศึกษาธิการ,แก้ไขตัวสะกดตำบล (Subdistrict Typo),แก้ไขคำสะกดตำบลให้ตรงกับตารางมาตรฐาน DB,ไผ่จำศิล,ไผ่จำศีล
1121,โรงเรียนวัดโบสถ์ สพป.อ่างทอง สำนักงานคณะกรรมการการศึกษาขั้นพื้นฐาน (สพฐ.) กระทรวงศึกษาธิการ,โรงเรียนวัดโบสถ์ สพป.อ่างทอง สำนักงานคณะกรรมการการศึกษาขั้นพื้นฐาน (สพฐ.) กระทรวงศึกษาธิการ (ต.โพธิ์ม่วงพันธ์),ต่อท้ายชื่อแก้ชื่อซ้ำ (Name Suffix),เติม  (ต.โพธิ์ม่วงพันธ์) ต่อท้ายชื่อเพื่อป้องกันชื่อซ้ำในระดับเดียวกัน,โรงเรียนวัดโบสถ์ สพป.อ่างทอง สำนักงานคณะกรรมการการศึกษาขั้นพื้นฐาน (สพฐ.) กระทรวงศึกษาธิการ,โรงเรียนวัดโบสถ์ สพป.อ่างทอง สำนักงานคณะกรรมการการศึกษาขั้นพื้นฐาน (สพฐ.) กระทรวงศึกษาธิการ (ต.โพธิ์ม่วงพันธ์)
1156,โรงเรียนวิเศษไชยชาญ(ตันติวิทยาภูมิ) สพม.สิงห์บุรี อ่างทอง สำนักงานคณะกรรมการการศึกษาขั้นพื้นฐาน (สพฐ.) กระทรวงศึกษาธิการ,โรงเรียนวิเศษไชยชาญ(ตันติวิทยาภูมิ) สพม.สิงห์บุรี อ่างทอง สำนักงานคณะกรรมการการศึกษาขั้นพื้นฐาน (สพฐ.) กระทรวงศึกษาธิการ,แก้ไขตัวสะกดตำบล (Subdistrict Typo),แก้ไขคำสะกดตำบลให้ตรงกับตารางมาตรฐาน DB,ไผ่จำศิล,ไผ่จำศีล
1157,โรงเรียนวิเศษชัยชาญวิทยาคม สพม.สิงห์บุรี อ่างทอง สำนักงานคณะกรรมการการศึกษาขั้นพื้นฐาน (สพฐ.) กระทรวงศึกษาธิการ,โรงเรียนวิเศษชัยชาญวิทยาคม สพม.สิงห์บุรี อ่างทอง สำนักงานคณะกรรมการการศึกษาขั้นพื้นฐาน (สพฐ.) กระทรวงศึกษาธิการ,แก้ไขตัวสะกดตำบล (Subdistrict Typo),แก้ไขคำสะกดตำบลให้ตรงกับตารางมาตรฐาน DB,ไผ่จำศิล,ไผ่จำศีล
1236,โรงเรียนวัดหนองคู สพป.ลพบุรี เขต 1 สำนักงานคณะกรรมการการศึกษาขั้นพื้นฐาน (สพฐ.) กระทรวงศึกษาธิการ,โรงเรียนวัดหนองคู สพป.ลพบุรี เขต 1 สำนักงานคณะกรรมการการศึกษาขั้นพื้นฐาน (สพฐ.) กระทรวงศึกษาธิการ (ต.ห้วยโป่ง),ต่อท้ายชื่อแก้ชื่อซ้ำ (Name Suffix),เติม  (ต.ห้วยโป่ง) ต่อท้ายชื่อเพื่อป้องกันชื่อซ้ำในระดับเดียวกัน,โรงเรียนวัดหนองคู สพป.ลพบุรี เขต 1 สำนักงานคณะกรรมการการศึกษาขั้นพื้นฐาน (สพฐ.) กระทรวงศึกษาธิการ,โรงเรียนวัดหนองคู สพป.ลพบุรี เขต 1 สำนักงานคณะกรรมการการศึกษาขั้นพื้นฐาน (สพฐ.) กระทรวงศึกษาธิการ (ต.ห้วยโป่ง)
1287,โรงเรียนบ้านดงน้อย สพป.ลพบุรี เขต 2 สำนักงานคณะกรรมการการศึกษาขั้นพื้นฐาน (สพฐ.) กระทรวงศึกษาธิการ,โรงเรียนบ้านดงน้อย สพป.ลพบุรี เขต 2 สำนักงานคณะกรรมการการศึกษาขั้นพื้นฐาน (สพฐ.) กระทรวงศึกษาธิการ (ต.ศิลาทิพย์),ต่อท้ายชื่อแก้ชื่อซ้ำ (Name Suffix),เติม  (ต.ศิลาทิพย์) ต่อท้ายชื่อเพื่อป้องกันชื่อซ้ำในระดับเดียวกัน,โรงเรียนบ้านดงน้อย สพป.ลพบุรี เขต 2 สำนักงานคณะกรรมการการศึกษาขั้นพื้นฐาน (สพฐ.) กระทรวงศึกษาธิการ,โรงเรียนบ้านดงน้อย สพป.ลพบุรี เขต 2 สำนักงานคณะกรรมการการศึกษาขั้นพื้นฐาน (สพฐ.) กระทรวงศึกษาธิการ (ต.ศิลาทิพย์)
1339,โรงเรียนวัดหนองคู สพป.ลพบุรี เขต 1 สำนักงานคณะกรรมการการศึกษาขั้นพื้นฐาน (สพฐ.) กระทรวงศึกษาธิการ,โรงเรียนวัดหนองคู สพป.ลพบุรี เขต 1 สำนักงานคณะกรรมการการศึกษาขั้นพื้นฐาน (สพฐ.) กระทรวงศึกษาธิการ (ต.หนองกระเบียน),ต่อท้ายชื่อแก้ชื่อซ้ำ (Name Suffix),เติม  (ต.หนองกระเบียน) ต่อท้ายชื่อเพื่อป้องกันชื่อซ้ำในระดับเดียวกัน,โรงเรียนวัดหนองคู สพป.ลพบุรี เขต 1 สำนักงานคณะกรรมการการศึกษาขั้นพื้นฐาน (สพฐ.) กระทรวงศึกษาธิการ,โรงเรียนวัดหนองคู สพป.ลพบุรี เขต 1 สำนักงานคณะกรรมการการศึกษาขั้นพื้นฐาน (สพฐ.) กระทรวงศึกษาธิการ (ต.หนองกระเบียน)
1393,โรงเรียนบ้านดงน้อย สพป.ลพบุรี เขต 2 สำนักงานคณะกรรมการการศึกษาขั้นพื้นฐาน (สพฐ.) กระทรวงศึกษาธิการ,โรงเรียนบ้านดงน้อย สพป.ลพบุรี เขต 2 สำนักงานคณะกรรมการการศึกษาขั้นพื้นฐาน (สพฐ.) กระทรวงศึกษาธิการ (ต.นิยมชัย),ต่อท้ายชื่อแก้ชื่อซ้ำ (Name Suffix),เติม  (ต.นิยมชัย) ต่อท้ายชื่อเพื่อป้องกันชื่อซ้ำในระดับเดียวกัน,โรงเรียนบ้านดงน้อย สพป.ลพบุรี เขต 2 สำนักงานคณะกรรมการการศึกษาขั้นพื้นฐาน (สพฐ.) กระทรวงศึกษาธิการ,โรงเรียนบ้านดงน้อย สพป.ลพบุรี เขต 2 สำนักงานคณะกรรมการการศึกษาขั้นพื้นฐาน (สพฐ.) กระทรวงศึกษาธิการ (ต.นิยมชัย)
1490,โรงเรียนวัดโบสถ์ สพป.สิงห์บุรี สำนักงานคณะกรรมการการศึกษาขั้นพื้นฐาน (สพฐ.) กระทรวงศึกษาธิการ,โรงเรียนวัดโบสถ์ สพป.สิงห์บุรี สำนักงานคณะกรรมการการศึกษาขั้นพื้นฐาน (สพฐ.) กระทรวงศึกษาธิการ (ต.ถอนสมอ),ต่อท้ายชื่อแก้ชื่อซ้ำ (Name Suffix),เติม  (ต.ถอนสมอ) ต่อท้ายชื่อเพื่อป้องกันชื่อซ้ำในระดับเดียวกัน,โรงเรียนวัดโบสถ์ สพป.สิงห์บุรี สำนักงานคณะกรรมการการศึกษาขั้นพื้นฐาน (สพฐ.) กระทรวงศึกษาธิการ,โรงเรียนวัดโบสถ์ สพป.สิงห์บุรี สำนักงานคณะกรรมการการศึกษาขั้นพื้นฐาน (สพฐ.) กระทรวงศึกษาธิการ (ต.ถอนสมอ)
1548,โรงเรียนวัดโบสถ์ สพป.สิงห์บุรี สำนักงานคณะกรรมการการศึกษาขั้นพื้นฐาน (สพฐ.) กระทรวงศึกษาธิการ,โรงเรียนวัดโบสถ์ สพป.สิงห์บุรี สำนักงานคณะกรรมการการศึกษาขั้นพื้นฐาน (สพฐ.) กระทรวงศึกษาธิการ (ต.อินทร์บุรี),ต่อท้ายชื่อแก้ชื่อซ้ำ (Name Suffix),เติม  (ต.อินทร์บุรี) ต่อท้ายชื่อเพื่อป้องกันชื่อซ้ำในระดับเดียวกัน,โรงเรียนวัดโบสถ์ สพป.สิงห์บุรี สำนักงานคณะกรรมการการศึกษาขั้นพื้นฐาน (สพฐ.) กระทรวงศึกษาธิการ,โรงเรียนวัดโบสถ์ สพป.สิงห์บุรี สำนักงานคณะกรรมการการศึกษาขั้นพื้นฐาน (สพฐ.) กระทรวงศึกษาธิการ (ต.อินทร์บุรี)
2064,โรงเรียนบ้านโป่งสะเก็ต สพป.ชลบุรี เขต 3 สำนักงานคณะกรรมการการศึกษาขั้นพื้นฐาน (สพฐ.) กระทรวงศึกษาธิการ,โรงเรียนบ้านโป่งสะเก็ต สพป.ชลบุรี เขต 3 สำนักงานคณะกรรมการการศึกษาขั้นพื้นฐาน (สพฐ.) กระทรวงศึกษาธิการ,ใช้พิกัดจุดศูนย์กลางตำบล (Subdistrict Center Fallback),เนื่องจากพิกัดเดิมว่างหรือผิดรูปแบบ จึงดึงพิกัดกึ่งกลางตำบลจาก DB มาใช้แทน,"89.99986,-76.59","Lat: 13.01198842, Long: 101.0052601 (ต.ตะเคียนเตี้ย อ.บางละมุง)"
2076,โรงเรียนบ้านบึง สพป.ชลบุรี เขต 3 สำนักงานคณะกรรมการการศึกษาขั้นพื้นฐาน (สพฐ.) กระทรวงศึกษาธิการ,โรงเรียนบ้านบึง สพป.ชลบุรี เขต 3 สำนักงานคณะกรรมการการศึกษาขั้นพื้นฐาน (สพฐ.) กระทรวงศึกษาธิการ (ต.ห้วยใหญ่),ต่อท้ายชื่อแก้ชื่อซ้ำ (Name Suffix),เติม  (ต.ห้วยใหญ่) ต่อท้ายชื่อเพื่อป้องกันชื่อซ้ำในระดับเดียวกัน,โรงเรียนบ้านบึง สพป.ชลบุรี เขต 3 สำนักงานคณะกรรมการการศึกษาขั้นพื้นฐาน (สพฐ.) กระทรวงศึกษาธิการ,โรงเรียนบ้านบึง สพป.ชลบุรี เขต 3 สำนักงานคณะกรรมการการศึกษาขั้นพื้นฐาน (สพฐ.) กระทรวงศึกษาธิการ (ต.ห้วยใหญ่)
2207,โรงเรียนบ้านบึง สพป.ชลบุรี เขต 3 สำนักงานคณะกรรมการการศึกษาขั้นพื้นฐาน (สพฐ.) กระทรวงศึกษาธิการ,โรงเรียนบ้านบึง สพป.ชลบุรี เขต 3 สำนักงานคณะกรรมการการศึกษาขั้นพื้นฐาน (สพฐ.) กระทรวงศึกษาธิการ (ต.บึง),ต่อท้ายชื่อแก้ชื่อซ้ำ (Name Suffix),เติม  (ต.บึง) ต่อท้ายชื่อเพื่อป้องกันชื่อซ้ำในระดับเดียวกัน,โรงเรียนบ้านบึง สพป.ชลบุรี เขต 3 สำนักงานคณะกรรมการการศึกษาขั้นพื้นฐาน (สพฐ.) กระทรวงศึกษาธิการ,โรงเรียนบ้านบึง สพป.ชลบุรี เขต 3 สำนักงานคณะกรรมการการศึกษาขั้นพื้นฐาน (สพฐ.) กระทรวงศึกษาธิการ (ต.บึง)
2377,โรงเรียนชุมชนวัดตะเคียนงาม สพป.ระยอง เขต 2 สำนักงานคณะกรรมการการศึกษาขั้นพื้นฐาน (สพฐ.) กระทรวงศึกษาธิการ,โรงเรียนชุมชนวัดตะเคียนงาม สพป.ระยอง เขต 2 สำนักงานคณะกรรมการการศึกษาขั้นพื้นฐาน (สพฐ.) กระทรวงศึกษาธิการ,แก้ไขตัวสะกดตำบล (Subdistrict Typo),แก้ไขคำสะกดตำบลให้ตรงกับตารางมาตรฐาน DB,ปากน้ำกระแส,ปากน้ำประแส
2639,โรงเรียนบ้านคลองใหญ่ สพป.จันทบุรี เขต 2 สำนักงานคณะกรรมการการศึกษาขั้นพื้นฐาน (สพฐ.) กระทรวงศึกษาธิการ,โรงเรียนบ้านคลองใหญ่ สพป.จันทบุรี เขต 2 สำนักงานคณะกรรมการการศึกษาขั้นพื้นฐาน (สพฐ.) กระทรวงศึกษาธิการ (ต.เกาะเปริด),ต่อท้ายชื่อแก้ชื่อซ้ำ (Name Suffix),เติม  (ต.เกาะเปริด) ต่อท้ายชื่อเพื่อป้องกันชื่อซ้ำในระดับเดียวกัน,โรงเรียนบ้านคลองใหญ่ สพป.จันทบุรี เขต 2 สำนักงานคณะกรรมการการศึกษาขั้นพื้นฐาน (สพฐ.) กระทรวงศึกษาธิการ,โรงเรียนบ้านคลองใหญ่ สพป.จันทบุรี เขต 2 สำนักงานคณะกรรมการการศึกษาขั้นพื้นฐาน (สพฐ.) กระทรวงศึกษาธิการ (ต.เกาะเปริด)
2654,โรงเรียนบ้านคลองใหญ่ สพป.จันทบุรี เขต 2 สำนักงานคณะกรรมการการศึกษาขั้นพื้นฐาน (สพฐ.) กระทรวงศึกษาธิการ,โรงเรียนบ้านคลองใหญ่ สพป.จันทบุรี เขต 2 สำนักงานคณะกรรมการการศึกษาขั้นพื้นฐาน (สพฐ.) กระทรวงศึกษาธิการ (ต.คลองใหญ่),ต่อท้ายชื่อแก้ชื่อซ้ำ (Name Suffix),เติม  (ต.คลองใหญ่) ต่อท้ายชื่อเพื่อป้องกันชื่อซ้ำในระดับเดียวกัน,โรงเรียนบ้านคลองใหญ่ สพป.จันทบุรี เขต 2 สำนักงานคณะกรรมการการศึกษาขั้นพื้นฐาน (สพฐ.) กระทรวงศึกษาธิการ,โรงเรียนบ้านคลองใหญ่ สพป.จันทบุรี เขต 2 สำนักงานคณะกรรมการการศึกษาขั้นพื้นฐาน (สพฐ.) กระทรวงศึกษาธิการ (ต.คลองใหญ่)
2879,โรงเรียนวัดจุกเฌอ สพป.ฉะเชิงเทรา เขต 1 สำนักงานคณะกรรมการการศึกษาขั้นพื้นฐาน (สพฐ.) กระทรวงศึกษาธิการ,โรงเรียนวัดจุกเฌอ สพป.ฉะเชิงเทรา เขต 1 สำนักงานคณะกรรมการการศึกษาขั้นพื้นฐาน (สพฐ.) กระทรวงศึกษาธิการ,ใช้พิกัดจุดศูนย์กลางตำบล (Subdistrict Center Fallback),เนื่องจากพิกัดเดิมว่างหรือผิดรูปแบบ จึงดึงพิกัดกึ่งกลางตำบลจาก DB มาใช้แทน,"89.999997,101.12888","Lat: 13.68885472, Long: 101.1238456 (ต.คลองจุกกระเฌอ อ.เมืองฉะเชิงเทรา)"
3059,โรงเรียนบ้านห้วยหิน สพป.ฉะเชิงเทรา เขต 2 สำนักงานคณะกรรมการการศึกษาขั้นพื้นฐาน (สพฐ.) กระทรวงศึกษาธิการ,โรงเรียนบ้านห้วยหิน สพป.ฉะเชิงเทรา เขต 2 สำนักงานคณะกรรมการการศึกษาขั้นพื้นฐาน (สพฐ.) กระทรวงศึกษาธิการ (ต.เขาหินซ้อน),ต่อท้ายชื่อแก้ชื่อซ้ำ (Name Suffix),เติม  (ต.เขาหินซ้อน) ต่อท้ายชื่อเพื่อป้องกันชื่อซ้ำในระดับเดียวกัน,โรงเรียนบ้านห้วยหิน สพป.ฉะเชิงเทรา เขต 2 สำนักงานคณะกรรมการการศึกษาขั้นพื้นฐาน (สพฐ.) กระทรวงศึกษาธิการ,โรงเรียนบ้านห้วยหิน สพป.ฉะเชิงเทรา เขต 2 สำนักงานคณะกรรมการการศึกษาขั้นพื้นฐาน (สพฐ.) กระทรวงศึกษาธิการ (ต.เขาหินซ้อน)
3069,โรงเรียนบ้านห้วยหิน สพป.ฉะเชิงเทรา เขต 2 สำนักงานคณะกรรมการการศึกษาขั้นพื้นฐาน (สพฐ.) กระทรวงศึกษาธิการ,โรงเรียนบ้านห้วยหิน สพป.ฉะเชิงเทรา เขต 2 สำนักงานคณะกรรมการการศึกษาขั้นพื้นฐาน (สพฐ.) กระทรวงศึกษาธิการ (ต.ลาดกระทิง),ต่อท้ายชื่อแก้ชื่อซ้ำ (Name Suffix),เติม  (ต.ลาดกระทิง) ต่อท้ายชื่อเพื่อป้องกันชื่อซ้ำในระดับเดียวกัน,โรงเรียนบ้านห้วยหิน สพป.ฉะเชิงเทรา เขต 2 สำนักงานคณะกรรมการการศึกษาขั้นพื้นฐาน (สพฐ.) กระทรวงศึกษาธิการ,โรงเรียนบ้านห้วยหิน สพป.ฉะเชิงเทรา เขต 2 สำนักงานคณะกรรมการการศึกษาขั้นพื้นฐาน (สพฐ.) กระทรวงศึกษาธิการ (ต.ลาดกระทิง)
3567,โรงเรียนศึกษาสงเคราะห์สระแก้ว สำนักบริหารงานการศึกษาพิเศษ สำนักงานคณะกรรมการการศึกษาขั้นพื้นฐาน (สพฐ.) กระทรวงศึกษาธิการ,โรงเรียนศึกษาสงเคราะห์สระแก้ว สำนักบริหารงานการศึกษาพิเศษ สำนักงานคณะกรรมการการศึกษาขั้นพื้นฐาน (สพฐ.) กระทรวงศึกษาธิการ,ใช้พิกัดจุดศูนย์กลางตำบล (Subdistrict Center Fallback),เนื่องจากพิกัดเดิมว่างหรือผิดรูปแบบ จึงดึงพิกัดกึ่งกลางตำบลจาก DB มาใช้แทน,ค่าว่าง (ไม่มีพิกัด),"Lat: 13.86685072, Long: 102.3836404 (ต.หนองน้ำใส อ.วัฒนานคร)"
3630,โรงเรียนบ้านเขาดิน สพป.สระแก้ว เขต 1 สำนักงานคณะกรรมการการศึกษาขั้นพื้นฐาน (สพฐ.) กระทรวงศึกษาธิการ,โรงเรียนบ้านเขาดิน สพป.สระแก้ว เขต 1 สำนักงานคณะกรรมการการศึกษาขั้นพื้นฐาน (สพฐ.) กระทรวงศึกษาธิการ (ต.คลองหาด),ต่อท้ายชื่อแก้ชื่อซ้ำ (Name Suffix),เติม  (ต.คลองหาด) ต่อท้ายชื่อเพื่อป้องกันชื่อซ้ำในระดับเดียวกัน,โรงเรียนบ้านเขาดิน สพป.สระแก้ว เขต 1 สำนักงานคณะกรรมการการศึกษาขั้นพื้นฐาน (สพฐ.) กระทรวงศึกษาธิการ,โรงเรียนบ้านเขาดิน สพป.สระแก้ว เขต 1 สำนักงานคณะกรรมการการศึกษาขั้นพื้นฐาน (สพฐ.) กระทรวงศึกษาธิการ (ต.คลองหาด)
3694,โรงเรียนบ้านพรสวรรค์ สพป.สระแก้ว เขต 1 สำนักงานคณะกรรมการการศึกษาขั้นพื้นฐาน (สพฐ.) กระทรวงศึกษาธิการ,โรงเรียนบ้านพรสวรรค์ สพป.สระแก้ว เขต 1 สำนักงานคณะกรรมการการศึกษาขั้นพื้นฐาน (สพฐ.) กระทรวงศึกษาธิการ (ต.ทุ่งมหาเจริญ),ต่อท้ายชื่อแก้ชื่อซ้ำ (Name Suffix),เติม  (ต.ทุ่งมหาเจริญ) ต่อท้ายชื่อเพื่อป้องกันชื่อซ้ำในระดับเดียวกัน,โรงเรียนบ้านพรสวรรค์ สพป.สระแก้ว เขต 1 สำนักงานคณะกรรมการการศึกษาขั้นพื้นฐาน (สพฐ.) กระทรวงศึกษาธิการ,โรงเรียนบ้านพรสวรรค์ สพป.สระแก้ว เขต 1 สำนักงานคณะกรรมการการศึกษาขั้นพื้นฐาน (สพฐ.) กระทรวงศึกษาธิการ (ต.ทุ่งมหาเจริญ)
3782,โรงเรียนบ้านพรสวรรค์ สพป.สระแก้ว เขต 1 สำนักงานคณะกรรมการการศึกษาขั้นพื้นฐาน (สพฐ.) กระทรวงศึกษาธิการ,โรงเรียนบ้านพรสวรรค์ สพป.สระแก้ว เขต 1 สำนักงานคณะกรรมการการศึกษาขั้นพื้นฐาน (สพฐ.) กระทรวงศึกษาธิการ (ต.เขาฉกรรจ์),ต่อท้ายชื่อแก้ชื่อซ้ำ (Name Suffix),เติม  (ต.เขาฉกรรจ์) ต่อท้ายชื่อเพื่อป้องกันชื่อซ้ำในระดับเดียวกัน,โรงเรียนบ้านพรสวรรค์ สพป.สระแก้ว เขต 1 สำนักงานคณะกรรมการการศึกษาขั้นพื้นฐาน (สพฐ.) กระทรวงศึกษาธิการ,โรงเรียนบ้านพรสวรรค์ สพป.สระแก้ว เขต 1 สำนักงานคณะกรรมการการศึกษาขั้นพื้นฐาน (สพฐ.) กระทรวงศึกษาธิการ (ต.เขาฉกรรจ์)
3787,โรงเรียนบ้านเขาดิน สพป.สระแก้ว เขต 1 สำนักงานคณะกรรมการการศึกษาขั้นพื้นฐาน (สพฐ.) กระทรวงศึกษาธิการ,โรงเรียนบ้านเขาดิน สพป.สระแก้ว เขต 1 สำนักงานคณะกรรมการการศึกษาขั้นพื้นฐาน (สพฐ.) กระทรวงศึกษาธิการ (ต.หนองหว้า),ต่อท้ายชื่อแก้ชื่อซ้ำ (Name Suffix),เติม  (ต.หนองหว้า) ต่อท้ายชื่อเพื่อป้องกันชื่อซ้ำในระดับเดียวกัน,โรงเรียนบ้านเขาดิน สพป.สระแก้ว เขต 1 สำนักงานคณะกรรมการการศึกษาขั้นพื้นฐาน (สพฐ.) กระทรวงศึกษาธิการ,โรงเรียนบ้านเขาดิน สพป.สระแก้ว เขต 1 สำนักงานคณะกรรมการการศึกษาขั้นพื้นฐาน (สพฐ.) กระทรวงศึกษาธิการ (ต.หนองหว้า)
3868,โรงเรียนบ้านหนองบง สพป.นครราชสีมา เขต 6 สำนักงานคณะกรรมการการศึกษาขั้นพื้นฐาน (สพฐ.) กระทรวงศึกษาธิการ,โรงเรียนบ้านหนองบง สพป.นครราชสีมา เขต 6 สำนักงานคณะกรรมการการศึกษาขั้นพื้นฐาน (สพฐ.) กระทรวงศึกษาธิการ (ต.แก้งสนามนาง),ต่อท้ายชื่อแก้ชื่อซ้ำ (Name Suffix),เติม  (ต.แก้งสนามนาง) ต่อท้ายชื่อเพื่อป้องกันชื่อซ้ำในระดับเดียวกัน,โรงเรียนบ้านหนองบง สพป.นครราชสีมา เขต 6 สำนักงานคณะกรรมการการศึกษาขั้นพื้นฐาน (สพฐ.) กระทรวงศึกษาธิการ,โรงเรียนบ้านหนองบง สพป.นครราชสีมา เขต 6 สำนักงานคณะกรรมการการศึกษาขั้นพื้นฐาน (สพฐ.) กระทรวงศึกษาธิการ (ต.แก้งสนามนาง)
3899,โรงเรียนบ้านหนองโพธิ์ สพป.นครราชสีมา เขต 5 สำนักงานคณะกรรมการการศึกษาขั้นพื้นฐาน (สพฐ.) กระทรวงศึกษาธิการ,โรงเรียนบ้านหนองโพธิ์ สพป.นครราชสีมา เขต 5 สำนักงานคณะกรรมการการศึกษาขั้นพื้นฐาน (สพฐ.) กระทรวงศึกษาธิการ (ต.ชีวึก),ต่อท้ายชื่อแก้ชื่อซ้ำ (Name Suffix),เติม  (ต.ชีวึก) ต่อท้ายชื่อเพื่อป้องกันชื่อซ้ำในระดับเดียวกัน,โรงเรียนบ้านหนองโพธิ์ สพป.นครราชสีมา เขต 5 สำนักงานคณะกรรมการการศึกษาขั้นพื้นฐาน (สพฐ.) กระทรวงศึกษาธิการ,โรงเรียนบ้านหนองโพธิ์ สพป.นครราชสีมา เขต 5 สำนักงานคณะกรรมการการศึกษาขั้นพื้นฐาน (สพฐ.) กระทรวงศึกษาธิการ (ต.ชีวึก)
3910,โรงเรียนบ้านหนองปรือ สพป.นครราชสีมา เขต 5 สำนักงานคณะกรรมการการศึกษาขั้นพื้นฐาน (สพฐ.) กระทรวงศึกษาธิการ,โรงเรียนบ้านหนองปรือ สพป.นครราชสีมา เขต 5 สำนักงานคณะกรรมการการศึกษาขั้นพื้นฐาน (สพฐ.) กระทรวงศึกษาธิการ (ต.หนองหัวฟาน),ต่อท้ายชื่อแก้ชื่อซ้ำ (Name Suffix),เติม  (ต.หนองหัวฟาน) ต่อท้ายชื่อเพื่อป้องกันชื่อซ้ำในระดับเดียวกัน,โรงเรียนบ้านหนองปรือ สพป.นครราชสีมา เขต 5 สำนักงานคณะกรรมการการศึกษาขั้นพื้นฐาน (สพฐ.) กระทรวงศึกษาธิการ,โรงเรียนบ้านหนองปรือ สพป.นครราชสีมา เขต 5 สำนักงานคณะกรรมการการศึกษาขั้นพื้นฐาน (สพฐ.) กระทรวงศึกษาธิการ (ต.หนองหัวฟาน)
3918,โรงเรียนบ้านหนองบง สพป.นครราชสีมา เขต 6 สำนักงานคณะกรรมการการศึกษาขั้นพื้นฐาน (สพฐ.) กระทรวงศึกษาธิการ,โรงเรียนบ้านหนองบง สพป.นครราชสีมา เขต 6 สำนักงานคณะกรรมการการศึกษาขั้นพื้นฐาน (สพฐ.) กระทรวงศึกษาธิการ (ต.เมืองคง),ต่อท้ายชื่อแก้ชื่อซ้ำ (Name Suffix),เติม  (ต.เมืองคง) ต่อท้ายชื่อเพื่อป้องกันชื่อซ้ำในระดับเดียวกัน,โรงเรียนบ้านหนองบง สพป.นครราชสีมา เขต 6 สำนักงานคณะกรรมการการศึกษาขั้นพื้นฐาน (สพฐ.) กระทรวงศึกษาธิการ,โรงเรียนบ้านหนองบง สพป.นครราชสีมา เขต 6 สำนักงานคณะกรรมการการศึกษาขั้นพื้นฐาน (สพฐ.) กระทรวงศึกษาธิการ (ต.เมืองคง)
3951,โรงเรียนบ้านโคกเพ็ด สพป.นครราชสีมา เขต 6 สำนักงานคณะกรรมการการศึกษาขั้นพื้นฐาน (สพฐ.) กระทรวงศึกษาธิการ,โรงเรียนบ้านโคกเพ็ด สพป.นครราชสีมา เขต 6 สำนักงานคณะกรรมการการศึกษาขั้นพื้นฐาน (สพฐ.) กระทรวงศึกษาธิการ (ต.เมืองคง),ต่อท้ายชื่อแก้ชื่อซ้ำ (Name Suffix),เติม  (ต.เมืองคง) ต่อท้ายชื่อเพื่อป้องกันชื่อซ้ำในระดับเดียวกัน,โรงเรียนบ้านโคกเพ็ด สพป.นครราชสีมา เขต 6 สำนักงานคณะกรรมการการศึกษาขั้นพื้นฐาน (สพฐ.) กระทรวงศึกษาธิการ,โรงเรียนบ้านโคกเพ็ด สพป.นครราชสีมา เขต 6 สำนักงานคณะกรรมการการศึกษาขั้นพื้นฐาน (สพฐ.) กระทรวงศึกษาธิการ (ต.เมืองคง)
4045,โรงเรียนบ้านหนองไผ่ สพป.นครราชสีมา เขต 2 สำนักงานคณะกรรมการการศึกษาขั้นพื้นฐาน (สพฐ.) กระทรวงศึกษาธิการ,โรงเรียนบ้านหนองไผ่ สพป.นครราชสีมา เขต 2 สำนักงานคณะกรรมการการศึกษาขั้นพื้นฐาน (สพฐ.) กระทรวงศึกษาธิการ (ต.สีสุก),ต่อท้ายชื่อแก้ชื่อซ้ำ (Name Suffix),เติม  (ต.สีสุก) ต่อท้ายชื่อเพื่อป้องกันชื่อซ้ำในระดับเดียวกัน,โรงเรียนบ้านหนองไผ่ สพป.นครราชสีมา เขต 2 สำนักงานคณะกรรมการการศึกษาขั้นพื้นฐาน (สพฐ.) กระทรวงศึกษาธิการ,โรงเรียนบ้านหนองไผ่ สพป.นครราชสีมา เขต 2 สำนักงานคณะกรรมการการศึกษาขั้นพื้นฐาน (สพฐ.) กระทรวงศึกษาธิการ (ต.สีสุก)
4181,โรงเรียนวัดสระจรเข้ สพป.นครราชสีมา เขต 5 สำนักงานคณะกรรมการการศึกษาขั้นพื้นฐาน (สพฐ.) กระทรวงศึกษาธิการ,โรงเรียนวัดสระจรเข้ สพป.นครราชสีมา เขต 5 สำนักงานคณะกรรมการการศึกษาขั้นพื้นฐาน (สพฐ.) กระทรวงศึกษาธิการ (ต.สระจรเข้),ต่อท้ายชื่อแก้ชื่อซ้ำ (Name Suffix),เติม  (ต.สระจรเข้) ต่อท้ายชื่อเพื่อป้องกันชื่อซ้ำในระดับเดียวกัน,โรงเรียนวัดสระจรเข้ สพป.นครราชสีมา เขต 5 สำนักงานคณะกรรมการการศึกษาขั้นพื้นฐาน (สพฐ.) กระทรวงศึกษาธิการ,โรงเรียนวัดสระจรเข้ สพป.นครราชสีมา เขต 5 สำนักงานคณะกรรมการการศึกษาขั้นพื้นฐาน (สพฐ.) กระทรวงศึกษาธิการ (ต.สระจรเข้)
4207,โรงเรียนบ้านหนองปรือ สพป.นครราชสีมา เขต 5 สำนักงานคณะกรรมการการศึกษาขั้นพื้นฐาน (สพฐ.) กระทรวงศึกษาธิการ,โรงเรียนบ้านหนองปรือ สพป.นครราชสีมา เขต 5 สำนักงานคณะกรรมการการศึกษาขั้นพื้นฐาน (สพฐ.) กระทรวงศึกษาธิการ (ต.บ้านแปรง),ต่อท้ายชื่อแก้ชื่อซ้ำ (Name Suffix),เติม  (ต.บ้านแปรง) ต่อท้ายชื่อเพื่อป้องกันชื่อซ้ำในระดับเดียวกัน,โรงเรียนบ้านหนองปรือ สพป.นครราชสีมา เขต 5 สำนักงานคณะกรรมการการศึกษาขั้นพื้นฐาน (สพฐ.) กระทรวงศึกษาธิการ,โรงเรียนบ้านหนองปรือ สพป.นครราชสีมา เขต 5 สำนักงานคณะกรรมการการศึกษาขั้นพื้นฐาน (สพฐ.) กระทรวงศึกษาธิการ (ต.บ้านแปรง)
4265,โรงเรียนวัดสระจรเข้ สพป.นครราชสีมา เขต 5 สำนักงานคณะกรรมการการศึกษาขั้นพื้นฐาน (สพฐ.) กระทรวงศึกษาธิการ,โรงเรียนวัดสระจรเข้ สพป.นครราชสีมา เขต 5 สำนักงานคณะกรรมการการศึกษาขั้นพื้นฐาน (สพฐ.) กระทรวงศึกษาธิการ (ต.โนนไทย),ต่อท้ายชื่อแก้ชื่อซ้ำ (Name Suffix),เติม  (ต.โนนไทย) ต่อท้ายชื่อเพื่อป้องกันชื่อซ้ำในระดับเดียวกัน,โรงเรียนวัดสระจรเข้ สพป.นครราชสีมา เขต 5 สำนักงานคณะกรรมการการศึกษาขั้นพื้นฐาน (สพฐ.) กระทรวงศึกษาธิการ,โรงเรียนวัดสระจรเข้ สพป.นครราชสีมา เขต 5 สำนักงานคณะกรรมการการศึกษาขั้นพื้นฐาน (สพฐ.) กระทรวงศึกษาธิการ (ต.โนนไทย)
4380,โรงเรียนบ้านโคกเพ็ด สพป.นครราชสีมา เขต 6 สำนักงานคณะกรรมการการศึกษาขั้นพื้นฐาน (สพฐ.) กระทรวงศึกษาธิการ,โรงเรียนบ้านโคกเพ็ด สพป.นครราชสีมา เขต 6 สำนักงานคณะกรรมการการศึกษาขั้นพื้นฐาน (สพฐ.) กระทรวงศึกษาธิการ (ต.กุดจอก),ต่อท้ายชื่อแก้ชื่อซ้ำ (Name Suffix),เติม  (ต.กุดจอก) ต่อท้ายชื่อเพื่อป้องกันชื่อซ้ำในระดับเดียวกัน,โรงเรียนบ้านโคกเพ็ด สพป.นครราชสีมา เขต 6 สำนักงานคณะกรรมการการศึกษาขั้นพื้นฐาน (สพฐ.) กระทรวงศึกษาธิการ,โรงเรียนบ้านโคกเพ็ด สพป.นครราชสีมา เขต 6 สำนักงานคณะกรรมการการศึกษาขั้นพื้นฐาน (สพฐ.) กระทรวงศึกษาธิการ (ต.กุดจอก)
4429,โรงเรียนบ้านหนองแวง สพป.นครราชสีมา เขต 7 สำนักงานคณะกรรมการการศึกษาขั้นพื้นฐาน (สพฐ.) กระทรวงศึกษาธิการ,โรงเรียนบ้านหนองแวง สพป.นครราชสีมา เขต 7 สำนักงานคณะกรรมการการศึกษาขั้นพื้นฐาน (สพฐ.) กระทรวงศึกษาธิการ (ต.กระทุ่มราย),ต่อท้ายชื่อแก้ชื่อซ้ำ (Name Suffix),เติม  (ต.กระทุ่มราย) ต่อท้ายชื่อเพื่อป้องกันชื่อซ้ำในระดับเดียวกัน,โรงเรียนบ้านหนองแวง สพป.นครราชสีมา เขต 7 สำนักงานคณะกรรมการการศึกษาขั้นพื้นฐาน (สพฐ.) กระทรวงศึกษาธิการ,โรงเรียนบ้านหนองแวง สพป.นครราชสีมา เขต 7 สำนักงานคณะกรรมการการศึกษาขั้นพื้นฐาน (สพฐ.) กระทรวงศึกษาธิการ (ต.กระทุ่มราย)
4557,โรงเรียนบ้านซับใต้ สพป.นครราชสีมา เขต 4 สำนักงานคณะกรรมการการศึกษาขั้นพื้นฐาน (สพฐ.) กระทรวงศึกษาธิการ,โรงเรียนบ้านซับใต้ สพป.นครราชสีมา เขต 4 สำนักงานคณะกรรมการการศึกษาขั้นพื้นฐาน (สพฐ.) กระทรวงศึกษาธิการ (ต.พญาเย็น),ต่อท้ายชื่อแก้ชื่อซ้ำ (Name Suffix),เติม  (ต.พญาเย็น) ต่อท้ายชื่อเพื่อป้องกันชื่อซ้ำในระดับเดียวกัน,โรงเรียนบ้านซับใต้ สพป.นครราชสีมา เขต 4 สำนักงานคณะกรรมการการศึกษาขั้นพื้นฐาน (สพฐ.) กระทรวงศึกษาธิการ,โรงเรียนบ้านซับใต้ สพป.นครราชสีมา เขต 4 สำนักงานคณะกรรมการการศึกษาขั้นพื้นฐาน (สพฐ.) กระทรวงศึกษาธิการ (ต.พญาเย็น)
4764,โรงเรียนบ้านซับใต้ สพป.นครราชสีมา เขต 4 สำนักงานคณะกรรมการการศึกษาขั้นพื้นฐาน (สพฐ.) กระทรวงศึกษาธิการ,โรงเรียนบ้านซับใต้ สพป.นครราชสีมา เขต 4 สำนักงานคณะกรรมการการศึกษาขั้นพื้นฐาน (สพฐ.) กระทรวงศึกษาธิการ (ต.กฤษณา),ต่อท้ายชื่อแก้ชื่อซ้ำ (Name Suffix),เติม  (ต.กฤษณา) ต่อท้ายชื่อเพื่อป้องกันชื่อซ้ำในระดับเดียวกัน,โรงเรียนบ้านซับใต้ สพป.นครราชสีมา เขต 4 สำนักงานคณะกรรมการการศึกษาขั้นพื้นฐาน (สพฐ.) กระทรวงศึกษาธิการ,โรงเรียนบ้านซับใต้ สพป.นครราชสีมา เขต 4 สำนักงานคณะกรรมการการศึกษาขั้นพื้นฐาน (สพฐ.) กระทรวงศึกษาธิการ (ต.กฤษณา)
4793,โรงเรียนบ้านหนองไม้ตาย สพป.นครราชสีมา เขต 4 สำนักงานคณะกรรมการการศึกษาขั้นพื้นฐาน (สพฐ.) กระทรวงศึกษาธิการ,โรงเรียนบ้านหนองไม้ตาย สพป.นครราชสีมา เขต 4 สำนักงานคณะกรรมการการศึกษาขั้นพื้นฐาน (สพฐ.) กระทรวงศึกษาธิการ (ต.หนองบัวน้อย),ต่อท้ายชื่อแก้ชื่อซ้ำ (Name Suffix),เติม  (ต.หนองบัวน้อย) ต่อท้ายชื่อเพื่อป้องกันชื่อซ้ำในระดับเดียวกัน,โรงเรียนบ้านหนองไม้ตาย สพป.นครราชสีมา เขต 4 สำนักงานคณะกรรมการการศึกษาขั้นพื้นฐาน (สพฐ.) กระทรวงศึกษาธิการ,โรงเรียนบ้านหนองไม้ตาย สพป.นครราชสีมา เขต 4 สำนักงานคณะกรรมการการศึกษาขั้นพื้นฐาน (สพฐ.) กระทรวงศึกษาธิการ (ต.หนองบัวน้อย)
4867,โรงเรียนบ้านหนองไม้ตาย สพป.นครราชสีมา เขต 4 สำนักงานคณะกรรมการการศึกษาขั้นพื้นฐาน (สพฐ.) กระทรวงศึกษาธิการ,โรงเรียนบ้านหนองไม้ตาย สพป.นครราชสีมา เขต 4 สำนักงานคณะกรรมการการศึกษาขั้นพื้นฐาน (สพฐ.) กระทรวงศึกษาธิการ (ต.มะเกลือเก่า),ต่อท้ายชื่อแก้ชื่อซ้ำ (Name Suffix),เติม  (ต.มะเกลือเก่า) ต่อท้ายชื่อเพื่อป้องกันชื่อซ้ำในระดับเดียวกัน,โรงเรียนบ้านหนองไม้ตาย สพป.นครราชสีมา เขต 4 สำนักงานคณะกรรมการการศึกษาขั้นพื้นฐาน (สพฐ.) กระทรวงศึกษาธิการ,โรงเรียนบ้านหนองไม้ตาย สพป.นครราชสีมา เขต 4 สำนักงานคณะกรรมการการศึกษาขั้นพื้นฐาน (สพฐ.) กระทรวงศึกษาธิการ (ต.มะเกลือเก่า)
4912,โรงเรียนบ้านสระมะค่า สพป.นครราชสีมา เขต 2 สำนักงานคณะกรรมการการศึกษาขั้นพื้นฐาน (สพฐ.) กระทรวงศึกษาธิการ,โรงเรียนบ้านสระมะค่า สพป.นครราชสีมา เขต 2 สำนักงานคณะกรรมการการศึกษาขั้นพื้นฐาน (สพฐ.) กระทรวงศึกษาธิการ (ต.หนองไม้ไผ่),ต่อท้ายชื่อแก้ชื่อซ้ำ (Name Suffix),เติม  (ต.หนองไม้ไผ่) ต่อท้ายชื่อเพื่อป้องกันชื่อซ้ำในระดับเดียวกัน,โรงเรียนบ้านสระมะค่า สพป.นครราชสีมา เขต 2 สำนักงานคณะกรรมการการศึกษาขั้นพื้นฐาน (สพฐ.) กระทรวงศึกษาธิการ,โรงเรียนบ้านสระมะค่า สพป.นครราชสีมา เขต 2 สำนักงานคณะกรรมการการศึกษาขั้นพื้นฐาน (สพฐ.) กระทรวงศึกษาธิการ (ต.หนองไม้ไผ่)
4963,โรงเรียนบ้านหนองไผ่ สพป.นครราชสีมา เขต 2 สำนักงานคณะกรรมการการศึกษาขั้นพื้นฐาน (สพฐ.) กระทรวงศึกษาธิการ,โรงเรียนบ้านหนองไผ่ สพป.นครราชสีมา เขต 2 สำนักงานคณะกรรมการการศึกษาขั้นพื้นฐาน (สพฐ.) กระทรวงศึกษาธิการ (ต.ตะโก),ต่อท้ายชื่อแก้ชื่อซ้ำ (Name Suffix),เติม  (ต.ตะโก) ต่อท้ายชื่อเพื่อป้องกันชื่อซ้ำในระดับเดียวกัน,โรงเรียนบ้านหนองไผ่ สพป.นครราชสีมา เขต 2 สำนักงานคณะกรรมการการศึกษาขั้นพื้นฐาน (สพฐ.) กระทรวงศึกษาธิการ,โรงเรียนบ้านหนองไผ่ สพป.นครราชสีมา เขต 2 สำนักงานคณะกรรมการการศึกษาขั้นพื้นฐาน (สพฐ.) กระทรวงศึกษาธิการ (ต.ตะโก)
4968,โรงเรียนบ้านสระมะค่า สพป.นครราชสีมา เขต 2 สำนักงานคณะกรรมการการศึกษาขั้นพื้นฐาน (สพฐ.) กระทรวงศึกษาธิการ,โรงเรียนบ้านสระมะค่า สพป.นครราชสีมา เขต 2 สำนักงานคณะกรรมการการศึกษาขั้นพื้นฐาน (สพฐ.) กระทรวงศึกษาธิการ (ต.หินดาด),ต่อท้ายชื่อแก้ชื่อซ้ำ (Name Suffix),เติม  (ต.หินดาด) ต่อท้ายชื่อเพื่อป้องกันชื่อซ้ำในระดับเดียวกัน,โรงเรียนบ้านสระมะค่า สพป.นครราชสีมา เขต 2 สำนักงานคณะกรรมการการศึกษาขั้นพื้นฐาน (สพฐ.) กระทรวงศึกษาธิการ,โรงเรียนบ้านสระมะค่า สพป.นครราชสีมา เขต 2 สำนักงานคณะกรรมการการศึกษาขั้นพื้นฐาน (สพฐ.) กระทรวงศึกษาธิการ (ต.หินดาด)
5029,โรงเรียนบ้านหนองโพธิ์ สพป.นครราชสีมา เขต 5 สำนักงานคณะกรรมการการศึกษาขั้นพื้นฐาน (สพฐ.) กระทรวงศึกษาธิการ,โรงเรียนบ้านหนองโพธิ์ สพป.นครราชสีมา เขต 5 สำนักงานคณะกรรมการการศึกษาขั้นพื้นฐาน (สพฐ.) กระทรวงศึกษาธิการ (ต.สำนักตะคร้อ),ต่อท้ายชื่อแก้ชื่อซ้ำ (Name Suffix),เติม  (ต.สำนักตะคร้อ) ต่อท้ายชื่อเพื่อป้องกันชื่อซ้ำในระดับเดียวกัน,โรงเรียนบ้านหนองโพธิ์ สพป.นครราชสีมา เขต 5 สำนักงานคณะกรรมการการศึกษาขั้นพื้นฐาน (สพฐ.) กระทรวงศึกษาธิการ,โรงเรียนบ้านหนองโพธิ์ สพป.นครราชสีมา เขต 5 สำนักงานคณะกรรมการการศึกษาขั้นพื้นฐาน (สพฐ.) กระทรวงศึกษาธิการ (ต.สำนักตะคร้อ)
5065,โรงเรียนบ้านหนองแวง สพป.นครราชสีมา เขต 7 สำนักงานคณะกรรมการการศึกษาขั้นพื้นฐาน (สพฐ.) กระทรวงศึกษาธิการ,โรงเรียนบ้านหนองแวง สพป.นครราชสีมา เขต 7 สำนักงานคณะกรรมการการศึกษาขั้นพื้นฐาน (สพฐ.) กระทรวงศึกษาธิการ (ต.ไพล),ต่อท้ายชื่อแก้ชื่อซ้ำ (Name Suffix),เติม  (ต.ไพล) ต่อท้ายชื่อเพื่อป้องกันชื่อซ้ำในระดับเดียวกัน,โรงเรียนบ้านหนองแวง สพป.นครราชสีมา เขต 7 สำนักงานคณะกรรมการการศึกษาขั้นพื้นฐาน (สพฐ.) กระทรวงศึกษาธิการ,โรงเรียนบ้านหนองแวง สพป.นครราชสีมา เขต 7 สำนักงานคณะกรรมการการศึกษาขั้นพื้นฐาน (สพฐ.) กระทรวงศึกษาธิการ (ต.ไพล)
5129,โรงเรียนบ้านโพนทอง(สุวรรณราษฎร์รังสฤษฎ์) สพป.นครราชสีมา เขต 6 สำนักงานคณะกรรมการการศึกษาขั้นพื้นฐาน (สพฐ.) กระทรวงศึกษาธิการ,โรงเรียนบ้านโพนทอง(สุวรรณราษฎร์รังสฤษฎ์) สพป.นครราชสีมา เขต 6 สำนักงานคณะกรรมการการศึกษาขั้นพื้นฐาน (สพฐ.) กระทรวงศึกษาธิการ,ใช้พิกัดจุดศูนย์กลางตำบล (Subdistrict Center Fallback),เนื่องจากพิกัดเดิมว่างหรือผิดรูปแบบ จึงดึงพิกัดกึ่งกลางตำบลจาก DB มาใช้แทน,"89.999979,92.110226","Lat: 15.52985896, Long: 102.5555381 (ต.โพนทอง อ.สีดา)"
5298,โรงเรียนบ้านเสม็ด สพป.บุรีรัมย์ เขต 2 สำนักงานคณะกรรมการการศึกษาขั้นพื้นฐาน (สพฐ.) กระทรวงศึกษาธิการ,โรงเรียนบ้านเสม็ด สพป.บุรีรัมย์ เขต 2 สำนักงานคณะกรรมการการศึกษาขั้นพื้นฐาน (สพฐ.) กระทรวงศึกษาธิการ (ต.สองชั้น),ต่อท้ายชื่อแก้ชื่อซ้ำ (Name Suffix),เติม  (ต.สองชั้น) ต่อท้ายชื่อเพื่อป้องกันชื่อซ้ำในระดับเดียวกัน,โรงเรียนบ้านเสม็ด สพป.บุรีรัมย์ เขต 2 สำนักงานคณะกรรมการการศึกษาขั้นพื้นฐาน (สพฐ.) กระทรวงศึกษาธิการ,โรงเรียนบ้านเสม็ด สพป.บุรีรัมย์ เขต 2 สำนักงานคณะกรรมการการศึกษาขั้นพื้นฐาน (สพฐ.) กระทรวงศึกษาธิการ (ต.สองชั้น)
5317,โรงเรียนบ้านโคกยาง สพป.บุรีรัมย์ เขต 2 สำนักงานคณะกรรมการการศึกษาขั้นพื้นฐาน (สพฐ.) กระทรวงศึกษาธิการ,โรงเรียนบ้านโคกยาง สพป.บุรีรัมย์ เขต 2 สำนักงานคณะกรรมการการศึกษาขั้นพื้นฐาน (สพฐ.) กระทรวงศึกษาธิการ (ต.กันทรารมย์),ต่อท้ายชื่อแก้ชื่อซ้ำ (Name Suffix),เติม  (ต.กันทรารมย์) ต่อท้ายชื่อเพื่อป้องกันชื่อซ้ำในระดับเดียวกัน,โรงเรียนบ้านโคกยาง สพป.บุรีรัมย์ เขต 2 สำนักงานคณะกรรมการการศึกษาขั้นพื้นฐาน (สพฐ.) กระทรวงศึกษาธิการ,โรงเรียนบ้านโคกยาง สพป.บุรีรัมย์ เขต 2 สำนักงานคณะกรรมการการศึกษาขั้นพื้นฐาน (สพฐ.) กระทรวงศึกษาธิการ (ต.กันทรารมย์)
5322,โรงเรียนบ้านยาง สพป.บุรีรัมย์ เขต 2 สำนักงานคณะกรรมการการศึกษาขั้นพื้นฐาน (สพฐ.) กระทรวงศึกษาธิการ,โรงเรียนบ้านยาง สพป.บุรีรัมย์ เขต 2 สำนักงานคณะกรรมการการศึกษาขั้นพื้นฐาน (สพฐ.) กระทรวงศึกษาธิการ (ต.ลำดวน),ต่อท้ายชื่อแก้ชื่อซ้ำ (Name Suffix),เติม  (ต.ลำดวน) ต่อท้ายชื่อเพื่อป้องกันชื่อซ้ำในระดับเดียวกัน,โรงเรียนบ้านยาง สพป.บุรีรัมย์ เขต 2 สำนักงานคณะกรรมการการศึกษาขั้นพื้นฐาน (สพฐ.) กระทรวงศึกษาธิการ,โรงเรียนบ้านยาง สพป.บุรีรัมย์ เขต 2 สำนักงานคณะกรรมการการศึกษาขั้นพื้นฐาน (สพฐ.) กระทรวงศึกษาธิการ (ต.ลำดวน)
5326,โรงเรียนบ้านประดู่ สพป.บุรีรัมย์ เขต 2 สำนักงานคณะกรรมการการศึกษาขั้นพื้นฐาน (สพฐ.) กระทรวงศึกษาธิการ,โรงเรียนบ้านประดู่ สพป.บุรีรัมย์ เขต 2 สำนักงานคณะกรรมการการศึกษาขั้นพื้นฐาน (สพฐ.) กระทรวงศึกษาธิการ (ต.ห้วยสำราญ),ต่อท้ายชื่อแก้ชื่อซ้ำ (Name Suffix),เติม  (ต.ห้วยสำราญ) ต่อท้ายชื่อเพื่อป้องกันชื่อซ้ำในระดับเดียวกัน,โรงเรียนบ้านประดู่ สพป.บุรีรัมย์ เขต 2 สำนักงานคณะกรรมการการศึกษาขั้นพื้นฐาน (สพฐ.) กระทรวงศึกษาธิการ,โรงเรียนบ้านประดู่ สพป.บุรีรัมย์ เขต 2 สำนักงานคณะกรรมการการศึกษาขั้นพื้นฐาน (สพฐ.) กระทรวงศึกษาธิการ (ต.ห้วยสำราญ)
5360,โรงเรียนบ้านหนองดุม สพป.บุรีรัมย์ เขต 4 สำนักงานคณะกรรมการการศึกษาขั้นพื้นฐาน (สพฐ.) กระทรวงศึกษาธิการ,โรงเรียนบ้านหนองดุม สพป.บุรีรัมย์ เขต 4 สำนักงานคณะกรรมการการศึกษาขั้นพื้นฐาน (สพฐ.) กระทรวงศึกษาธิการ (ต.ตูมใหญ่),ต่อท้ายชื่อแก้ชื่อซ้ำ (Name Suffix),เติม  (ต.ตูมใหญ่) ต่อท้ายชื่อเพื่อป้องกันชื่อซ้ำในระดับเดียวกัน,โรงเรียนบ้านหนองดุม สพป.บุรีรัมย์ เขต 4 สำนักงานคณะกรรมการการศึกษาขั้นพื้นฐาน (สพฐ.) กระทรวงศึกษาธิการ,โรงเรียนบ้านหนองดุม สพป.บุรีรัมย์ เขต 4 สำนักงานคณะกรรมการการศึกษาขั้นพื้นฐาน (สพฐ.) กระทรวงศึกษาธิการ (ต.ตูมใหญ่)
5377,โรงเรียนบ้านโนนกลาง สพป.บุรีรัมย์ เขต 4 สำนักงานคณะกรรมการการศึกษาขั้นพื้นฐาน (สพฐ.) กระทรวงศึกษาธิการ,โรงเรียนบ้านโนนกลาง สพป.บุรีรัมย์ เขต 4 สำนักงานคณะกรรมการการศึกษาขั้นพื้นฐาน (สพฐ.) กระทรวงศึกษาธิการ (ต.บ้านแพ),ต่อท้ายชื่อแก้ชื่อซ้ำ (Name Suffix),เติม  (ต.บ้านแพ) ต่อท้ายชื่อเพื่อป้องกันชื่อซ้ำในระดับเดียวกัน,โรงเรียนบ้านโนนกลาง สพป.บุรีรัมย์ เขต 4 สำนักงานคณะกรรมการการศึกษาขั้นพื้นฐาน (สพฐ.) กระทรวงศึกษาธิการ,โรงเรียนบ้านโนนกลาง สพป.บุรีรัมย์ เขต 4 สำนักงานคณะกรรมการการศึกษาขั้นพื้นฐาน (สพฐ.) กระทรวงศึกษาธิการ (ต.บ้านแพ)
5396,โรงเรียนบ้านสระบัว สพป.บุรีรัมย์ เขต 4 สำนักงานคณะกรรมการการศึกษาขั้นพื้นฐาน (สพฐ.) กระทรวงศึกษาธิการ,โรงเรียนบ้านสระบัว สพป.บุรีรัมย์ เขต 4 สำนักงานคณะกรรมการการศึกษาขั้นพื้นฐาน (สพฐ.) กระทรวงศึกษาธิการ (ต.พรสำราญ),ต่อท้ายชื่อแก้ชื่อซ้ำ (Name Suffix),เติม  (ต.พรสำราญ) ต่อท้ายชื่อเพื่อป้องกันชื่อซ้ำในระดับเดียวกัน,โรงเรียนบ้านสระบัว สพป.บุรีรัมย์ เขต 4 สำนักงานคณะกรรมการการศึกษาขั้นพื้นฐาน (สพฐ.) กระทรวงศึกษาธิการ,โรงเรียนบ้านสระบัว สพป.บุรีรัมย์ เขต 4 สำนักงานคณะกรรมการการศึกษาขั้นพื้นฐาน (สพฐ.) กระทรวงศึกษาธิการ (ต.พรสำราญ)
5400,โรงเรียนบ้านหนองเสม็ด สพป.บุรีรัมย์ เขต 3 สำนักงานคณะกรรมการการศึกษาขั้นพื้นฐาน (สพฐ.) กระทรวงศึกษาธิการ,โรงเรียนบ้านหนองเสม็ด สพป.บุรีรัมย์ เขต 3 สำนักงานคณะกรรมการการศึกษาขั้นพื้นฐาน (สพฐ.) กระทรวงศึกษาธิการ (ต.นางรอง),ต่อท้ายชื่อแก้ชื่อซ้ำ (Name Suffix),เติม  (ต.นางรอง) ต่อท้ายชื่อเพื่อป้องกันชื่อซ้ำในระดับเดียวกัน,โรงเรียนบ้านหนองเสม็ด สพป.บุรีรัมย์ เขต 3 สำนักงานคณะกรรมการการศึกษาขั้นพื้นฐาน (สพฐ.) กระทรวงศึกษาธิการ,โรงเรียนบ้านหนองเสม็ด สพป.บุรีรัมย์ เขต 3 สำนักงานคณะกรรมการการศึกษาขั้นพื้นฐาน (สพฐ.) กระทรวงศึกษาธิการ (ต.นางรอง)
5441,โรงเรียนบ้านหนองโบสถ์ สพป.บุรีรัมย์ เขต 3 สำนักงานคณะกรรมการการศึกษาขั้นพื้นฐาน (สพฐ.) กระทรวงศึกษาธิการ,โรงเรียนบ้านหนองโบสถ์ สพป.บุรีรัมย์ เขต 3 สำนักงานคณะกรรมการการศึกษาขั้นพื้นฐาน (สพฐ.) กระทรวงศึกษาธิการ (ต.หนองโบสถ์),ต่อท้ายชื่อแก้ชื่อซ้ำ (Name Suffix),เติม  (ต.หนองโบสถ์) ต่อท้ายชื่อเพื่อป้องกันชื่อซ้ำในระดับเดียวกัน,โรงเรียนบ้านหนองโบสถ์ สพป.บุรีรัมย์ เขต 3 สำนักงานคณะกรรมการการศึกษาขั้นพื้นฐาน (สพฐ.) กระทรวงศึกษาธิการ,โรงเรียนบ้านหนองโบสถ์ สพป.บุรีรัมย์ เขต 3 สำนักงานคณะกรรมการการศึกษาขั้นพื้นฐาน (สพฐ.) กระทรวงศึกษาธิการ (ต.หนองโบสถ์)
5448,โรงเรียนบ้านหนองยาง สพป.บุรีรัมย์ เขต 3 สำนักงานคณะกรรมการการศึกษาขั้นพื้นฐาน (สพฐ.) กระทรวงศึกษาธิการ,โรงเรียนบ้านหนองยาง สพป.บุรีรัมย์ เขต 3 สำนักงานคณะกรรมการการศึกษาขั้นพื้นฐาน (สพฐ.) กระทรวงศึกษาธิการ (ต.ลำไทรโยง),ต่อท้ายชื่อแก้ชื่อซ้ำ (Name Suffix),เติม  (ต.ลำไทรโยง) ต่อท้ายชื่อเพื่อป้องกันชื่อซ้ำในระดับเดียวกัน,โรงเรียนบ้านหนองยาง สพป.บุรีรัมย์ เขต 3 สำนักงานคณะกรรมการการศึกษาขั้นพื้นฐาน (สพฐ.) กระทรวงศึกษาธิการ,โรงเรียนบ้านหนองยาง สพป.บุรีรัมย์ เขต 3 สำนักงานคณะกรรมการการศึกษาขั้นพื้นฐาน (สพฐ.) กระทรวงศึกษาธิการ (ต.ลำไทรโยง)
5451,โรงเรียนบ้านหนองกราด สพป.บุรีรัมย์ เขต 3 สำนักงานคณะกรรมการการศึกษาขั้นพื้นฐาน (สพฐ.) กระทรวงศึกษาธิการ,โรงเรียนบ้านหนองกราด สพป.บุรีรัมย์ เขต 3 สำนักงานคณะกรรมการการศึกษาขั้นพื้นฐาน (สพฐ.) กระทรวงศึกษาธิการ (ต.หนองไทร),ต่อท้ายชื่อแก้ชื่อซ้ำ (Name Suffix),เติม  (ต.หนองไทร) ต่อท้ายชื่อเพื่อป้องกันชื่อซ้ำในระดับเดียวกัน,โรงเรียนบ้านหนองกราด สพป.บุรีรัมย์ เขต 3 สำนักงานคณะกรรมการการศึกษาขั้นพื้นฐาน (สพฐ.) กระทรวงศึกษาธิการ,โรงเรียนบ้านหนองกราด สพป.บุรีรัมย์ เขต 3 สำนักงานคณะกรรมการการศึกษาขั้นพื้นฐาน (สพฐ.) กระทรวงศึกษาธิการ (ต.หนองไทร)
5455,โรงเรียนบ้านโคกยาง สพป.บุรีรัมย์ เขต 2 สำนักงานคณะกรรมการการศึกษาขั้นพื้นฐาน (สพฐ.) กระทรวงศึกษาธิการ,โรงเรียนบ้านโคกยาง สพป.บุรีรัมย์ เขต 2 สำนักงานคณะกรรมการการศึกษาขั้นพื้นฐาน (สพฐ.) กระทรวงศึกษาธิการ (ต.บ้านกรวด),ต่อท้ายชื่อแก้ชื่อซ้ำ (Name Suffix),เติม  (ต.บ้านกรวด) ต่อท้ายชื่อเพื่อป้องกันชื่อซ้ำในระดับเดียวกัน,โรงเรียนบ้านโคกยาง สพป.บุรีรัมย์ เขต 2 สำนักงานคณะกรรมการการศึกษาขั้นพื้นฐาน (สพฐ.) กระทรวงศึกษาธิการ,โรงเรียนบ้านโคกยาง สพป.บุรีรัมย์ เขต 2 สำนักงานคณะกรรมการการศึกษาขั้นพื้นฐาน (สพฐ.) กระทรวงศึกษาธิการ (ต.บ้านกรวด)
5457,โรงเรียนบ้านยาง สพป.บุรีรัมย์ เขต 2 สำนักงานคณะกรรมการการศึกษาขั้นพื้นฐาน (สพฐ.) กระทรวงศึกษาธิการ,โรงเรียนบ้านยาง สพป.บุรีรัมย์ เขต 2 สำนักงานคณะกรรมการการศึกษาขั้นพื้นฐาน (สพฐ.) กระทรวงศึกษาธิการ (ต.บ้านกรวด),ต่อท้ายชื่อแก้ชื่อซ้ำ (Name Suffix),เติม  (ต.บ้านกรวด) ต่อท้ายชื่อเพื่อป้องกันชื่อซ้ำในระดับเดียวกัน,โรงเรียนบ้านยาง สพป.บุรีรัมย์ เขต 2 สำนักงานคณะกรรมการการศึกษาขั้นพื้นฐาน (สพฐ.) กระทรวงศึกษาธิการ,โรงเรียนบ้านยาง สพป.บุรีรัมย์ เขต 2 สำนักงานคณะกรรมการการศึกษาขั้นพื้นฐาน (สพฐ.) กระทรวงศึกษาธิการ (ต.บ้านกรวด)
5600,โรงเรียนบ้านหนองยาง สพป.บุรีรัมย์ เขต 3 สำนักงานคณะกรรมการการศึกษาขั้นพื้นฐาน (สพฐ.) กระทรวงศึกษาธิการ,โรงเรียนบ้านหนองยาง สพป.บุรีรัมย์ เขต 3 สำนักงานคณะกรรมการการศึกษาขั้นพื้นฐาน (สพฐ.) กระทรวงศึกษาธิการ (ต.ตาจง),ต่อท้ายชื่อแก้ชื่อซ้ำ (Name Suffix),เติม  (ต.ตาจง) ต่อท้ายชื่อเพื่อป้องกันชื่อซ้ำในระดับเดียวกัน,โรงเรียนบ้านหนองยาง สพป.บุรีรัมย์ เขต 3 สำนักงานคณะกรรมการการศึกษาขั้นพื้นฐาน (สพฐ.) กระทรวงศึกษาธิการ,โรงเรียนบ้านหนองยาง สพป.บุรีรัมย์ เขต 3 สำนักงานคณะกรรมการการศึกษาขั้นพื้นฐาน (สพฐ.) กระทรวงศึกษาธิการ (ต.ตาจง)
5604,โรงเรียนบ้านหนองโบสถ์ สพป.บุรีรัมย์ เขต 3 สำนักงานคณะกรรมการการศึกษาขั้นพื้นฐาน (สพฐ.) กระทรวงศึกษาธิการ,โรงเรียนบ้านหนองโบสถ์ สพป.บุรีรัมย์ เขต 3 สำนักงานคณะกรรมการการศึกษาขั้นพื้นฐาน (สพฐ.) กระทรวงศึกษาธิการ (ต.ตาจง),ต่อท้ายชื่อแก้ชื่อซ้ำ (Name Suffix),เติม  (ต.ตาจง) ต่อท้ายชื่อเพื่อป้องกันชื่อซ้ำในระดับเดียวกัน,โรงเรียนบ้านหนองโบสถ์ สพป.บุรีรัมย์ เขต 3 สำนักงานคณะกรรมการการศึกษาขั้นพื้นฐาน (สพฐ.) กระทรวงศึกษาธิการ,โรงเรียนบ้านหนองโบสถ์ สพป.บุรีรัมย์ เขต 3 สำนักงานคณะกรรมการการศึกษาขั้นพื้นฐาน (สพฐ.) กระทรวงศึกษาธิการ (ต.ตาจง)
5617,โรงเรียนบ้านหนองกราด สพป.บุรีรัมย์ เขต 3 สำนักงานคณะกรรมการการศึกษาขั้นพื้นฐาน (สพฐ.) กระทรวงศึกษาธิการ,โรงเรียนบ้านหนองกราด สพป.บุรีรัมย์ เขต 3 สำนักงานคณะกรรมการการศึกษาขั้นพื้นฐาน (สพฐ.) กระทรวงศึกษาธิการ (ต.หนองตะครอง),ต่อท้ายชื่อแก้ชื่อซ้ำ (Name Suffix),เติม  (ต.หนองตะครอง) ต่อท้ายชื่อเพื่อป้องกันชื่อซ้ำในระดับเดียวกัน,โรงเรียนบ้านหนองกราด สพป.บุรีรัมย์ เขต 3 สำนักงานคณะกรรมการการศึกษาขั้นพื้นฐาน (สพฐ.) กระทรวงศึกษาธิการ,โรงเรียนบ้านหนองกราด สพป.บุรีรัมย์ เขต 3 สำนักงานคณะกรรมการการศึกษาขั้นพื้นฐาน (สพฐ.) กระทรวงศึกษาธิการ (ต.หนองตะครอง)
5625,โรงเรียนบ้านหนองหว้า สพป.บุรีรัมย์ เขต 3 สำนักงานคณะกรรมการการศึกษาขั้นพื้นฐาน (สพฐ.) กระทรวงศึกษาธิการ,โรงเรียนบ้านหนองหว้า สพป.บุรีรัมย์ เขต 3 สำนักงานคณะกรรมการการศึกษาขั้นพื้นฐาน (สพฐ.) กระทรวงศึกษาธิการ (ต.หนองแวง),ต่อท้ายชื่อแก้ชื่อซ้ำ (Name Suffix),เติม  (ต.หนองแวง) ต่อท้ายชื่อเพื่อป้องกันชื่อซ้ำในระดับเดียวกัน,โรงเรียนบ้านหนองหว้า สพป.บุรีรัมย์ เขต 3 สำนักงานคณะกรรมการการศึกษาขั้นพื้นฐาน (สพฐ.) กระทรวงศึกษาธิการ,โรงเรียนบ้านหนองหว้า สพป.บุรีรัมย์ เขต 3 สำนักงานคณะกรรมการการศึกษาขั้นพื้นฐาน (สพฐ.) กระทรวงศึกษาธิการ (ต.หนองแวง)
5742,โรงเรียนบ้านหนองดุม สพป.บุรีรัมย์ เขต 4 สำนักงานคณะกรรมการการศึกษาขั้นพื้นฐาน (สพฐ.) กระทรวงศึกษาธิการ,โรงเรียนบ้านหนองดุม สพป.บุรีรัมย์ เขต 4 สำนักงานคณะกรรมการการศึกษาขั้นพื้นฐาน (สพฐ.) กระทรวงศึกษาธิการ (ต.เมืองแก),ต่อท้ายชื่อแก้ชื่อซ้ำ (Name Suffix),เติม  (ต.เมืองแก) ต่อท้ายชื่อเพื่อป้องกันชื่อซ้ำในระดับเดียวกัน,โรงเรียนบ้านหนองดุม สพป.บุรีรัมย์ เขต 4 สำนักงานคณะกรรมการการศึกษาขั้นพื้นฐาน (สพฐ.) กระทรวงศึกษาธิการ,โรงเรียนบ้านหนองดุม สพป.บุรีรัมย์ เขต 4 สำนักงานคณะกรรมการการศึกษาขั้นพื้นฐาน (สพฐ.) กระทรวงศึกษาธิการ (ต.เมืองแก)
5779,โรงเรียนบ้านหนองหว้า สพป.บุรีรัมย์ เขต 3 สำนักงานคณะกรรมการการศึกษาขั้นพื้นฐาน (สพฐ.) กระทรวงศึกษาธิการ,โรงเรียนบ้านหนองหว้า สพป.บุรีรัมย์ เขต 3 สำนักงานคณะกรรมการการศึกษาขั้นพื้นฐาน (สพฐ.) กระทรวงศึกษาธิการ (ต.โคกสูง),ต่อท้ายชื่อแก้ชื่อซ้ำ (Name Suffix),เติม  (ต.โคกสูง) ต่อท้ายชื่อเพื่อป้องกันชื่อซ้ำในระดับเดียวกัน,โรงเรียนบ้านหนองหว้า สพป.บุรีรัมย์ เขต 3 สำนักงานคณะกรรมการการศึกษาขั้นพื้นฐาน (สพฐ.) กระทรวงศึกษาธิการ,โรงเรียนบ้านหนองหว้า สพป.บุรีรัมย์ เขต 3 สำนักงานคณะกรรมการการศึกษาขั้นพื้นฐาน (สพฐ.) กระทรวงศึกษาธิการ (ต.โคกสูง)
5782,โรงเรียนบ้านหนองกราด สพป.บุรีรัมย์ เขต 3 สำนักงานคณะกรรมการการศึกษาขั้นพื้นฐาน (สพฐ.) กระทรวงศึกษาธิการ,โรงเรียนบ้านหนองกราด สพป.บุรีรัมย์ เขต 3 สำนักงานคณะกรรมการการศึกษาขั้นพื้นฐาน (สพฐ.) กระทรวงศึกษาธิการ (ต.ท่าโพธิ์ชัย),ต่อท้ายชื่อแก้ชื่อซ้ำ (Name Suffix),เติม  (ต.ท่าโพธิ์ชัย) ต่อท้ายชื่อเพื่อป้องกันชื่อซ้ำในระดับเดียวกัน,โรงเรียนบ้านหนองกราด สพป.บุรีรัมย์ เขต 3 สำนักงานคณะกรรมการการศึกษาขั้นพื้นฐาน (สพฐ.) กระทรวงศึกษาธิการ,โรงเรียนบ้านหนองกราด สพป.บุรีรัมย์ เขต 3 สำนักงานคณะกรรมการการศึกษาขั้นพื้นฐาน (สพฐ.) กระทรวงศึกษาธิการ (ต.ท่าโพธิ์ชัย)
5793,โรงเรียนบ้านโคกลอย สพป.บุรีรัมย์ เขต 3 สำนักงานคณะกรรมการการศึกษาขั้นพื้นฐาน (สพฐ.) กระทรวงศึกษาธิการ,โรงเรียนบ้านโคกลอย สพป.บุรีรัมย์ เขต 3 สำนักงานคณะกรรมการการศึกษาขั้นพื้นฐาน (สพฐ.) กระทรวงศึกษาธิการ (ต.โคกสว่าง),ต่อท้ายชื่อแก้ชื่อซ้ำ (Name Suffix),เติม  (ต.โคกสว่าง) ต่อท้ายชื่อเพื่อป้องกันชื่อซ้ำในระดับเดียวกัน,โรงเรียนบ้านโคกลอย สพป.บุรีรัมย์ เขต 3 สำนักงานคณะกรรมการการศึกษาขั้นพื้นฐาน (สพฐ.) กระทรวงศึกษาธิการ,โรงเรียนบ้านโคกลอย สพป.บุรีรัมย์ เขต 3 สำนักงานคณะกรรมการการศึกษาขั้นพื้นฐาน (สพฐ.) กระทรวงศึกษาธิการ (ต.โคกสว่าง)
5809,โรงเรียนบ้านโคกลอย สพป.บุรีรัมย์ เขต 3 สำนักงานคณะกรรมการการศึกษาขั้นพื้นฐาน (สพฐ.) กระทรวงศึกษาธิการ,โรงเรียนบ้านโคกลอย สพป.บุรีรัมย์ เขต 3 สำนักงานคณะกรรมการการศึกษาขั้นพื้นฐาน (สพฐ.) กระทรวงศึกษาธิการ (ต.ไทยเจริญ),ต่อท้ายชื่อแก้ชื่อซ้ำ (Name Suffix),เติม  (ต.ไทยเจริญ) ต่อท้ายชื่อเพื่อป้องกันชื่อซ้ำในระดับเดียวกัน,โรงเรียนบ้านโคกลอย สพป.บุรีรัมย์ เขต 3 สำนักงานคณะกรรมการการศึกษาขั้นพื้นฐาน (สพฐ.) กระทรวงศึกษาธิการ,โรงเรียนบ้านโคกลอย สพป.บุรีรัมย์ เขต 3 สำนักงานคณะกรรมการการศึกษาขั้นพื้นฐาน (สพฐ.) กระทรวงศึกษาธิการ (ต.ไทยเจริญ)
5887,โรงเรียนบ้านเสม็ด สพป.บุรีรัมย์ เขต 2 สำนักงานคณะกรรมการการศึกษาขั้นพื้นฐาน (สพฐ.) กระทรวงศึกษาธิการ,โรงเรียนบ้านเสม็ด สพป.บุรีรัมย์ เขต 2 สำนักงานคณะกรรมการการศึกษาขั้นพื้นฐาน (สพฐ.) กระทรวงศึกษาธิการ (ต.สำโรง),ต่อท้ายชื่อแก้ชื่อซ้ำ (Name Suffix),เติม  (ต.สำโรง) ต่อท้ายชื่อเพื่อป้องกันชื่อซ้ำในระดับเดียวกัน,โรงเรียนบ้านเสม็ด สพป.บุรีรัมย์ เขต 2 สำนักงานคณะกรรมการการศึกษาขั้นพื้นฐาน (สพฐ.) กระทรวงศึกษาธิการ,โรงเรียนบ้านเสม็ด สพป.บุรีรัมย์ เขต 2 สำนักงานคณะกรรมการการศึกษาขั้นพื้นฐาน (สพฐ.) กระทรวงศึกษาธิการ (ต.สำโรง)
5888,โรงเรียนบ้านประดู่ สพป.บุรีรัมย์ เขต 2 สำนักงานคณะกรรมการการศึกษาขั้นพื้นฐาน (สพฐ.) กระทรวงศึกษาธิการ,โรงเรียนบ้านประดู่ สพป.บุรีรัมย์ เขต 2 สำนักงานคณะกรรมการการศึกษาขั้นพื้นฐาน (สพฐ.) กระทรวงศึกษาธิการ (ต.สำโรง),ต่อท้ายชื่อแก้ชื่อซ้ำ (Name Suffix),เติม  (ต.สำโรง) ต่อท้ายชื่อเพื่อป้องกันชื่อซ้ำในระดับเดียวกัน,โรงเรียนบ้านประดู่ สพป.บุรีรัมย์ เขต 2 สำนักงานคณะกรรมการการศึกษาขั้นพื้นฐาน (สพฐ.) กระทรวงศึกษาธิการ,โรงเรียนบ้านประดู่ สพป.บุรีรัมย์ เขต 2 สำนักงานคณะกรรมการการศึกษาขั้นพื้นฐาน (สพฐ.) กระทรวงศึกษาธิการ (ต.สำโรง)
5960,โรงเรียนบ้านหนองเสม็ด สพป.บุรีรัมย์ เขต 3 สำนักงานคณะกรรมการการศึกษาขั้นพื้นฐาน (สพฐ.) กระทรวงศึกษาธิการ,โรงเรียนบ้านหนองเสม็ด สพป.บุรีรัมย์ เขต 3 สำนักงานคณะกรรมการการศึกษาขั้นพื้นฐาน (สพฐ.) กระทรวงศึกษาธิการ (ต.ลำนางรอง),ต่อท้ายชื่อแก้ชื่อซ้ำ (Name Suffix),เติม  (ต.ลำนางรอง) ต่อท้ายชื่อเพื่อป้องกันชื่อซ้ำในระดับเดียวกัน,โรงเรียนบ้านหนองเสม็ด สพป.บุรีรัมย์ เขต 3 สำนักงานคณะกรรมการการศึกษาขั้นพื้นฐาน (สพฐ.) กระทรวงศึกษาธิการ,โรงเรียนบ้านหนองเสม็ด สพป.บุรีรัมย์ เขต 3 สำนักงานคณะกรรมการการศึกษาขั้นพื้นฐาน (สพฐ.) กระทรวงศึกษาธิการ (ต.ลำนางรอง)
6003,โรงเรียนบ้านสระบัว สพป.บุรีรัมย์ เขต 4 สำนักงานคณะกรรมการการศึกษาขั้นพื้นฐาน (สพฐ.) กระทรวงศึกษาธิการ,โรงเรียนบ้านสระบัว สพป.บุรีรัมย์ เขต 4 สำนักงานคณะกรรมการการศึกษาขั้นพื้นฐาน (สพฐ.) กระทรวงศึกษาธิการ (ต.สระบัว),ต่อท้ายชื่อแก้ชื่อซ้ำ (Name Suffix),เติม  (ต.สระบัว) ต่อท้ายชื่อเพื่อป้องกันชื่อซ้ำในระดับเดียวกัน,โรงเรียนบ้านสระบัว สพป.บุรีรัมย์ เขต 4 สำนักงานคณะกรรมการการศึกษาขั้นพื้นฐาน (สพฐ.) กระทรวงศึกษาธิการ,โรงเรียนบ้านสระบัว สพป.บุรีรัมย์ เขต 4 สำนักงานคณะกรรมการการศึกษาขั้นพื้นฐาน (สพฐ.) กระทรวงศึกษาธิการ (ต.สระบัว)
6008,โรงเรียนบ้านโนนกลาง สพป.บุรีรัมย์ เขต 4 สำนักงานคณะกรรมการการศึกษาขั้นพื้นฐาน (สพฐ.) กระทรวงศึกษาธิการ,โรงเรียนบ้านโนนกลาง สพป.บุรีรัมย์ เขต 4 สำนักงานคณะกรรมการการศึกษาขั้นพื้นฐาน (สพฐ.) กระทรวงศึกษาธิการ (ต.แคนดง),ต่อท้ายชื่อแก้ชื่อซ้ำ (Name Suffix),เติม  (ต.แคนดง) ต่อท้ายชื่อเพื่อป้องกันชื่อซ้ำในระดับเดียวกัน,โรงเรียนบ้านโนนกลาง สพป.บุรีรัมย์ เขต 4 สำนักงานคณะกรรมการการศึกษาขั้นพื้นฐาน (สพฐ.) กระทรวงศึกษาธิการ,โรงเรียนบ้านโนนกลาง สพป.บุรีรัมย์ เขต 4 สำนักงานคณะกรรมการการศึกษาขั้นพื้นฐาน (สพฐ.) กระทรวงศึกษาธิการ (ต.แคนดง)
6132,โรงเรียนบ้านขยอง สพป.สุรินทร์ เขต 1 สำนักงานคณะกรรมการการศึกษาขั้นพื้นฐาน (สพฐ.) กระทรวงศึกษาธิการ,โรงเรียนบ้านขยอง สพป.สุรินทร์ เขต 1 สำนักงานคณะกรรมการการศึกษาขั้นพื้นฐาน (สพฐ.) กระทรวงศึกษาธิการ,ใช้พิกัดจุดศูนย์กลางตำบล (Subdistrict Center Fallback),เนื่องจากพิกัดเดิมว่างหรือผิดรูปแบบ จึงดึงพิกัดกึ่งกลางตำบลจาก DB มาใช้แทน,"89.723102,-7.03125","Lat: 14.74586326, Long: 103.5886667 (ต.ตาอ็อง อ.เมืองสุรินทร์)"
6272,โรงเรียนบ้านสำโรง สพป.สุรินทร์ เขต 2 สำนักงานคณะกรรมการการศึกษาขั้นพื้นฐาน (สพฐ.) กระทรวงศึกษาธิการ,โรงเรียนบ้านสำโรง สพป.สุรินทร์ เขต 2 สำนักงานคณะกรรมการการศึกษาขั้นพื้นฐาน (สพฐ.) กระทรวงศึกษาธิการ (ต.ศรีณรงค์),ต่อท้ายชื่อแก้ชื่อซ้ำ (Name Suffix),เติม  (ต.ศรีณรงค์) ต่อท้ายชื่อเพื่อป้องกันชื่อซ้ำในระดับเดียวกัน,โรงเรียนบ้านสำโรง สพป.สุรินทร์ เขต 2 สำนักงานคณะกรรมการการศึกษาขั้นพื้นฐาน (สพฐ.) กระทรวงศึกษาธิการ,โรงเรียนบ้านสำโรง สพป.สุรินทร์ เขต 2 สำนักงานคณะกรรมการการศึกษาขั้นพื้นฐาน (สพฐ.) กระทรวงศึกษาธิการ (ต.ศรีณรงค์)
6302,โรงเรียนบ้านสำโรง สพป.สุรินทร์ เขต 2 สำนักงานคณะกรรมการการศึกษาขั้นพื้นฐาน (สพฐ.) กระทรวงศึกษาธิการ,โรงเรียนบ้านสำโรง สพป.สุรินทร์ เขต 2 สำนักงานคณะกรรมการการศึกษาขั้นพื้นฐาน (สพฐ.) กระทรวงศึกษาธิการ (ต.โพนครก),ต่อท้ายชื่อแก้ชื่อซ้ำ (Name Suffix),เติม  (ต.โพนครก) ต่อท้ายชื่อเพื่อป้องกันชื่อซ้ำในระดับเดียวกัน,โรงเรียนบ้านสำโรง สพป.สุรินทร์ เขต 2 สำนักงานคณะกรรมการการศึกษาขั้นพื้นฐาน (สพฐ.) กระทรวงศึกษาธิการ,โรงเรียนบ้านสำโรง สพป.สุรินทร์ เขต 2 สำนักงานคณะกรรมการการศึกษาขั้นพื้นฐาน (สพฐ.) กระทรวงศึกษาธิการ (ต.โพนครก)
6320,โรงเรียนบ้านหนองแวง สพป.สุรินทร์ เขต 2 สำนักงานคณะกรรมการการศึกษาขั้นพื้นฐาน (สพฐ.) กระทรวงศึกษาธิการ,โรงเรียนบ้านหนองแวง สพป.สุรินทร์ เขต 2 สำนักงานคณะกรรมการการศึกษาขั้นพื้นฐาน (สพฐ.) กระทรวงศึกษาธิการ (ต.เมืองแก),ต่อท้ายชื่อแก้ชื่อซ้ำ (Name Suffix),เติม  (ต.เมืองแก) ต่อท้ายชื่อเพื่อป้องกันชื่อซ้ำในระดับเดียวกัน,โรงเรียนบ้านหนองแวง สพป.สุรินทร์ เขต 2 สำนักงานคณะกรรมการการศึกษาขั้นพื้นฐาน (สพฐ.) กระทรวงศึกษาธิการ,โรงเรียนบ้านหนองแวง สพป.สุรินทร์ เขต 2 สำนักงานคณะกรรมการการศึกษาขั้นพื้นฐาน (สพฐ.) กระทรวงศึกษาธิการ (ต.เมืองแก)
6356,โรงเรียนบ้านโชค สพป.สุรินทร์ เขต 3 สำนักงานคณะกรรมการการศึกษาขั้นพื้นฐาน (สพฐ.) กระทรวงศึกษาธิการ,โรงเรียนบ้านโชค สพป.สุรินทร์ เขต 3 สำนักงานคณะกรรมการการศึกษาขั้นพื้นฐาน (สพฐ.) กระทรวงศึกษาธิการ (ต.ตาเบา),ต่อท้ายชื่อแก้ชื่อซ้ำ (Name Suffix),เติม  (ต.ตาเบา) ต่อท้ายชื่อเพื่อป้องกันชื่อซ้ำในระดับเดียวกัน,โรงเรียนบ้านโชค สพป.สุรินทร์ เขต 3 สำนักงานคณะกรรมการการศึกษาขั้นพื้นฐาน (สพฐ.) กระทรวงศึกษาธิการ,โรงเรียนบ้านโชค สพป.สุรินทร์ เขต 3 สำนักงานคณะกรรมการการศึกษาขั้นพื้นฐาน (สพฐ.) กระทรวงศึกษาธิการ (ต.ตาเบา)
6369,โรงเรียนบ้านจบก สพป.สุรินทร์ เขต 3 สำนักงานคณะกรรมการการศึกษาขั้นพื้นฐาน (สพฐ.) กระทรวงศึกษาธิการ,โรงเรียนบ้านจบก สพป.สุรินทร์ เขต 3 สำนักงานคณะกรรมการการศึกษาขั้นพื้นฐาน (สพฐ.) กระทรวงศึกษาธิการ (ต.โคกยาง),ต่อท้ายชื่อแก้ชื่อซ้ำ (Name Suffix),เติม  (ต.โคกยาง) ต่อท้ายชื่อเพื่อป้องกันชื่อซ้ำในระดับเดียวกัน,โรงเรียนบ้านจบก สพป.สุรินทร์ เขต 3 สำนักงานคณะกรรมการการศึกษาขั้นพื้นฐาน (สพฐ.) กระทรวงศึกษาธิการ,โรงเรียนบ้านจบก สพป.สุรินทร์ เขต 3 สำนักงานคณะกรรมการการศึกษาขั้นพื้นฐาน (สพฐ.) กระทรวงศึกษาธิการ (ต.โคกยาง)
6404,โรงเรียนบ้านจีกแดก สพป.สุรินทร์ เขต 3 สำนักงานคณะกรรมการการศึกษาขั้นพื้นฐาน (สพฐ.) กระทรวงศึกษาธิการ,โรงเรียนบ้านจีกแดก สพป.สุรินทร์ เขต 3 สำนักงานคณะกรรมการการศึกษาขั้นพื้นฐาน (สพฐ.) กระทรวงศึกษาธิการ (ต.โชคนาสาม),ต่อท้ายชื่อแก้ชื่อซ้ำ (Name Suffix),เติม  (ต.โชคนาสาม) ต่อท้ายชื่อเพื่อป้องกันชื่อซ้ำในระดับเดียวกัน,โรงเรียนบ้านจีกแดก สพป.สุรินทร์ เขต 3 สำนักงานคณะกรรมการการศึกษาขั้นพื้นฐาน (สพฐ.) กระทรวงศึกษาธิการ,โรงเรียนบ้านจีกแดก สพป.สุรินทร์ เขต 3 สำนักงานคณะกรรมการการศึกษาขั้นพื้นฐาน (สพฐ.) กระทรวงศึกษาธิการ (ต.โชคนาสาม)
6617,โรงเรียนบ้านจารย์ สพป.สุรินทร์ เขต 3 สำนักงานคณะกรรมการการศึกษาขั้นพื้นฐาน (สพฐ.) กระทรวงศึกษาธิการ,โรงเรียนบ้านจารย์ สพป.สุรินทร์ เขต 3 สำนักงานคณะกรรมการการศึกษาขั้นพื้นฐาน (สพฐ.) กระทรวงศึกษาธิการ (ต.บ้านจารย์),ต่อท้ายชื่อแก้ชื่อซ้ำ (Name Suffix),เติม  (ต.บ้านจารย์) ต่อท้ายชื่อเพื่อป้องกันชื่อซ้ำในระดับเดียวกัน,โรงเรียนบ้านจารย์ สพป.สุรินทร์ เขต 3 สำนักงานคณะกรรมการการศึกษาขั้นพื้นฐาน (สพฐ.) กระทรวงศึกษาธิการ,โรงเรียนบ้านจารย์ สพป.สุรินทร์ เขต 3 สำนักงานคณะกรรมการการศึกษาขั้นพื้นฐาน (สพฐ.) กระทรวงศึกษาธิการ (ต.บ้านจารย์)
6678,โรงเรียนบ้านโนนทอง สพป.สุรินทร์ เขต 3 สำนักงานคณะกรรมการการศึกษาขั้นพื้นฐาน (สพฐ.) กระทรวงศึกษาธิการ,โรงเรียนบ้านโนนทอง สพป.สุรินทร์ เขต 3 สำนักงานคณะกรรมการการศึกษาขั้นพื้นฐาน (สพฐ.) กระทรวงศึกษาธิการ (ต.โคกตะเคียน),ต่อท้ายชื่อแก้ชื่อซ้ำ (Name Suffix),เติม  (ต.โคกตะเคียน) ต่อท้ายชื่อเพื่อป้องกันชื่อซ้ำในระดับเดียวกัน,โรงเรียนบ้านโนนทอง สพป.สุรินทร์ เขต 3 สำนักงานคณะกรรมการการศึกษาขั้นพื้นฐาน (สพฐ.) กระทรวงศึกษาธิการ,โรงเรียนบ้านโนนทอง สพป.สุรินทร์ เขต 3 สำนักงานคณะกรรมการการศึกษาขั้นพื้นฐาน (สพฐ.) กระทรวงศึกษาธิการ (ต.โคกตะเคียน)
6680,โรงเรียนบ้านจารย์ สพป.สุรินทร์ เขต 3 สำนักงานคณะกรรมการการศึกษาขั้นพื้นฐาน (สพฐ.) กระทรวงศึกษาธิการ,โรงเรียนบ้านจารย์ สพป.สุรินทร์ เขต 3 สำนักงานคณะกรรมการการศึกษาขั้นพื้นฐาน (สพฐ.) กระทรวงศึกษาธิการ (ต.โคกตะเคียน),ต่อท้ายชื่อแก้ชื่อซ้ำ (Name Suffix),เติม  (ต.โคกตะเคียน) ต่อท้ายชื่อเพื่อป้องกันชื่อซ้ำในระดับเดียวกัน,โรงเรียนบ้านจารย์ สพป.สุรินทร์ เขต 3 สำนักงานคณะกรรมการการศึกษาขั้นพื้นฐาน (สพฐ.) กระทรวงศึกษาธิการ,โรงเรียนบ้านจารย์ สพป.สุรินทร์ เขต 3 สำนักงานคณะกรรมการการศึกษาขั้นพื้นฐาน (สพฐ.) กระทรวงศึกษาธิการ (ต.โคกตะเคียน)
6728,โรงเรียนบ้านจบก สพป.สุรินทร์ เขต 3 สำนักงานคณะกรรมการการศึกษาขั้นพื้นฐาน (สพฐ.) กระทรวงศึกษาธิการ,โรงเรียนบ้านจบก สพป.สุรินทร์ เขต 3 สำนักงานคณะกรรมการการศึกษาขั้นพื้นฐาน (สพฐ.) กระทรวงศึกษาธิการ (ต.ตาวัง),ต่อท้ายชื่อแก้ชื่อซ้ำ (Name Suffix),เติม  (ต.ตาวัง) ต่อท้ายชื่อเพื่อป้องกันชื่อซ้ำในระดับเดียวกัน,โรงเรียนบ้านจบก สพป.สุรินทร์ เขต 3 สำนักงานคณะกรรมการการศึกษาขั้นพื้นฐาน (สพฐ.) กระทรวงศึกษาธิการ,โรงเรียนบ้านจบก สพป.สุรินทร์ เขต 3 สำนักงานคณะกรรมการการศึกษาขั้นพื้นฐาน (สพฐ.) กระทรวงศึกษาธิการ (ต.ตาวัง)
6734,โรงเรียนบ้านโชค สพป.สุรินทร์ เขต 3 สำนักงานคณะกรรมการการศึกษาขั้นพื้นฐาน (สพฐ.) กระทรวงศึกษาธิการ,โรงเรียนบ้านโชค สพป.สุรินทร์ เขต 3 สำนักงานคณะกรรมการการศึกษาขั้นพื้นฐาน (สพฐ.) กระทรวงศึกษาธิการ (ต.จรัส),ต่อท้ายชื่อแก้ชื่อซ้ำ (Name Suffix),เติม  (ต.จรัส) ต่อท้ายชื่อเพื่อป้องกันชื่อซ้ำในระดับเดียวกัน,โรงเรียนบ้านโชค สพป.สุรินทร์ เขต 3 สำนักงานคณะกรรมการการศึกษาขั้นพื้นฐาน (สพฐ.) กระทรวงศึกษาธิการ,โรงเรียนบ้านโชค สพป.สุรินทร์ เขต 3 สำนักงานคณะกรรมการการศึกษาขั้นพื้นฐาน (สพฐ.) กระทรวงศึกษาธิการ (ต.จรัส)
6752,โรงเรียนบ้านโนนทอง สพป.สุรินทร์ เขต 3 สำนักงานคณะกรรมการการศึกษาขั้นพื้นฐาน (สพฐ.) กระทรวงศึกษาธิการ,โรงเรียนบ้านโนนทอง สพป.สุรินทร์ เขต 3 สำนักงานคณะกรรมการการศึกษาขั้นพื้นฐาน (สพฐ.) กระทรวงศึกษาธิการ (ต.ตรวจ),ต่อท้ายชื่อแก้ชื่อซ้ำ (Name Suffix),เติม  (ต.ตรวจ) ต่อท้ายชื่อเพื่อป้องกันชื่อซ้ำในระดับเดียวกัน,โรงเรียนบ้านโนนทอง สพป.สุรินทร์ เขต 3 สำนักงานคณะกรรมการการศึกษาขั้นพื้นฐาน (สพฐ.) กระทรวงศึกษาธิการ,โรงเรียนบ้านโนนทอง สพป.สุรินทร์ เขต 3 สำนักงานคณะกรรมการการศึกษาขั้นพื้นฐาน (สพฐ.) กระทรวงศึกษาธิการ (ต.ตรวจ)
6778,โรงเรียนบ้านจีกแดก สพป.สุรินทร์ เขต 3 สำนักงานคณะกรรมการการศึกษาขั้นพื้นฐาน (สพฐ.) กระทรวงศึกษาธิการ,โรงเรียนบ้านจีกแดก สพป.สุรินทร์ เขต 3 สำนักงานคณะกรรมการการศึกษาขั้นพื้นฐาน (สพฐ.) กระทรวงศึกษาธิการ (ต.จีกแดก),ต่อท้ายชื่อแก้ชื่อซ้ำ (Name Suffix),เติม  (ต.จีกแดก) ต่อท้ายชื่อเพื่อป้องกันชื่อซ้ำในระดับเดียวกัน,โรงเรียนบ้านจีกแดก สพป.สุรินทร์ เขต 3 สำนักงานคณะกรรมการการศึกษาขั้นพื้นฐาน (สพฐ.) กระทรวงศึกษาธิการ,โรงเรียนบ้านจีกแดก สพป.สุรินทร์ เขต 3 สำนักงานคณะกรรมการการศึกษาขั้นพื้นฐาน (สพฐ.) กระทรวงศึกษาธิการ (ต.จีกแดก)
6827,โรงเรียนบ้านสำโรง สพป.สุรินทร์ เขต 2 สำนักงานคณะกรรมการการศึกษาขั้นพื้นฐาน (สพฐ.) กระทรวงศึกษาธิการ,โรงเรียนบ้านสำโรง สพป.สุรินทร์ เขต 2 สำนักงานคณะกรรมการการศึกษาขั้นพื้นฐาน (สพฐ.) กระทรวงศึกษาธิการ (ต.หนองเทพ),ต่อท้ายชื่อแก้ชื่อซ้ำ (Name Suffix),เติม  (ต.หนองเทพ) ต่อท้ายชื่อเพื่อป้องกันชื่อซ้ำในระดับเดียวกัน,โรงเรียนบ้านสำโรง สพป.สุรินทร์ เขต 2 สำนักงานคณะกรรมการการศึกษาขั้นพื้นฐาน (สพฐ.) กระทรวงศึกษาธิการ,โรงเรียนบ้านสำโรง สพป.สุรินทร์ เขต 2 สำนักงานคณะกรรมการการศึกษาขั้นพื้นฐาน (สพฐ.) กระทรวงศึกษาธิการ (ต.หนองเทพ)
6828,โรงเรียนบ้านหนองแวง สพป.สุรินทร์ เขต 2 สำนักงานคณะกรรมการการศึกษาขั้นพื้นฐาน (สพฐ.) กระทรวงศึกษาธิการ,โรงเรียนบ้านหนองแวง สพป.สุรินทร์ เขต 2 สำนักงานคณะกรรมการการศึกษาขั้นพื้นฐาน (สพฐ.) กระทรวงศึกษาธิการ (ต.หนองเทพ),ต่อท้ายชื่อแก้ชื่อซ้ำ (Name Suffix),เติม  (ต.หนองเทพ) ต่อท้ายชื่อเพื่อป้องกันชื่อซ้ำในระดับเดียวกัน,โรงเรียนบ้านหนองแวง สพป.สุรินทร์ เขต 2 สำนักงานคณะกรรมการการศึกษาขั้นพื้นฐาน (สพฐ.) กระทรวงศึกษาธิการ,โรงเรียนบ้านหนองแวง สพป.สุรินทร์ เขต 2 สำนักงานคณะกรรมการการศึกษาขั้นพื้นฐาน (สพฐ.) กระทรวงศึกษาธิการ (ต.หนองเทพ)
6964,โรงเรียนบ้านเปือย สพป.ศรีสะเกษ เขต 1 สำนักงานคณะกรรมการการศึกษาขั้นพื้นฐาน (สพฐ.) กระทรวงศึกษาธิการ,โรงเรียนบ้านเปือย สพป.ศรีสะเกษ เขต 1 สำนักงานคณะกรรมการการศึกษาขั้นพื้นฐาน (สพฐ.) กระทรวงศึกษาธิการ (ต.คูซอด),ต่อท้ายชื่อแก้ชื่อซ้ำ (Name Suffix),เติม  (ต.คูซอด) ต่อท้ายชื่อเพื่อป้องกันชื่อซ้ำในระดับเดียวกัน,โรงเรียนบ้านเปือย สพป.ศรีสะเกษ เขต 1 สำนักงานคณะกรรมการการศึกษาขั้นพื้นฐาน (สพฐ.) กระทรวงศึกษาธิการ,โรงเรียนบ้านเปือย สพป.ศรีสะเกษ เขต 1 สำนักงานคณะกรรมการการศึกษาขั้นพื้นฐาน (สพฐ.) กระทรวงศึกษาธิการ (ต.คูซอด)
7042,โรงเรียนบ้านเปือย สพป.ศรีสะเกษ เขต 1 สำนักงานคณะกรรมการการศึกษาขั้นพื้นฐาน (สพฐ.) กระทรวงศึกษาธิการ,โรงเรียนบ้านเปือย สพป.ศรีสะเกษ เขต 1 สำนักงานคณะกรรมการการศึกษาขั้นพื้นฐาน (สพฐ.) กระทรวงศึกษาธิการ (ต.หนองแก้ว),ต่อท้ายชื่อแก้ชื่อซ้ำ (Name Suffix),เติม  (ต.หนองแก้ว) ต่อท้ายชื่อเพื่อป้องกันชื่อซ้ำในระดับเดียวกัน,โรงเรียนบ้านเปือย สพป.ศรีสะเกษ เขต 1 สำนักงานคณะกรรมการการศึกษาขั้นพื้นฐาน (สพฐ.) กระทรวงศึกษาธิการ,โรงเรียนบ้านเปือย สพป.ศรีสะเกษ เขต 1 สำนักงานคณะกรรมการการศึกษาขั้นพื้นฐาน (สพฐ.) กระทรวงศึกษาธิการ (ต.หนองแก้ว)
7055,โรงเรียนบ้านโนนสูง สพป.ศรีสะเกษ เขต 4 สำนักงานคณะกรรมการการศึกษาขั้นพื้นฐาน (สพฐ.) กระทรวงศึกษาธิการ,โรงเรียนบ้านโนนสูง สพป.ศรีสะเกษ เขต 4 สำนักงานคณะกรรมการการศึกษาขั้นพื้นฐาน (สพฐ.) กระทรวงศึกษาธิการ (ต.กระแชง),ต่อท้ายชื่อแก้ชื่อซ้ำ (Name Suffix),เติม  (ต.กระแชง) ต่อท้ายชื่อเพื่อป้องกันชื่อซ้ำในระดับเดียวกัน,โรงเรียนบ้านโนนสูง สพป.ศรีสะเกษ เขต 4 สำนักงานคณะกรรมการการศึกษาขั้นพื้นฐาน (สพฐ.) กระทรวงศึกษาธิการ,โรงเรียนบ้านโนนสูง สพป.ศรีสะเกษ เขต 4 สำนักงานคณะกรรมการการศึกษาขั้นพื้นฐาน (สพฐ.) กระทรวงศึกษาธิการ (ต.กระแชง)
7293,โรงเรียนบ้านโคก สพป.ศรีสะเกษ เขต 2 สำนักงานคณะกรรมการการศึกษาขั้นพื้นฐาน (สพฐ.) กระทรวงศึกษาธิการ,โรงเรียนบ้านโคก สพป.ศรีสะเกษ เขต 2 สำนักงานคณะกรรมการการศึกษาขั้นพื้นฐาน (สพฐ.) กระทรวงศึกษาธิการ (ต.โคกจาน),ต่อท้ายชื่อแก้ชื่อซ้ำ (Name Suffix),เติม  (ต.โคกจาน) ต่อท้ายชื่อเพื่อป้องกันชื่อซ้ำในระดับเดียวกัน,โรงเรียนบ้านโคก สพป.ศรีสะเกษ เขต 2 สำนักงานคณะกรรมการการศึกษาขั้นพื้นฐาน (สพฐ.) กระทรวงศึกษาธิการ,โรงเรียนบ้านโคก สพป.ศรีสะเกษ เขต 2 สำนักงานคณะกรรมการการศึกษาขั้นพื้นฐาน (สพฐ.) กระทรวงศึกษาธิการ (ต.โคกจาน)
7339,โรงเรียนบ้านโนนสูง สพป.ศรีสะเกษ เขต 4 สำนักงานคณะกรรมการการศึกษาขั้นพื้นฐาน (สพฐ.) กระทรวงศึกษาธิการ,โรงเรียนบ้านโนนสูง สพป.ศรีสะเกษ เขต 4 สำนักงานคณะกรรมการการศึกษาขั้นพื้นฐาน (สพฐ.) กระทรวงศึกษาธิการ (ต.โนนสูง),ต่อท้ายชื่อแก้ชื่อซ้ำ (Name Suffix),เติม  (ต.โนนสูง) ต่อท้ายชื่อเพื่อป้องกันชื่อซ้ำในระดับเดียวกัน,โรงเรียนบ้านโนนสูง สพป.ศรีสะเกษ เขต 4 สำนักงานคณะกรรมการการศึกษาขั้นพื้นฐาน (สพฐ.) กระทรวงศึกษาธิการ,โรงเรียนบ้านโนนสูง สพป.ศรีสะเกษ เขต 4 สำนักงานคณะกรรมการการศึกษาขั้นพื้นฐาน (สพฐ.) กระทรวงศึกษาธิการ (ต.โนนสูง)
7341,โรงเรียนบ้านกระหวัน สพป.ศรีสะเกษ เขต 4 สำนักงานคณะกรรมการการศึกษาขั้นพื้นฐาน (สพฐ.) กระทรวงศึกษาธิการ,โรงเรียนบ้านกระหวัน สพป.ศรีสะเกษ เขต 4 สำนักงานคณะกรรมการการศึกษาขั้นพื้นฐาน (สพฐ.) กระทรวงศึกษาธิการ (ต.กระหวัน),ต่อท้ายชื่อแก้ชื่อซ้ำ (Name Suffix),เติม  (ต.กระหวัน) ต่อท้ายชื่อเพื่อป้องกันชื่อซ้ำในระดับเดียวกัน,โรงเรียนบ้านกระหวัน สพป.ศรีสะเกษ เขต 4 สำนักงานคณะกรรมการการศึกษาขั้นพื้นฐาน (สพฐ.) กระทรวงศึกษาธิการ,โรงเรียนบ้านกระหวัน สพป.ศรีสะเกษ เขต 4 สำนักงานคณะกรรมการการศึกษาขั้นพื้นฐาน (สพฐ.) กระทรวงศึกษาธิการ (ต.กระหวัน)
7399,โรงเรียนบ้านโป่ง สพป.ศรีสะเกษ เขต 3 สำนักงานคณะกรรมการการศึกษาขั้นพื้นฐาน (สพฐ.) กระทรวงศึกษาธิการ,โรงเรียนบ้านโป่ง สพป.ศรีสะเกษ เขต 3 สำนักงานคณะกรรมการการศึกษาขั้นพื้นฐาน (สพฐ.) กระทรวงศึกษาธิการ (ต.พิมายเหนือ),ต่อท้ายชื่อแก้ชื่อซ้ำ (Name Suffix),เติม  (ต.พิมายเหนือ) ต่อท้ายชื่อเพื่อป้องกันชื่อซ้ำในระดับเดียวกัน,โรงเรียนบ้านโป่ง สพป.ศรีสะเกษ เขต 3 สำนักงานคณะกรรมการการศึกษาขั้นพื้นฐาน (สพฐ.) กระทรวงศึกษาธิการ,โรงเรียนบ้านโป่ง สพป.ศรีสะเกษ เขต 3 สำนักงานคณะกรรมการการศึกษาขั้นพื้นฐาน (สพฐ.) กระทรวงศึกษาธิการ (ต.พิมายเหนือ)
7432,โรงเรียนบ้านศาลา สพป.ศรีสะเกษ เขต 3 สำนักงานคณะกรรมการการศึกษาขั้นพื้นฐาน (สพฐ.) กระทรวงศึกษาธิการ,โรงเรียนบ้านศาลา สพป.ศรีสะเกษ เขต 3 สำนักงานคณะกรรมการการศึกษาขั้นพื้นฐาน (สพฐ.) กระทรวงศึกษาธิการ (ต.หนองเชียงทูน),ต่อท้ายชื่อแก้ชื่อซ้ำ (Name Suffix),เติม  (ต.หนองเชียงทูน) ต่อท้ายชื่อเพื่อป้องกันชื่อซ้ำในระดับเดียวกัน,โรงเรียนบ้านศาลา สพป.ศรีสะเกษ เขต 3 สำนักงานคณะกรรมการการศึกษาขั้นพื้นฐาน (สพฐ.) กระทรวงศึกษาธิการ,โรงเรียนบ้านศาลา สพป.ศรีสะเกษ เขต 3 สำนักงานคณะกรรมการการศึกษาขั้นพื้นฐาน (สพฐ.) กระทรวงศึกษาธิการ (ต.หนองเชียงทูน)
7461,โรงเรียนบ้านโป่ง สพป.ศรีสะเกษ เขต 3 สำนักงานคณะกรรมการการศึกษาขั้นพื้นฐาน (สพฐ.) กระทรวงศึกษาธิการ,โรงเรียนบ้านโป่ง สพป.ศรีสะเกษ เขต 3 สำนักงานคณะกรรมการการศึกษาขั้นพื้นฐาน (สพฐ.) กระทรวงศึกษาธิการ (ต.สำโรงพลัน),ต่อท้ายชื่อแก้ชื่อซ้ำ (Name Suffix),เติม  (ต.สำโรงพลัน) ต่อท้ายชื่อเพื่อป้องกันชื่อซ้ำในระดับเดียวกัน,โรงเรียนบ้านโป่ง สพป.ศรีสะเกษ เขต 3 สำนักงานคณะกรรมการการศึกษาขั้นพื้นฐาน (สพฐ.) กระทรวงศึกษาธิการ,โรงเรียนบ้านโป่ง สพป.ศรีสะเกษ เขต 3 สำนักงานคณะกรรมการการศึกษาขั้นพื้นฐาน (สพฐ.) กระทรวงศึกษาธิการ (ต.สำโรงพลัน)
7490,โรงเรียนบ้านโนนคูณ สพป.ศรีสะเกษ เขต 1 สำนักงานคณะกรรมการการศึกษาขั้นพื้นฐาน (สพฐ.) กระทรวงศึกษาธิการ,โรงเรียนบ้านโนนคูณ สพป.ศรีสะเกษ เขต 1 สำนักงานคณะกรรมการการศึกษาขั้นพื้นฐาน (สพฐ.) กระทรวงศึกษาธิการ (ต.โนนคูณ),ต่อท้ายชื่อแก้ชื่อซ้ำ (Name Suffix),เติม  (ต.โนนคูณ) ต่อท้ายชื่อเพื่อป้องกันชื่อซ้ำในระดับเดียวกัน,โรงเรียนบ้านโนนคูณ สพป.ศรีสะเกษ เขต 1 สำนักงานคณะกรรมการการศึกษาขั้นพื้นฐาน (สพฐ.) กระทรวงศึกษาธิการ,โรงเรียนบ้านโนนคูณ สพป.ศรีสะเกษ เขต 1 สำนักงานคณะกรรมการการศึกษาขั้นพื้นฐาน (สพฐ.) กระทรวงศึกษาธิการ (ต.โนนคูณ)
7531,โรงเรียนบ้านโนนดู่ สพป.ศรีสะเกษ เขต 1 สำนักงานคณะกรรมการการศึกษาขั้นพื้นฐาน (สพฐ.) กระทรวงศึกษาธิการ,โรงเรียนบ้านโนนดู่ สพป.ศรีสะเกษ เขต 1 สำนักงานคณะกรรมการการศึกษาขั้นพื้นฐาน (สพฐ.) กระทรวงศึกษาธิการ (ต.หนองกุง),ต่อท้ายชื่อแก้ชื่อซ้ำ (Name Suffix),เติม  (ต.หนองกุง) ต่อท้ายชื่อเพื่อป้องกันชื่อซ้ำในระดับเดียวกัน,โรงเรียนบ้านโนนดู่ สพป.ศรีสะเกษ เขต 1 สำนักงานคณะกรรมการการศึกษาขั้นพื้นฐาน (สพฐ.) กระทรวงศึกษาธิการ,โรงเรียนบ้านโนนดู่ สพป.ศรีสะเกษ เขต 1 สำนักงานคณะกรรมการการศึกษาขั้นพื้นฐาน (สพฐ.) กระทรวงศึกษาธิการ (ต.หนองกุง)
7543,โรงเรียนบ้านโนนคูณ สพป.ศรีสะเกษ เขต 1 สำนักงานคณะกรรมการการศึกษาขั้นพื้นฐาน (สพฐ.) กระทรวงศึกษาธิการ,โรงเรียนบ้านโนนคูณ สพป.ศรีสะเกษ เขต 1 สำนักงานคณะกรรมการการศึกษาขั้นพื้นฐาน (สพฐ.) กระทรวงศึกษาธิการ (ต.โนนค้อ),ต่อท้ายชื่อแก้ชื่อซ้ำ (Name Suffix),เติม  (ต.โนนค้อ) ต่อท้ายชื่อเพื่อป้องกันชื่อซ้ำในระดับเดียวกัน,โรงเรียนบ้านโนนคูณ สพป.ศรีสะเกษ เขต 1 สำนักงานคณะกรรมการการศึกษาขั้นพื้นฐาน (สพฐ.) กระทรวงศึกษาธิการ,โรงเรียนบ้านโนนคูณ สพป.ศรีสะเกษ เขต 1 สำนักงานคณะกรรมการการศึกษาขั้นพื้นฐาน (สพฐ.) กระทรวงศึกษาธิการ (ต.โนนค้อ)
7552,โรงเรียนบ้านโนนสว่าง สพป.ศรีสะเกษ เขต 1 สำนักงานคณะกรรมการการศึกษาขั้นพื้นฐาน (สพฐ.) กระทรวงศึกษาธิการ,โรงเรียนบ้านโนนสว่าง สพป.ศรีสะเกษ เขต 1 สำนักงานคณะกรรมการการศึกษาขั้นพื้นฐาน (สพฐ.) กระทรวงศึกษาธิการ (ต.บก),ต่อท้ายชื่อแก้ชื่อซ้ำ (Name Suffix),เติม  (ต.บก) ต่อท้ายชื่อเพื่อป้องกันชื่อซ้ำในระดับเดียวกัน,โรงเรียนบ้านโนนสว่าง สพป.ศรีสะเกษ เขต 1 สำนักงานคณะกรรมการการศึกษาขั้นพื้นฐาน (สพฐ.) กระทรวงศึกษาธิการ,โรงเรียนบ้านโนนสว่าง สพป.ศรีสะเกษ เขต 1 สำนักงานคณะกรรมการการศึกษาขั้นพื้นฐาน (สพฐ.) กระทรวงศึกษาธิการ (ต.บก)
7561,โรงเรียนบ้านกระหวัน สพป.ศรีสะเกษ เขต 4 สำนักงานคณะกรรมการการศึกษาขั้นพื้นฐาน (สพฐ.) กระทรวงศึกษาธิการ,โรงเรียนบ้านกระหวัน สพป.ศรีสะเกษ เขต 4 สำนักงานคณะกรรมการการศึกษาขั้นพื้นฐาน (สพฐ.) กระทรวงศึกษาธิการ (ต.เสื่องข้าว),ต่อท้ายชื่อแก้ชื่อซ้ำ (Name Suffix),เติม  (ต.เสื่องข้าว) ต่อท้ายชื่อเพื่อป้องกันชื่อซ้ำในระดับเดียวกัน,โรงเรียนบ้านกระหวัน สพป.ศรีสะเกษ เขต 4 สำนักงานคณะกรรมการการศึกษาขั้นพื้นฐาน (สพฐ.) กระทรวงศึกษาธิการ,โรงเรียนบ้านกระหวัน สพป.ศรีสะเกษ เขต 4 สำนักงานคณะกรรมการการศึกษาขั้นพื้นฐาน (สพฐ.) กระทรวงศึกษาธิการ (ต.เสื่องข้าว)
7595,โรงเรียนบ้านโนนสว่าง สพป.ศรีสะเกษ เขต 1 สำนักงานคณะกรรมการการศึกษาขั้นพื้นฐาน (สพฐ.) กระทรวงศึกษาธิการ,โรงเรียนบ้านโนนสว่าง สพป.ศรีสะเกษ เขต 1 สำนักงานคณะกรรมการการศึกษาขั้นพื้นฐาน (สพฐ.) กระทรวงศึกษาธิการ (ต.เขิน),ต่อท้ายชื่อแก้ชื่อซ้ำ (Name Suffix),เติม  (ต.เขิน) ต่อท้ายชื่อเพื่อป้องกันชื่อซ้ำในระดับเดียวกัน,โรงเรียนบ้านโนนสว่าง สพป.ศรีสะเกษ เขต 1 สำนักงานคณะกรรมการการศึกษาขั้นพื้นฐาน (สพฐ.) กระทรวงศึกษาธิการ,โรงเรียนบ้านโนนสว่าง สพป.ศรีสะเกษ เขต 1 สำนักงานคณะกรรมการการศึกษาขั้นพื้นฐาน (สพฐ.) กระทรวงศึกษาธิการ (ต.เขิน)
7632,โรงเรียนบ้านโนนดู่ สพป.ศรีสะเกษ เขต 1 สำนักงานคณะกรรมการการศึกษาขั้นพื้นฐาน (สพฐ.) กระทรวงศึกษาธิการ,โรงเรียนบ้านโนนดู่ สพป.ศรีสะเกษ เขต 1 สำนักงานคณะกรรมการการศึกษาขั้นพื้นฐาน (สพฐ.) กระทรวงศึกษาธิการ (ต.ดวนใหญ่),ต่อท้ายชื่อแก้ชื่อซ้ำ (Name Suffix),เติม  (ต.ดวนใหญ่) ต่อท้ายชื่อเพื่อป้องกันชื่อซ้ำในระดับเดียวกัน,โรงเรียนบ้านโนนดู่ สพป.ศรีสะเกษ เขต 1 สำนักงานคณะกรรมการการศึกษาขั้นพื้นฐาน (สพฐ.) กระทรวงศึกษาธิการ,โรงเรียนบ้านโนนดู่ สพป.ศรีสะเกษ เขต 1 สำนักงานคณะกรรมการการศึกษาขั้นพื้นฐาน (สพฐ.) กระทรวงศึกษาธิการ (ต.ดวนใหญ่)
7641,โรงเรียนบ้านศาลา สพป.ศรีสะเกษ เขต 3 สำนักงานคณะกรรมการการศึกษาขั้นพื้นฐาน (สพฐ.) กระทรวงศึกษาธิการ,โรงเรียนบ้านศาลา สพป.ศรีสะเกษ เขต 3 สำนักงานคณะกรรมการการศึกษาขั้นพื้นฐาน (สพฐ.) กระทรวงศึกษาธิการ (ต.โคกตาล),ต่อท้ายชื่อแก้ชื่อซ้ำ (Name Suffix),เติม  (ต.โคกตาล) ต่อท้ายชื่อเพื่อป้องกันชื่อซ้ำในระดับเดียวกัน,โรงเรียนบ้านศาลา สพป.ศรีสะเกษ เขต 3 สำนักงานคณะกรรมการการศึกษาขั้นพื้นฐาน (สพฐ.) กระทรวงศึกษาธิการ,โรงเรียนบ้านศาลา สพป.ศรีสะเกษ เขต 3 สำนักงานคณะกรรมการการศึกษาขั้นพื้นฐาน (สพฐ.) กระทรวงศึกษาธิการ (ต.โคกตาล)
7673,โรงเรียนบ้านโคก สพป.ศรีสะเกษ เขต 2 สำนักงานคณะกรรมการการศึกษาขั้นพื้นฐาน (สพฐ.) กระทรวงศึกษาธิการ,โรงเรียนบ้านโคก สพป.ศรีสะเกษ เขต 2 สำนักงานคณะกรรมการการศึกษาขั้นพื้นฐาน (สพฐ.) กระทรวงศึกษาธิการ (ต.เมืองจันทร์),ต่อท้ายชื่อแก้ชื่อซ้ำ (Name Suffix),เติม  (ต.เมืองจันทร์) ต่อท้ายชื่อเพื่อป้องกันชื่อซ้ำในระดับเดียวกัน,โรงเรียนบ้านโคก สพป.ศรีสะเกษ เขต 2 สำนักงานคณะกรรมการการศึกษาขั้นพื้นฐาน (สพฐ.) กระทรวงศึกษาธิการ,โรงเรียนบ้านโคก สพป.ศรีสะเกษ เขต 2 สำนักงานคณะกรรมการการศึกษาขั้นพื้นฐาน (สพฐ.) กระทรวงศึกษาธิการ (ต.เมืองจันทร์)
7712,โรงเรียนบ้านคูเมือง สพป.ศรีสะเกษ เขต 1 สำนักงานคณะกรรมการการศึกษาขั้นพื้นฐาน (สพฐ.) กระทรวงศึกษาธิการ,โรงเรียนบ้านคูเมือง สพป.ศรีสะเกษ เขต 1 สำนักงานคณะกรรมการการศึกษาขั้นพื้นฐาน (สพฐ.) กระทรวงศึกษาธิการ,ใช้พิกัดจุดศูนย์กลางตำบล (Subdistrict Center Fallback),เนื่องจากพิกัดเดิมว่างหรือผิดรูปแบบ จึงดึงพิกัดกึ่งกลางตำบลจาก DB มาใช้แทน,"104.40937,14.932382","Lat: 14.93259181, Long: 104.3829196 (ต.พยุห์ อ.พยุห์)"
7875,โรงเรียนบ้านป่าข่า สพป.อุบลราชธานี เขต 2 สำนักงานคณะกรรมการการศึกษาขั้นพื้นฐาน (สพฐ.) กระทรวงศึกษาธิการ,โรงเรียนบ้านป่าข่า สพป.อุบลราชธานี เขต 2 สำนักงานคณะกรรมการการศึกษาขั้นพื้นฐาน (สพฐ.) กระทรวงศึกษาธิการ (ต.กาบิน),ต่อท้ายชื่อแก้ชื่อซ้ำ (Name Suffix),เติม  (ต.กาบิน) ต่อท้ายชื่อเพื่อป้องกันชื่อซ้ำในระดับเดียวกัน,โรงเรียนบ้านป่าข่า สพป.อุบลราชธานี เขต 2 สำนักงานคณะกรรมการการศึกษาขั้นพื้นฐาน (สพฐ.) กระทรวงศึกษาธิการ,โรงเรียนบ้านป่าข่า สพป.อุบลราชธานี เขต 2 สำนักงานคณะกรรมการการศึกษาขั้นพื้นฐาน (สพฐ.) กระทรวงศึกษาธิการ (ต.กาบิน)
7911,โรงเรียนบ้านป่าข่า สพป.อุบลราชธานี เขต 2 สำนักงานคณะกรรมการการศึกษาขั้นพื้นฐาน (สพฐ.) กระทรวงศึกษาธิการ,โรงเรียนบ้านป่าข่า สพป.อุบลราชธานี เขต 2 สำนักงานคณะกรรมการการศึกษาขั้นพื้นฐาน (สพฐ.) กระทรวงศึกษาธิการ (ต.หนองสิม),ต่อท้ายชื่อแก้ชื่อซ้ำ (Name Suffix),เติม  (ต.หนองสิม) ต่อท้ายชื่อเพื่อป้องกันชื่อซ้ำในระดับเดียวกัน,โรงเรียนบ้านป่าข่า สพป.อุบลราชธานี เขต 2 สำนักงานคณะกรรมการการศึกษาขั้นพื้นฐาน (สพฐ.) กระทรวงศึกษาธิการ,โรงเรียนบ้านป่าข่า สพป.อุบลราชธานี เขต 2 สำนักงานคณะกรรมการการศึกษาขั้นพื้นฐาน (สพฐ.) กระทรวงศึกษาธิการ (ต.หนองสิม)
7969,โรงเรียนบ้านท่าลาด สพป.อุบลราชธานี เขต 1 สำนักงานคณะกรรมการการศึกษาขั้นพื้นฐาน (สพฐ.) กระทรวงศึกษาธิการ,โรงเรียนบ้านท่าลาด สพป.อุบลราชธานี เขต 1 สำนักงานคณะกรรมการการศึกษาขั้นพื้นฐาน (สพฐ.) กระทรวงศึกษาธิการ (ต.ก่อเอ้),ต่อท้ายชื่อแก้ชื่อซ้ำ (Name Suffix),เติม  (ต.ก่อเอ้) ต่อท้ายชื่อเพื่อป้องกันชื่อซ้ำในระดับเดียวกัน,โรงเรียนบ้านท่าลาด สพป.อุบลราชธานี เขต 1 สำนักงานคณะกรรมการการศึกษาขั้นพื้นฐาน (สพฐ.) กระทรวงศึกษาธิการ,โรงเรียนบ้านท่าลาด สพป.อุบลราชธานี เขต 1 สำนักงานคณะกรรมการการศึกษาขั้นพื้นฐาน (สพฐ.) กระทรวงศึกษาธิการ (ต.ก่อเอ้)
8037,โรงเรียนบ้านหนองบัว สพป.อุบลราชธานี เขต 5 สำนักงานคณะกรรมการการศึกษาขั้นพื้นฐาน (สพฐ.) กระทรวงศึกษาธิการ,โรงเรียนบ้านหนองบัว สพป.อุบลราชธานี เขต 5 สำนักงานคณะกรรมการการศึกษาขั้นพื้นฐาน (สพฐ.) กระทรวงศึกษาธิการ (ต.นาส่วง),ต่อท้ายชื่อแก้ชื่อซ้ำ (Name Suffix),เติม  (ต.นาส่วง) ต่อท้ายชื่อเพื่อป้องกันชื่อซ้ำในระดับเดียวกัน,โรงเรียนบ้านหนองบัว สพป.อุบลราชธานี เขต 5 สำนักงานคณะกรรมการการศึกษาขั้นพื้นฐาน (สพฐ.) กระทรวงศึกษาธิการ,โรงเรียนบ้านหนองบัว สพป.อุบลราชธานี เขต 5 สำนักงานคณะกรรมการการศึกษาขั้นพื้นฐาน (สพฐ.) กระทรวงศึกษาธิการ (ต.นาส่วง)
8041,โรงเรียนบ้านโนนค้อ สพป.อุบลราชธานี เขต 5 สำนักงานคณะกรรมการการศึกษาขั้นพื้นฐาน (สพฐ.) กระทรวงศึกษาธิการ,โรงเรียนบ้านโนนค้อ สพป.อุบลราชธานี เขต 5 สำนักงานคณะกรรมการการศึกษาขั้นพื้นฐาน (สพฐ.) กระทรวงศึกษาธิการ (ต.ป่าโมง),ต่อท้ายชื่อแก้ชื่อซ้ำ (Name Suffix),เติม  (ต.ป่าโมง) ต่อท้ายชื่อเพื่อป้องกันชื่อซ้ำในระดับเดียวกัน,โรงเรียนบ้านโนนค้อ สพป.อุบลราชธานี เขต 5 สำนักงานคณะกรรมการการศึกษาขั้นพื้นฐาน (สพฐ.) กระทรวงศึกษาธิการ,โรงเรียนบ้านโนนค้อ สพป.อุบลราชธานี เขต 5 สำนักงานคณะกรรมการการศึกษาขั้นพื้นฐาน (สพฐ.) กระทรวงศึกษาธิการ (ต.ป่าโมง)
8049,โรงเรียนบ้านโนนจิก สพป.อุบลราชธานี เขต 5 สำนักงานคณะกรรมการการศึกษาขั้นพื้นฐาน (สพฐ.) กระทรวงศึกษาธิการ,โรงเรียนบ้านโนนจิก สพป.อุบลราชธานี เขต 5 สำนักงานคณะกรรมการการศึกษาขั้นพื้นฐาน (สพฐ.) กระทรวงศึกษาธิการ (ต.นาเจริญ),ต่อท้ายชื่อแก้ชื่อซ้ำ (Name Suffix),เติม  (ต.นาเจริญ) ต่อท้ายชื่อเพื่อป้องกันชื่อซ้ำในระดับเดียวกัน,โรงเรียนบ้านโนนจิก สพป.อุบลราชธานี เขต 5 สำนักงานคณะกรรมการการศึกษาขั้นพื้นฐาน (สพฐ.) กระทรวงศึกษาธิการ,โรงเรียนบ้านโนนจิก สพป.อุบลราชธานี เขต 5 สำนักงานคณะกรรมการการศึกษาขั้นพื้นฐาน (สพฐ.) กระทรวงศึกษาธิการ (ต.นาเจริญ)
8052,โรงเรียนบ้านโนนสวาง สพป.อุบลราชธานี เขต 5 สำนักงานคณะกรรมการการศึกษาขั้นพื้นฐาน (สพฐ.) กระทรวงศึกษาธิการ,โรงเรียนบ้านโนนสวาง สพป.อุบลราชธานี เขต 5 สำนักงานคณะกรรมการการศึกษาขั้นพื้นฐาน (สพฐ.) กระทรวงศึกษาธิการ (ต.นากระแซง),ต่อท้ายชื่อแก้ชื่อซ้ำ (Name Suffix),เติม  (ต.นากระแซง) ต่อท้ายชื่อเพื่อป้องกันชื่อซ้ำในระดับเดียวกัน,โรงเรียนบ้านโนนสวาง สพป.อุบลราชธานี เขต 5 สำนักงานคณะกรรมการการศึกษาขั้นพื้นฐาน (สพฐ.) กระทรวงศึกษาธิการ,โรงเรียนบ้านโนนสวาง สพป.อุบลราชธานี เขต 5 สำนักงานคณะกรรมการการศึกษาขั้นพื้นฐาน (สพฐ.) กระทรวงศึกษาธิการ (ต.นากระแซง)
8080,โรงเรียนบ้านโนนสวรรค์ สพป.อุบลราชธานี เขต 5 สำนักงานคณะกรรมการการศึกษาขั้นพื้นฐาน (สพฐ.) กระทรวงศึกษาธิการ,โรงเรียนบ้านโนนสวรรค์ สพป.อุบลราชธานี เขต 5 สำนักงานคณะกรรมการการศึกษาขั้นพื้นฐาน (สพฐ.) กระทรวงศึกษาธิการ (ต.กลาง),ต่อท้ายชื่อแก้ชื่อซ้ำ (Name Suffix),เติม  (ต.กลาง) ต่อท้ายชื่อเพื่อป้องกันชื่อซ้ำในระดับเดียวกัน,โรงเรียนบ้านโนนสวรรค์ สพป.อุบลราชธานี เขต 5 สำนักงานคณะกรรมการการศึกษาขั้นพื้นฐาน (สพฐ.) กระทรวงศึกษาธิการ,โรงเรียนบ้านโนนสวรรค์ สพป.อุบลราชธานี เขต 5 สำนักงานคณะกรรมการการศึกษาขั้นพื้นฐาน (สพฐ.) กระทรวงศึกษาธิการ (ต.กลาง)
8089,โรงเรียนบ้านโนนสว่าง สพป.อุบลราชธานี เขต 5 สำนักงานคณะกรรมการการศึกษาขั้นพื้นฐาน (สพฐ.) กระทรวงศึกษาธิการ,โรงเรียนบ้านโนนสว่าง สพป.อุบลราชธานี เขต 5 สำนักงานคณะกรรมการการศึกษาขั้นพื้นฐาน (สพฐ.) กระทรวงศึกษาธิการ (ต.โพนงาม),ต่อท้ายชื่อแก้ชื่อซ้ำ (Name Suffix),เติม  (ต.โพนงาม) ต่อท้ายชื่อเพื่อป้องกันชื่อซ้ำในระดับเดียวกัน,โรงเรียนบ้านโนนสว่าง สพป.อุบลราชธานี เขต 5 สำนักงานคณะกรรมการการศึกษาขั้นพื้นฐาน (สพฐ.) กระทรวงศึกษาธิการ,โรงเรียนบ้านโนนสว่าง สพป.อุบลราชธานี เขต 5 สำนักงานคณะกรรมการการศึกษาขั้นพื้นฐาน (สพฐ.) กระทรวงศึกษาธิการ (ต.โพนงาม)
8093,โรงเรียนบ้านหนองคู สพป.อุบลราชธานี เขต 5 สำนักงานคณะกรรมการการศึกษาขั้นพื้นฐาน (สพฐ.) กระทรวงศึกษาธิการ,โรงเรียนบ้านหนองคู สพป.อุบลราชธานี เขต 5 สำนักงานคณะกรรมการการศึกษาขั้นพื้นฐาน (สพฐ.) กระทรวงศึกษาธิการ (ต.กุดประทาย),ต่อท้ายชื่อแก้ชื่อซ้ำ (Name Suffix),เติม  (ต.กุดประทาย) ต่อท้ายชื่อเพื่อป้องกันชื่อซ้ำในระดับเดียวกัน,โรงเรียนบ้านหนองคู สพป.อุบลราชธานี เขต 5 สำนักงานคณะกรรมการการศึกษาขั้นพื้นฐาน (สพฐ.) กระทรวงศึกษาธิการ,โรงเรียนบ้านหนองคู สพป.อุบลราชธานี เขต 5 สำนักงานคณะกรรมการการศึกษาขั้นพื้นฐาน (สพฐ.) กระทรวงศึกษาธิการ (ต.กุดประทาย)
8207,โรงเรียนบ้านตระการ สพป.อุบลราชธานี เขต 2 สำนักงานคณะกรรมการการศึกษาขั้นพื้นฐาน (สพฐ.) กระทรวงศึกษาธิการ,โรงเรียนบ้านตระการ สพป.อุบลราชธานี เขต 2 สำนักงานคณะกรรมการการศึกษาขั้นพื้นฐาน (สพฐ.) กระทรวงศึกษาธิการ,แก้ไขตัวสะกดตำบล (Subdistrict Typo),แก้ไขคำสะกดตำบลให้ตรงกับตารางมาตรฐาน DB,ตระการ,ตระการพืชผล
8208,โรงเรียนบ้านโพนเมือง สพป.อุบลราชธานี เขต 2 สำนักงานคณะกรรมการการศึกษาขั้นพื้นฐาน (สพฐ.) กระทรวงศึกษาธิการ,โรงเรียนบ้านโพนเมือง สพป.อุบลราชธานี เขต 2 สำนักงานคณะกรรมการการศึกษาขั้นพื้นฐาน (สพฐ.) กระทรวงศึกษาธิการ,แก้ไขตัวสะกดตำบล (Subdistrict Typo),แก้ไขคำสะกดตำบลให้ตรงกับตารางมาตรฐาน DB,ตระการ,ตระการพืชผล
8209,โรงเรียนบ้านเอ็นอ้า สพป.อุบลราชธานี เขต 2 สำนักงานคณะกรรมการการศึกษาขั้นพื้นฐาน (สพฐ.) กระทรวงศึกษาธิการ,โรงเรียนบ้านเอ็นอ้า สพป.อุบลราชธานี เขต 2 สำนักงานคณะกรรมการการศึกษาขั้นพื้นฐาน (สพฐ.) กระทรวงศึกษาธิการ,แก้ไขตัวสะกดตำบล (Subdistrict Typo),แก้ไขคำสะกดตำบลให้ตรงกับตารางมาตรฐาน DB,ตระการ,ตระการพืชผล
8210,โรงเรียนบ้านดอนหมู สพป.อุบลราชธานี เขต 2 สำนักงานคณะกรรมการการศึกษาขั้นพื้นฐาน (สพฐ.) กระทรวงศึกษาธิการ,โรงเรียนบ้านดอนหมู สพป.อุบลราชธานี เขต 2 สำนักงานคณะกรรมการการศึกษาขั้นพื้นฐาน (สพฐ.) กระทรวงศึกษาธิการ,แก้ไขตัวสะกดตำบล (Subdistrict Typo),แก้ไขคำสะกดตำบลให้ตรงกับตารางมาตรฐาน DB,ตระการ,ตระการพืชผล
8229,โรงเรียนบ้านคำเตย สพป.อุบลราชธานี เขต 3 สำนักงานคณะกรรมการการศึกษาขั้นพื้นฐาน (สพฐ.) กระทรวงศึกษาธิการ,โรงเรียนบ้านคำเตย สพป.อุบลราชธานี เขต 3 สำนักงานคณะกรรมการการศึกษาขั้นพื้นฐาน (สพฐ.) กระทรวงศึกษาธิการ (ต.หนองกุง),ต่อท้ายชื่อแก้ชื่อซ้ำ (Name Suffix),เติม  (ต.หนองกุง) ต่อท้ายชื่อเพื่อป้องกันชื่อซ้ำในระดับเดียวกัน,โรงเรียนบ้านคำเตย สพป.อุบลราชธานี เขต 3 สำนักงานคณะกรรมการการศึกษาขั้นพื้นฐาน (สพฐ.) กระทรวงศึกษาธิการ,โรงเรียนบ้านคำเตย สพป.อุบลราชธานี เขต 3 สำนักงานคณะกรรมการการศึกษาขั้นพื้นฐาน (สพฐ.) กระทรวงศึกษาธิการ (ต.หนองกุง)
8272,โรงเรียนบ้านโนนสว่าง สพป.อุบลราชธานี เขต 5 สำนักงานคณะกรรมการการศึกษาขั้นพื้นฐาน (สพฐ.) กระทรวงศึกษาธิการ,โรงเรียนบ้านโนนสว่าง สพป.อุบลราชธานี เขต 5 สำนักงานคณะกรรมการการศึกษาขั้นพื้นฐาน (สพฐ.) กระทรวงศึกษาธิการ (ต.โสกแสง),ต่อท้ายชื่อแก้ชื่อซ้ำ (Name Suffix),เติม  (ต.โสกแสง) ต่อท้ายชื่อเพื่อป้องกันชื่อซ้ำในระดับเดียวกัน,โรงเรียนบ้านโนนสว่าง สพป.อุบลราชธานี เขต 5 สำนักงานคณะกรรมการการศึกษาขั้นพื้นฐาน (สพฐ.) กระทรวงศึกษาธิการ,โรงเรียนบ้านโนนสว่าง สพป.อุบลราชธานี เขต 5 สำนักงานคณะกรรมการการศึกษาขั้นพื้นฐาน (สพฐ.) กระทรวงศึกษาธิการ (ต.โสกแสง)
8276,โรงเรียนบ้านหนองคู สพป.อุบลราชธานี เขต 5 สำนักงานคณะกรรมการการศึกษาขั้นพื้นฐาน (สพฐ.) กระทรวงศึกษาธิการ,โรงเรียนบ้านหนองคู สพป.อุบลราชธานี เขต 5 สำนักงานคณะกรรมการการศึกษาขั้นพื้นฐาน (สพฐ.) กระทรวงศึกษาธิการ (ต.ยาง),ต่อท้ายชื่อแก้ชื่อซ้ำ (Name Suffix),เติม  (ต.ยาง) ต่อท้ายชื่อเพื่อป้องกันชื่อซ้ำในระดับเดียวกัน,โรงเรียนบ้านหนองคู สพป.อุบลราชธานี เขต 5 สำนักงานคณะกรรมการการศึกษาขั้นพื้นฐาน (สพฐ.) กระทรวงศึกษาธิการ,โรงเรียนบ้านหนองคู สพป.อุบลราชธานี เขต 5 สำนักงานคณะกรรมการการศึกษาขั้นพื้นฐาน (สพฐ.) กระทรวงศึกษาธิการ (ต.ยาง)
8302,โรงเรียนบ้านโนนสวาง สพป.อุบลราชธานี เขต 5 สำนักงานคณะกรรมการการศึกษาขั้นพื้นฐาน (สพฐ.) กระทรวงศึกษาธิการ,โรงเรียนบ้านโนนสวาง สพป.อุบลราชธานี เขต 5 สำนักงานคณะกรรมการการศึกษาขั้นพื้นฐาน (สพฐ.) กระทรวงศึกษาธิการ (ต.ยางใหญ่),ต่อท้ายชื่อแก้ชื่อซ้ำ (Name Suffix),เติม  (ต.ยางใหญ่) ต่อท้ายชื่อเพื่อป้องกันชื่อซ้ำในระดับเดียวกัน,โรงเรียนบ้านโนนสวาง สพป.อุบลราชธานี เขต 5 สำนักงานคณะกรรมการการศึกษาขั้นพื้นฐาน (สพฐ.) กระทรวงศึกษาธิการ,โรงเรียนบ้านโนนสวาง สพป.อุบลราชธานี เขต 5 สำนักงานคณะกรรมการการศึกษาขั้นพื้นฐาน (สพฐ.) กระทรวงศึกษาธิการ (ต.ยางใหญ่)
8341,โรงเรียนบ้านโนนค้อ สพป.อุบลราชธานี เขต 5 สำนักงานคณะกรรมการการศึกษาขั้นพื้นฐาน (สพฐ.) กระทรวงศึกษาธิการ,โรงเรียนบ้านโนนค้อ สพป.อุบลราชธานี เขต 5 สำนักงานคณะกรรมการการศึกษาขั้นพื้นฐาน (สพฐ.) กระทรวงศึกษาธิการ (ต.โนนค้อ),ต่อท้ายชื่อแก้ชื่อซ้ำ (Name Suffix),เติม  (ต.โนนค้อ) ต่อท้ายชื่อเพื่อป้องกันชื่อซ้ำในระดับเดียวกัน,โรงเรียนบ้านโนนค้อ สพป.อุบลราชธานี เขต 5 สำนักงานคณะกรรมการการศึกษาขั้นพื้นฐาน (สพฐ.) กระทรวงศึกษาธิการ,โรงเรียนบ้านโนนค้อ สพป.อุบลราชธานี เขต 5 สำนักงานคณะกรรมการการศึกษาขั้นพื้นฐาน (สพฐ.) กระทรวงศึกษาธิการ (ต.โนนค้อ)
8342,โรงเรียนบ้านโนนสว่าง สพป.อุบลราชธานี เขต 5 สำนักงานคณะกรรมการการศึกษาขั้นพื้นฐาน (สพฐ.) กระทรวงศึกษาธิการ,โรงเรียนบ้านโนนสว่าง สพป.อุบลราชธานี เขต 5 สำนักงานคณะกรรมการการศึกษาขั้นพื้นฐาน (สพฐ.) กระทรวงศึกษาธิการ (ต.โนนค้อ),ต่อท้ายชื่อแก้ชื่อซ้ำ (Name Suffix),เติม  (ต.โนนค้อ) ต่อท้ายชื่อเพื่อป้องกันชื่อซ้ำในระดับเดียวกัน,โรงเรียนบ้านโนนสว่าง สพป.อุบลราชธานี เขต 5 สำนักงานคณะกรรมการการศึกษาขั้นพื้นฐาน (สพฐ.) กระทรวงศึกษาธิการ,โรงเรียนบ้านโนนสว่าง สพป.อุบลราชธานี เขต 5 สำนักงานคณะกรรมการการศึกษาขั้นพื้นฐาน (สพฐ.) กระทรวงศึกษาธิการ (ต.โนนค้อ)
8347,โรงเรียนบ้านโนนจิก สพป.อุบลราชธานี เขต 5 สำนักงานคณะกรรมการการศึกษาขั้นพื้นฐาน (สพฐ.) กระทรวงศึกษาธิการ,โรงเรียนบ้านโนนจิก สพป.อุบลราชธานี เขต 5 สำนักงานคณะกรรมการการศึกษาขั้นพื้นฐาน (สพฐ.) กระทรวงศึกษาธิการ (ต.หนองสะโน),ต่อท้ายชื่อแก้ชื่อซ้ำ (Name Suffix),เติม  (ต.หนองสะโน) ต่อท้ายชื่อเพื่อป้องกันชื่อซ้ำในระดับเดียวกัน,โรงเรียนบ้านโนนจิก สพป.อุบลราชธานี เขต 5 สำนักงานคณะกรรมการการศึกษาขั้นพื้นฐาน (สพฐ.) กระทรวงศึกษาธิการ,โรงเรียนบ้านโนนจิก สพป.อุบลราชธานี เขต 5 สำนักงานคณะกรรมการการศึกษาขั้นพื้นฐาน (สพฐ.) กระทรวงศึกษาธิการ (ต.หนองสะโน)
8352,โรงเรียนบ้านหนองบัว สพป.อุบลราชธานี เขต 5 สำนักงานคณะกรรมการการศึกษาขั้นพื้นฐาน (สพฐ.) กระทรวงศึกษาธิการ,โรงเรียนบ้านหนองบัว สพป.อุบลราชธานี เขต 5 สำนักงานคณะกรรมการการศึกษาขั้นพื้นฐาน (สพฐ.) กระทรวงศึกษาธิการ (ต.คอแลน),ต่อท้ายชื่อแก้ชื่อซ้ำ (Name Suffix),เติม  (ต.คอแลน) ต่อท้ายชื่อเพื่อป้องกันชื่อซ้ำในระดับเดียวกัน,โรงเรียนบ้านหนองบัว สพป.อุบลราชธานี เขต 5 สำนักงานคณะกรรมการการศึกษาขั้นพื้นฐาน (สพฐ.) กระทรวงศึกษาธิการ,โรงเรียนบ้านหนองบัว สพป.อุบลราชธานี เขต 5 สำนักงานคณะกรรมการการศึกษาขั้นพื้นฐาน (สพฐ.) กระทรวงศึกษาธิการ (ต.คอแลน)
8419,โรงเรียนบ้านชาด สพป.อุบลราชธานี เขต 3 สำนักงานคณะกรรมการการศึกษาขั้นพื้นฐาน (สพฐ.) กระทรวงศึกษาธิการ,โรงเรียนบ้านชาด สพป.อุบลราชธานี เขต 3 สำนักงานคณะกรรมการการศึกษาขั้นพื้นฐาน (สพฐ.) กระทรวงศึกษาธิการ (ต.ทรายมูล),ต่อท้ายชื่อแก้ชื่อซ้ำ (Name Suffix),เติม  (ต.ทรายมูล) ต่อท้ายชื่อเพื่อป้องกันชื่อซ้ำในระดับเดียวกัน,โรงเรียนบ้านชาด สพป.อุบลราชธานี เขต 3 สำนักงานคณะกรรมการการศึกษาขั้นพื้นฐาน (สพฐ.) กระทรวงศึกษาธิการ,โรงเรียนบ้านชาด สพป.อุบลราชธานี เขต 3 สำนักงานคณะกรรมการการศึกษาขั้นพื้นฐาน (สพฐ.) กระทรวงศึกษาธิการ (ต.ทรายมูล)
8432,โรงเรียนบ้านเม็ก สพป.อุบลราชธานี เขต 3 สำนักงานคณะกรรมการการศึกษาขั้นพื้นฐาน (สพฐ.) กระทรวงศึกษาธิการ,โรงเรียนบ้านเม็ก สพป.อุบลราชธานี เขต 3 สำนักงานคณะกรรมการการศึกษาขั้นพื้นฐาน (สพฐ.) กระทรวงศึกษาธิการ,ใช้พิกัดจุดศูนย์กลางตำบล (Subdistrict Center Fallback),เนื่องจากพิกัดเดิมว่างหรือผิดรูปแบบ จึงดึงพิกัดกึ่งกลางตำบลจาก DB มาใช้แทน,1.5553810514537E10,"Lat: 15.06957296, Long: 105.2127108 (ต.หนองบัวฮี อ.พิบูลมังสาหาร)"
8495,โรงเรียนบ้านท่าลาด สพป.อุบลราชธานี เขต 1 สำนักงานคณะกรรมการการศึกษาขั้นพื้นฐาน (สพฐ.) กระทรวงศึกษาธิการ,โรงเรียนบ้านท่าลาด สพป.อุบลราชธานี เขต 1 สำนักงานคณะกรรมการการศึกษาขั้นพื้นฐาน (สพฐ.) กระทรวงศึกษาธิการ (ต.ดุมใหญ่),ต่อท้ายชื่อแก้ชื่อซ้ำ (Name Suffix),เติม  (ต.ดุมใหญ่) ต่อท้ายชื่อเพื่อป้องกันชื่อซ้ำในระดับเดียวกัน,โรงเรียนบ้านท่าลาด สพป.อุบลราชธานี เขต 1 สำนักงานคณะกรรมการการศึกษาขั้นพื้นฐาน (สพฐ.) กระทรวงศึกษาธิการ,โรงเรียนบ้านท่าลาด สพป.อุบลราชธานี เขต 1 สำนักงานคณะกรรมการการศึกษาขั้นพื้นฐาน (สพฐ.) กระทรวงศึกษาธิการ (ต.ดุมใหญ่)
8545,โรงเรียนบ้านหนองสองห้อง สพป.อุบลราชธานี เขต 4 สำนักงานคณะกรรมการการศึกษาขั้นพื้นฐาน (สพฐ.) กระทรวงศึกษาธิการ,โรงเรียนบ้านหนองสองห้อง สพป.อุบลราชธานี เขต 4 สำนักงานคณะกรรมการการศึกษาขั้นพื้นฐาน (สพฐ.) กระทรวงศึกษาธิการ (ต.ธาตุ),ต่อท้ายชื่อแก้ชื่อซ้ำ (Name Suffix),เติม  (ต.ธาตุ) ต่อท้ายชื่อเพื่อป้องกันชื่อซ้ำในระดับเดียวกัน,โรงเรียนบ้านหนองสองห้อง สพป.อุบลราชธานี เขต 4 สำนักงานคณะกรรมการการศึกษาขั้นพื้นฐาน (สพฐ.) กระทรวงศึกษาธิการ,โรงเรียนบ้านหนองสองห้อง สพป.อุบลราชธานี เขต 4 สำนักงานคณะกรรมการการศึกษาขั้นพื้นฐาน (สพฐ.) กระทรวงศึกษาธิการ (ต.ธาตุ)
8576,โรงเรียนบ้านถ่อน สพป.อุบลราชธานี เขต 4 สำนักงานคณะกรรมการการศึกษาขั้นพื้นฐาน (สพฐ.) กระทรวงศึกษาธิการ,โรงเรียนบ้านถ่อน สพป.อุบลราชธานี เขต 4 สำนักงานคณะกรรมการการศึกษาขั้นพื้นฐาน (สพฐ.) กระทรวงศึกษาธิการ,ใช้พิกัดจุดศูนย์กลางตำบล (Subdistrict Center Fallback),เนื่องจากพิกัดเดิมว่างหรือผิดรูปแบบ จึงดึงพิกัดกึ่งกลางตำบลจาก DB มาใช้แทน,"65.74254,89.883246","Lat: 15.11560637, Long: 104.755711 (ต.ท่าลาด อ.วารินชำราบ)"
8597,โรงเรียนบ้านคำเตย สพป.อุบลราชธานี เขต 3 สำนักงานคณะกรรมการการศึกษาขั้นพื้นฐาน (สพฐ.) กระทรวงศึกษาธิการ,โรงเรียนบ้านคำเตย สพป.อุบลราชธานี เขต 3 สำนักงานคณะกรรมการการศึกษาขั้นพื้นฐาน (สพฐ.) กระทรวงศึกษาธิการ (ต.นาคำ),ต่อท้ายชื่อแก้ชื่อซ้ำ (Name Suffix),เติม  (ต.นาคำ) ต่อท้ายชื่อเพื่อป้องกันชื่อซ้ำในระดับเดียวกัน,โรงเรียนบ้านคำเตย สพป.อุบลราชธานี เขต 3 สำนักงานคณะกรรมการการศึกษาขั้นพื้นฐาน (สพฐ.) กระทรวงศึกษาธิการ,โรงเรียนบ้านคำเตย สพป.อุบลราชธานี เขต 3 สำนักงานคณะกรรมการการศึกษาขั้นพื้นฐาน (สพฐ.) กระทรวงศึกษาธิการ (ต.นาคำ)
8637,โรงเรียนบ้านชาด สพป.อุบลราชธานี เขต 3 สำนักงานคณะกรรมการการศึกษาขั้นพื้นฐาน (สพฐ.) กระทรวงศึกษาธิการ,โรงเรียนบ้านชาด สพป.อุบลราชธานี เขต 3 สำนักงานคณะกรรมการการศึกษาขั้นพื้นฐาน (สพฐ.) กระทรวงศึกษาธิการ (ต.หนามแท่ง),ต่อท้ายชื่อแก้ชื่อซ้ำ (Name Suffix),เติม  (ต.หนามแท่ง) ต่อท้ายชื่อเพื่อป้องกันชื่อซ้ำในระดับเดียวกัน,โรงเรียนบ้านชาด สพป.อุบลราชธานี เขต 3 สำนักงานคณะกรรมการการศึกษาขั้นพื้นฐาน (สพฐ.) กระทรวงศึกษาธิการ,โรงเรียนบ้านชาด สพป.อุบลราชธานี เขต 3 สำนักงานคณะกรรมการการศึกษาขั้นพื้นฐาน (สพฐ.) กระทรวงศึกษาธิการ (ต.หนามแท่ง)
8666,โรงเรียนบ้านหนองสองห้อง สพป.อุบลราชธานี เขต 4 สำนักงานคณะกรรมการการศึกษาขั้นพื้นฐาน (สพฐ.) กระทรวงศึกษาธิการ,โรงเรียนบ้านหนองสองห้อง สพป.อุบลราชธานี เขต 4 สำนักงานคณะกรรมการการศึกษาขั้นพื้นฐาน (สพฐ.) กระทรวงศึกษาธิการ (ต.สำโรง),ต่อท้ายชื่อแก้ชื่อซ้ำ (Name Suffix),เติม  (ต.สำโรง) ต่อท้ายชื่อเพื่อป้องกันชื่อซ้ำในระดับเดียวกัน,โรงเรียนบ้านหนองสองห้อง สพป.อุบลราชธานี เขต 4 สำนักงานคณะกรรมการการศึกษาขั้นพื้นฐาน (สพฐ.) กระทรวงศึกษาธิการ,โรงเรียนบ้านหนองสองห้อง สพป.อุบลราชธานี เขต 4 สำนักงานคณะกรรมการการศึกษาขั้นพื้นฐาน (สพฐ.) กระทรวงศึกษาธิการ (ต.สำโรง)
8675,โรงเรียนบ้านนาดี สพป.อุบลราชธานี เขต 4 สำนักงานคณะกรรมการการศึกษาขั้นพื้นฐาน (สพฐ.) กระทรวงศึกษาธิการ,โรงเรียนบ้านนาดี สพป.อุบลราชธานี เขต 4 สำนักงานคณะกรรมการการศึกษาขั้นพื้นฐาน (สพฐ.) กระทรวงศึกษาธิการ (ต.โคกสว่าง),ต่อท้ายชื่อแก้ชื่อซ้ำ (Name Suffix),เติม  (ต.โคกสว่าง) ต่อท้ายชื่อเพื่อป้องกันชื่อซ้ำในระดับเดียวกัน,โรงเรียนบ้านนาดี สพป.อุบลราชธานี เขต 4 สำนักงานคณะกรรมการการศึกษาขั้นพื้นฐาน (สพฐ.) กระทรวงศึกษาธิการ,โรงเรียนบ้านนาดี สพป.อุบลราชธานี เขต 4 สำนักงานคณะกรรมการการศึกษาขั้นพื้นฐาน (สพฐ.) กระทรวงศึกษาธิการ (ต.โคกสว่าง)
8745,โรงเรียนบ้านนาดี สพป.อุบลราชธานี เขต 4 สำนักงานคณะกรรมการการศึกษาขั้นพื้นฐาน (สพฐ.) กระทรวงศึกษาธิการ,โรงเรียนบ้านนาดี สพป.อุบลราชธานี เขต 4 สำนักงานคณะกรรมการการศึกษาขั้นพื้นฐาน (สพฐ.) กระทรวงศึกษาธิการ (ต.นาดี),ต่อท้ายชื่อแก้ชื่อซ้ำ (Name Suffix),เติม  (ต.นาดี) ต่อท้ายชื่อเพื่อป้องกันชื่อซ้ำในระดับเดียวกัน,โรงเรียนบ้านนาดี สพป.อุบลราชธานี เขต 4 สำนักงานคณะกรรมการการศึกษาขั้นพื้นฐาน (สพฐ.) กระทรวงศึกษาธิการ,โรงเรียนบ้านนาดี สพป.อุบลราชธานี เขต 4 สำนักงานคณะกรรมการการศึกษาขั้นพื้นฐาน (สพฐ.) กระทรวงศึกษาธิการ (ต.นาดี)
8848,โรงเรียนบ้านโนนสวรรค์ สพป.อุบลราชธานี เขต 5 สำนักงานคณะกรรมการการศึกษาขั้นพื้นฐาน (สพฐ.) กระทรวงศึกษาธิการ,โรงเรียนบ้านโนนสวรรค์ สพป.อุบลราชธานี เขต 5 สำนักงานคณะกรรมการการศึกษาขั้นพื้นฐาน (สพฐ.) กระทรวงศึกษาธิการ (ต.ขี้เหล็ก),ต่อท้ายชื่อแก้ชื่อซ้ำ (Name Suffix),เติม  (ต.ขี้เหล็ก) ต่อท้ายชื่อเพื่อป้องกันชื่อซ้ำในระดับเดียวกัน,โรงเรียนบ้านโนนสวรรค์ สพป.อุบลราชธานี เขต 5 สำนักงานคณะกรรมการการศึกษาขั้นพื้นฐาน (สพฐ.) กระทรวงศึกษาธิการ,โรงเรียนบ้านโนนสวรรค์ สพป.อุบลราชธานี เขต 5 สำนักงานคณะกรรมการการศึกษาขั้นพื้นฐาน (สพฐ.) กระทรวงศึกษาธิการ (ต.ขี้เหล็ก)
9131,โรงเรียนบ้านโคกกลาง สพป.ยโสธร เขต 2 สำนักงานคณะกรรมการการศึกษาขั้นพื้นฐาน (สพฐ.) กระทรวงศึกษาธิการ,โรงเรียนบ้านโคกกลาง สพป.ยโสธร เขต 2 สำนักงานคณะกรรมการการศึกษาขั้นพื้นฐาน (สพฐ.) กระทรวงศึกษาธิการ (ต.โคกนาโก),ต่อท้ายชื่อแก้ชื่อซ้ำ (Name Suffix),เติม  (ต.โคกนาโก) ต่อท้ายชื่อเพื่อป้องกันชื่อซ้ำในระดับเดียวกัน,โรงเรียนบ้านโคกกลาง สพป.ยโสธร เขต 2 สำนักงานคณะกรรมการการศึกษาขั้นพื้นฐาน (สพฐ.) กระทรวงศึกษาธิการ,โรงเรียนบ้านโคกกลาง สพป.ยโสธร เขต 2 สำนักงานคณะกรรมการการศึกษาขั้นพื้นฐาน (สพฐ.) กระทรวงศึกษาธิการ (ต.โคกนาโก)
9192,โรงเรียนบ้านคึมชาดตาดบกศรีสมพร สพป.ยโสธร เขต 2 สำนักงานคณะกรรมการการศึกษาขั้นพื้นฐาน (สพฐ.) กระทรวงศึกษาธิการ,โรงเรียนบ้านคึมชาดตาดบกศรีสมพร สพป.ยโสธร เขต 2 สำนักงานคณะกรรมการการศึกษาขั้นพื้นฐาน (สพฐ.) กระทรวงศึกษาธิการ,ใช้พิกัดจุดศูนย์กลางตำบล (Subdistrict Center Fallback),เนื่องจากพิกัดเดิมว่างหรือผิดรูปแบบ จึงดึงพิกัดกึ่งกลางตำบลจาก DB มาใช้แทน,"104.567478,16.123447","Lat: 16.22326875, Long: 104.5569582 (ต.สามแยก อ.เลิงนกทา)"
9263,โรงเรียนบ้านโคกกลาง สพป.ยโสธร เขต 2 สำนักงานคณะกรรมการการศึกษาขั้นพื้นฐาน (สพฐ.) กระทรวงศึกษาธิการ,โรงเรียนบ้านโคกกลาง สพป.ยโสธร เขต 2 สำนักงานคณะกรรมการการศึกษาขั้นพื้นฐาน (สพฐ.) กระทรวงศึกษาธิการ (ต.ไผ่),ต่อท้ายชื่อแก้ชื่อซ้ำ (Name Suffix),เติม  (ต.ไผ่) ต่อท้ายชื่อเพื่อป้องกันชื่อซ้ำในระดับเดียวกัน,โรงเรียนบ้านโคกกลาง สพป.ยโสธร เขต 2 สำนักงานคณะกรรมการการศึกษาขั้นพื้นฐาน (สพฐ.) กระทรวงศึกษาธิการ,โรงเรียนบ้านโคกกลาง สพป.ยโสธร เขต 2 สำนักงานคณะกรรมการการศึกษาขั้นพื้นฐาน (สพฐ.) กระทรวงศึกษาธิการ (ต.ไผ่)
9380,โรงเรียนบ้านห้วยหว้า สพป.ชัยภูมิ เขต 1 สำนักงานคณะกรรมการการศึกษาขั้นพื้นฐาน (สพฐ.) กระทรวงศึกษาธิการ,โรงเรียนบ้านห้วยหว้า สพป.ชัยภูมิ เขต 1 สำนักงานคณะกรรมการการศึกษาขั้นพื้นฐาน (สพฐ.) กระทรวงศึกษาธิการ (ต.ห้วยบง),ต่อท้ายชื่อแก้ชื่อซ้ำ (Name Suffix),เติม  (ต.ห้วยบง) ต่อท้ายชื่อเพื่อป้องกันชื่อซ้ำในระดับเดียวกัน,โรงเรียนบ้านห้วยหว้า สพป.ชัยภูมิ เขต 1 สำนักงานคณะกรรมการการศึกษาขั้นพื้นฐาน (สพฐ.) กระทรวงศึกษาธิการ,โรงเรียนบ้านห้วยหว้า สพป.ชัยภูมิ เขต 1 สำนักงานคณะกรรมการการศึกษาขั้นพื้นฐาน (สพฐ.) กระทรวงศึกษาธิการ (ต.ห้วยบง)
9455,โรงเรียนบ้านโคกสะอาด สพป.ชัยภูมิ เขต 3 สำนักงานคณะกรรมการการศึกษาขั้นพื้นฐาน (สพฐ.) กระทรวงศึกษาธิการ,โรงเรียนบ้านโคกสะอาด สพป.ชัยภูมิ เขต 3 สำนักงานคณะกรรมการการศึกษาขั้นพื้นฐาน (สพฐ.) กระทรวงศึกษาธิการ (ต.โคกเริงรมย์),ต่อท้ายชื่อแก้ชื่อซ้ำ (Name Suffix),เติม  (ต.โคกเริงรมย์) ต่อท้ายชื่อเพื่อป้องกันชื่อซ้ำในระดับเดียวกัน,โรงเรียนบ้านโคกสะอาด สพป.ชัยภูมิ เขต 3 สำนักงานคณะกรรมการการศึกษาขั้นพื้นฐาน (สพฐ.) กระทรวงศึกษาธิการ,โรงเรียนบ้านโคกสะอาด สพป.ชัยภูมิ เขต 3 สำนักงานคณะกรรมการการศึกษาขั้นพื้นฐาน (สพฐ.) กระทรวงศึกษาธิการ (ต.โคกเริงรมย์)
9510,โรงเรียนบ้านโคกสะอาด สพป.ชัยภูมิ เขต 3 สำนักงานคณะกรรมการการศึกษาขั้นพื้นฐาน (สพฐ.) กระทรวงศึกษาธิการ,โรงเรียนบ้านโคกสะอาด สพป.ชัยภูมิ เขต 3 สำนักงานคณะกรรมการการศึกษาขั้นพื้นฐาน (สพฐ.) กระทรวงศึกษาธิการ (ต.นายางกลัก),ต่อท้ายชื่อแก้ชื่อซ้ำ (Name Suffix),เติม  (ต.นายางกลัก) ต่อท้ายชื่อเพื่อป้องกันชื่อซ้ำในระดับเดียวกัน,โรงเรียนบ้านโคกสะอาด สพป.ชัยภูมิ เขต 3 สำนักงานคณะกรรมการการศึกษาขั้นพื้นฐาน (สพฐ.) กระทรวงศึกษาธิการ,โรงเรียนบ้านโคกสะอาด สพป.ชัยภูมิ เขต 3 สำนักงานคณะกรรมการการศึกษาขั้นพื้นฐาน (สพฐ.) กระทรวงศึกษาธิการ (ต.นายางกลัก)
9523,โรงเรียนบ้านโคกสะอาด สพป.ชัยภูมิ เขต 3 สำนักงานคณะกรรมการการศึกษาขั้นพื้นฐาน (สพฐ.) กระทรวงศึกษาธิการ,โรงเรียนบ้านโคกสะอาด สพป.ชัยภูมิ เขต 3 สำนักงานคณะกรรมการการศึกษาขั้นพื้นฐาน (สพฐ.) กระทรวงศึกษาธิการ (ต.โคกสะอาด),ต่อท้ายชื่อแก้ชื่อซ้ำ (Name Suffix),เติม  (ต.โคกสะอาด) ต่อท้ายชื่อเพื่อป้องกันชื่อซ้ำในระดับเดียวกัน,โรงเรียนบ้านโคกสะอาด สพป.ชัยภูมิ เขต 3 สำนักงานคณะกรรมการการศึกษาขั้นพื้นฐาน (สพฐ.) กระทรวงศึกษาธิการ,โรงเรียนบ้านโคกสะอาด สพป.ชัยภูมิ เขต 3 สำนักงานคณะกรรมการการศึกษาขั้นพื้นฐาน (สพฐ.) กระทรวงศึกษาธิการ (ต.โคกสะอาด)
9563,โรงเรียนบ้านโนนโพธิ์ สพป.ชัยภูมิ เขต 1 สำนักงานคณะกรรมการการศึกษาขั้นพื้นฐาน (สพฐ.) กระทรวงศึกษาธิการ,โรงเรียนบ้านโนนโพธิ์ สพป.ชัยภูมิ เขต 1 สำนักงานคณะกรรมการการศึกษาขั้นพื้นฐาน (สพฐ.) กระทรวงศึกษาธิการ (ต.ลุ่มลำชี),ต่อท้ายชื่อแก้ชื่อซ้ำ (Name Suffix),เติม  (ต.ลุ่มลำชี) ต่อท้ายชื่อเพื่อป้องกันชื่อซ้ำในระดับเดียวกัน,โรงเรียนบ้านโนนโพธิ์ สพป.ชัยภูมิ เขต 1 สำนักงานคณะกรรมการการศึกษาขั้นพื้นฐาน (สพฐ.) กระทรวงศึกษาธิการ,โรงเรียนบ้านโนนโพธิ์ สพป.ชัยภูมิ เขต 1 สำนักงานคณะกรรมการการศึกษาขั้นพื้นฐาน (สพฐ.) กระทรวงศึกษาธิการ (ต.ลุ่มลำชี)
9599,โรงเรียนบ้านห้วยหว้า สพป.ชัยภูมิ เขต 1 สำนักงานคณะกรรมการการศึกษาขั้นพื้นฐาน (สพฐ.) กระทรวงศึกษาธิการ,โรงเรียนบ้านห้วยหว้า สพป.ชัยภูมิ เขต 1 สำนักงานคณะกรรมการการศึกษาขั้นพื้นฐาน (สพฐ.) กระทรวงศึกษาธิการ (ต.หนองแวง),ต่อท้ายชื่อแก้ชื่อซ้ำ (Name Suffix),เติม  (ต.หนองแวง) ต่อท้ายชื่อเพื่อป้องกันชื่อซ้ำในระดับเดียวกัน,โรงเรียนบ้านห้วยหว้า สพป.ชัยภูมิ เขต 1 สำนักงานคณะกรรมการการศึกษาขั้นพื้นฐาน (สพฐ.) กระทรวงศึกษาธิการ,โรงเรียนบ้านห้วยหว้า สพป.ชัยภูมิ เขต 1 สำนักงานคณะกรรมการการศึกษาขั้นพื้นฐาน (สพฐ.) กระทรวงศึกษาธิการ (ต.หนองแวง)
9641,โรงเรียนบ้านโนนคูณ สพป.ชัยภูมิ เขต 2 สำนักงานคณะกรรมการการศึกษาขั้นพื้นฐาน (สพฐ.) กระทรวงศึกษาธิการ,โรงเรียนบ้านโนนคูณ สพป.ชัยภูมิ เขต 2 สำนักงานคณะกรรมการการศึกษาขั้นพื้นฐาน (สพฐ.) กระทรวงศึกษาธิการ (ต.หนองไผ่),ต่อท้ายชื่อแก้ชื่อซ้ำ (Name Suffix),เติม  (ต.หนองไผ่) ต่อท้ายชื่อเพื่อป้องกันชื่อซ้ำในระดับเดียวกัน,โรงเรียนบ้านโนนคูณ สพป.ชัยภูมิ เขต 2 สำนักงานคณะกรรมการการศึกษาขั้นพื้นฐาน (สพฐ.) กระทรวงศึกษาธิการ,โรงเรียนบ้านโนนคูณ สพป.ชัยภูมิ เขต 2 สำนักงานคณะกรรมการการศึกษาขั้นพื้นฐาน (สพฐ.) กระทรวงศึกษาธิการ (ต.หนองไผ่)
9650,โรงเรียนบ้านโนนสะอาด สพป.ชัยภูมิ เขต 2 สำนักงานคณะกรรมการการศึกษาขั้นพื้นฐาน (สพฐ.) กระทรวงศึกษาธิการ,โรงเรียนบ้านโนนสะอาด สพป.ชัยภูมิ เขต 2 สำนักงานคณะกรรมการการศึกษาขั้นพื้นฐาน (สพฐ.) กระทรวงศึกษาธิการ (ต.บ้านแก้ง),ต่อท้ายชื่อแก้ชื่อซ้ำ (Name Suffix),เติม  (ต.บ้านแก้ง) ต่อท้ายชื่อเพื่อป้องกันชื่อซ้ำในระดับเดียวกัน,โรงเรียนบ้านโนนสะอาด สพป.ชัยภูมิ เขต 2 สำนักงานคณะกรรมการการศึกษาขั้นพื้นฐาน (สพฐ.) กระทรวงศึกษาธิการ,โรงเรียนบ้านโนนสะอาด สพป.ชัยภูมิ เขต 2 สำนักงานคณะกรรมการการศึกษาขั้นพื้นฐาน (สพฐ.) กระทรวงศึกษาธิการ (ต.บ้านแก้ง)
9657,โรงเรียนบ้านนาหนองทุ่ม สพป.ชัยภูมิ เขต 2 สำนักงานคณะกรรมการการศึกษาขั้นพื้นฐาน (สพฐ.) กระทรวงศึกษาธิการ,โรงเรียนบ้านนาหนองทุ่ม สพป.ชัยภูมิ เขต 2 สำนักงานคณะกรรมการการศึกษาขั้นพื้นฐาน (สพฐ.) กระทรวงศึกษาธิการ (ต.นาหนองทุ่ม),ต่อท้ายชื่อแก้ชื่อซ้ำ (Name Suffix),เติม  (ต.นาหนองทุ่ม) ต่อท้ายชื่อเพื่อป้องกันชื่อซ้ำในระดับเดียวกัน,โรงเรียนบ้านนาหนองทุ่ม สพป.ชัยภูมิ เขต 2 สำนักงานคณะกรรมการการศึกษาขั้นพื้นฐาน (สพฐ.) กระทรวงศึกษาธิการ,โรงเรียนบ้านนาหนองทุ่ม สพป.ชัยภูมิ เขต 2 สำนักงานคณะกรรมการการศึกษาขั้นพื้นฐาน (สพฐ.) กระทรวงศึกษาธิการ (ต.นาหนองทุ่ม)
9667,โรงเรียนบ้านหนองแวง สพป.ชัยภูมิ เขต 2 สำนักงานคณะกรรมการการศึกษาขั้นพื้นฐาน (สพฐ.) กระทรวงศึกษาธิการ,โรงเรียนบ้านหนองแวง สพป.ชัยภูมิ เขต 2 สำนักงานคณะกรรมการการศึกษาขั้นพื้นฐาน (สพฐ.) กระทรวงศึกษาธิการ (ต.โคกกุง),ต่อท้ายชื่อแก้ชื่อซ้ำ (Name Suffix),เติม  (ต.โคกกุง) ต่อท้ายชื่อเพื่อป้องกันชื่อซ้ำในระดับเดียวกัน,โรงเรียนบ้านหนองแวง สพป.ชัยภูมิ เขต 2 สำนักงานคณะกรรมการการศึกษาขั้นพื้นฐาน (สพฐ.) กระทรวงศึกษาธิการ,โรงเรียนบ้านหนองแวง สพป.ชัยภูมิ เขต 2 สำนักงานคณะกรรมการการศึกษาขั้นพื้นฐาน (สพฐ.) กระทรวงศึกษาธิการ (ต.โคกกุง)
9671,โรงเรียนบ้านหนองขาม สพป.ชัยภูมิ เขต 2 สำนักงานคณะกรรมการการศึกษาขั้นพื้นฐาน (สพฐ.) กระทรวงศึกษาธิการ,โรงเรียนบ้านหนองขาม สพป.ชัยภูมิ เขต 2 สำนักงานคณะกรรมการการศึกษาขั้นพื้นฐาน (สพฐ.) กระทรวงศึกษาธิการ (ต.หนองขาม),ต่อท้ายชื่อแก้ชื่อซ้ำ (Name Suffix),เติม  (ต.หนองขาม) ต่อท้ายชื่อเพื่อป้องกันชื่อซ้ำในระดับเดียวกัน,โรงเรียนบ้านหนองขาม สพป.ชัยภูมิ เขต 2 สำนักงานคณะกรรมการการศึกษาขั้นพื้นฐาน (สพฐ.) กระทรวงศึกษาธิการ,โรงเรียนบ้านหนองขาม สพป.ชัยภูมิ เขต 2 สำนักงานคณะกรรมการการศึกษาขั้นพื้นฐาน (สพฐ.) กระทรวงศึกษาธิการ (ต.หนองขาม)
9694,โรงเรียนบ้านโนนโพธิ์ สพป.ชัยภูมิ เขต 1 สำนักงานคณะกรรมการการศึกษาขั้นพื้นฐาน (สพฐ.) กระทรวงศึกษาธิการ,โรงเรียนบ้านโนนโพธิ์ สพป.ชัยภูมิ เขต 1 สำนักงานคณะกรรมการการศึกษาขั้นพื้นฐาน (สพฐ.) กระทรวงศึกษาธิการ (ต.คอนสวรรค์),ต่อท้ายชื่อแก้ชื่อซ้ำ (Name Suffix),เติม  (ต.คอนสวรรค์) ต่อท้ายชื่อเพื่อป้องกันชื่อซ้ำในระดับเดียวกัน,โรงเรียนบ้านโนนโพธิ์ สพป.ชัยภูมิ เขต 1 สำนักงานคณะกรรมการการศึกษาขั้นพื้นฐาน (สพฐ.) กระทรวงศึกษาธิการ,โรงเรียนบ้านโนนโพธิ์ สพป.ชัยภูมิ เขต 1 สำนักงานคณะกรรมการการศึกษาขั้นพื้นฐาน (สพฐ.) กระทรวงศึกษาธิการ (ต.คอนสวรรค์)
9727,โรงเรียนบ้านโนนคูณ สพป.ชัยภูมิ เขต 2 สำนักงานคณะกรรมการการศึกษาขั้นพื้นฐาน (สพฐ.) กระทรวงศึกษาธิการ,โรงเรียนบ้านโนนคูณ สพป.ชัยภูมิ เขต 2 สำนักงานคณะกรรมการการศึกษาขั้นพื้นฐาน (สพฐ.) กระทรวงศึกษาธิการ (ต.บ้านแท่น),ต่อท้ายชื่อแก้ชื่อซ้ำ (Name Suffix),เติม  (ต.บ้านแท่น) ต่อท้ายชื่อเพื่อป้องกันชื่อซ้ำในระดับเดียวกัน,โรงเรียนบ้านโนนคูณ สพป.ชัยภูมิ เขต 2 สำนักงานคณะกรรมการการศึกษาขั้นพื้นฐาน (สพฐ.) กระทรวงศึกษาธิการ,โรงเรียนบ้านโนนคูณ สพป.ชัยภูมิ เขต 2 สำนักงานคณะกรรมการการศึกษาขั้นพื้นฐาน (สพฐ.) กระทรวงศึกษาธิการ (ต.บ้านแท่น)
9730,โรงเรียนบ้านหนองบัว สพป.ชัยภูมิ เขต 2 สำนักงานคณะกรรมการการศึกษาขั้นพื้นฐาน (สพฐ.) กระทรวงศึกษาธิการ,โรงเรียนบ้านหนองบัว สพป.ชัยภูมิ เขต 2 สำนักงานคณะกรรมการการศึกษาขั้นพื้นฐาน (สพฐ.) กระทรวงศึกษาธิการ (ต.บ้านแท่น),ต่อท้ายชื่อแก้ชื่อซ้ำ (Name Suffix),เติม  (ต.บ้านแท่น) ต่อท้ายชื่อเพื่อป้องกันชื่อซ้ำในระดับเดียวกัน,โรงเรียนบ้านหนองบัว สพป.ชัยภูมิ เขต 2 สำนักงานคณะกรรมการการศึกษาขั้นพื้นฐาน (สพฐ.) กระทรวงศึกษาธิการ,โรงเรียนบ้านหนองบัว สพป.ชัยภูมิ เขต 2 สำนักงานคณะกรรมการการศึกษาขั้นพื้นฐาน (สพฐ.) กระทรวงศึกษาธิการ (ต.บ้านแท่น)
9753,โรงเรียนบ้านโนนสะอาด สพป.ชัยภูมิ เขต 2 สำนักงานคณะกรรมการการศึกษาขั้นพื้นฐาน (สพฐ.) กระทรวงศึกษาธิการ,โรงเรียนบ้านโนนสะอาด สพป.ชัยภูมิ เขต 2 สำนักงานคณะกรรมการการศึกษาขั้นพื้นฐาน (สพฐ.) กระทรวงศึกษาธิการ (ต.หนองคู),ต่อท้ายชื่อแก้ชื่อซ้ำ (Name Suffix),เติม  (ต.หนองคู) ต่อท้ายชื่อเพื่อป้องกันชื่อซ้ำในระดับเดียวกัน,โรงเรียนบ้านโนนสะอาด สพป.ชัยภูมิ เขต 2 สำนักงานคณะกรรมการการศึกษาขั้นพื้นฐาน (สพฐ.) กระทรวงศึกษาธิการ,โรงเรียนบ้านโนนสะอาด สพป.ชัยภูมิ เขต 2 สำนักงานคณะกรรมการการศึกษาขั้นพื้นฐาน (สพฐ.) กระทรวงศึกษาธิการ (ต.หนองคู)
9786,โรงเรียนบ้านฉนวน สพป.ชัยภูมิ เขต 2 สำนักงานคณะกรรมการการศึกษาขั้นพื้นฐาน (สพฐ.) กระทรวงศึกษาธิการ,โรงเรียนบ้านฉนวน สพป.ชัยภูมิ เขต 2 สำนักงานคณะกรรมการการศึกษาขั้นพื้นฐาน (สพฐ.) กระทรวงศึกษาธิการ (ต.บ้านดอน),ต่อท้ายชื่อแก้ชื่อซ้ำ (Name Suffix),เติม  (ต.บ้านดอน) ต่อท้ายชื่อเพื่อป้องกันชื่อซ้ำในระดับเดียวกัน,โรงเรียนบ้านฉนวน สพป.ชัยภูมิ เขต 2 สำนักงานคณะกรรมการการศึกษาขั้นพื้นฐาน (สพฐ.) กระทรวงศึกษาธิการ,โรงเรียนบ้านฉนวน สพป.ชัยภูมิ เขต 2 สำนักงานคณะกรรมการการศึกษาขั้นพื้นฐาน (สพฐ.) กระทรวงศึกษาธิการ (ต.บ้านดอน)
9787,โรงเรียนบ้านหนองขาม สพป.ชัยภูมิ เขต 2 สำนักงานคณะกรรมการการศึกษาขั้นพื้นฐาน (สพฐ.) กระทรวงศึกษาธิการ,โรงเรียนบ้านหนองขาม สพป.ชัยภูมิ เขต 2 สำนักงานคณะกรรมการการศึกษาขั้นพื้นฐาน (สพฐ.) กระทรวงศึกษาธิการ (ต.บ้านเพชร),ต่อท้ายชื่อแก้ชื่อซ้ำ (Name Suffix),เติม  (ต.บ้านเพชร) ต่อท้ายชื่อเพื่อป้องกันชื่อซ้ำในระดับเดียวกัน,โรงเรียนบ้านหนองขาม สพป.ชัยภูมิ เขต 2 สำนักงานคณะกรรมการการศึกษาขั้นพื้นฐาน (สพฐ.) กระทรวงศึกษาธิการ,โรงเรียนบ้านหนองขาม สพป.ชัยภูมิ เขต 2 สำนักงานคณะกรรมการการศึกษาขั้นพื้นฐาน (สพฐ.) กระทรวงศึกษาธิการ (ต.บ้านเพชร)
9799,โรงเรียนบ้านหนองแวง สพป.ชัยภูมิ เขต 2 สำนักงานคณะกรรมการการศึกษาขั้นพื้นฐาน (สพฐ.) กระทรวงศึกษาธิการ,โรงเรียนบ้านหนองแวง สพป.ชัยภูมิ เขต 2 สำนักงานคณะกรรมการการศึกษาขั้นพื้นฐาน (สพฐ.) กระทรวงศึกษาธิการ (ต.โอโล),ต่อท้ายชื่อแก้ชื่อซ้ำ (Name Suffix),เติม  (ต.โอโล) ต่อท้ายชื่อเพื่อป้องกันชื่อซ้ำในระดับเดียวกัน,โรงเรียนบ้านหนองแวง สพป.ชัยภูมิ เขต 2 สำนักงานคณะกรรมการการศึกษาขั้นพื้นฐาน (สพฐ.) กระทรวงศึกษาธิการ,โรงเรียนบ้านหนองแวง สพป.ชัยภูมิ เขต 2 สำนักงานคณะกรรมการการศึกษาขั้นพื้นฐาน (สพฐ.) กระทรวงศึกษาธิการ (ต.โอโล)
9814,โรงเรียนบ้านนาหนองทุ่ม สพป.ชัยภูมิ เขต 2 สำนักงานคณะกรรมการการศึกษาขั้นพื้นฐาน (สพฐ.) กระทรวงศึกษาธิการ,โรงเรียนบ้านนาหนองทุ่ม สพป.ชัยภูมิ เขต 2 สำนักงานคณะกรรมการการศึกษาขั้นพื้นฐาน (สพฐ.) กระทรวงศึกษาธิการ (ต.บ้านแก้ง),ต่อท้ายชื่อแก้ชื่อซ้ำ (Name Suffix),เติม  (ต.บ้านแก้ง) ต่อท้ายชื่อเพื่อป้องกันชื่อซ้ำในระดับเดียวกัน,โรงเรียนบ้านนาหนองทุ่ม สพป.ชัยภูมิ เขต 2 สำนักงานคณะกรรมการการศึกษาขั้นพื้นฐาน (สพฐ.) กระทรวงศึกษาธิการ,โรงเรียนบ้านนาหนองทุ่ม สพป.ชัยภูมิ เขต 2 สำนักงานคณะกรรมการการศึกษาขั้นพื้นฐาน (สพฐ.) กระทรวงศึกษาธิการ (ต.บ้านแก้ง)
9854,โรงเรียนบ้านโนนคูณ สพป.ชัยภูมิ เขต 2 สำนักงานคณะกรรมการการศึกษาขั้นพื้นฐาน (สพฐ.) กระทรวงศึกษาธิการ,โรงเรียนบ้านโนนคูณ สพป.ชัยภูมิ เขต 2 สำนักงานคณะกรรมการการศึกษาขั้นพื้นฐาน (สพฐ.) กระทรวงศึกษาธิการ (ต.โนนคูณ),ต่อท้ายชื่อแก้ชื่อซ้ำ (Name Suffix),เติม  (ต.โนนคูณ) ต่อท้ายชื่อเพื่อป้องกันชื่อซ้ำในระดับเดียวกัน,โรงเรียนบ้านโนนคูณ สพป.ชัยภูมิ เขต 2 สำนักงานคณะกรรมการการศึกษาขั้นพื้นฐาน (สพฐ.) กระทรวงศึกษาธิการ,โรงเรียนบ้านโนนคูณ สพป.ชัยภูมิ เขต 2 สำนักงานคณะกรรมการการศึกษาขั้นพื้นฐาน (สพฐ.) กระทรวงศึกษาธิการ (ต.โนนคูณ)
9880,โรงเรียนบ้านฉนวน สพป.ชัยภูมิ เขต 2 สำนักงานคณะกรรมการการศึกษาขั้นพื้นฐาน (สพฐ.) กระทรวงศึกษาธิการ,โรงเรียนบ้านฉนวน สพป.ชัยภูมิ เขต 2 สำนักงานคณะกรรมการการศึกษาขั้นพื้นฐาน (สพฐ.) กระทรวงศึกษาธิการ (ต.หนองข่า),ต่อท้ายชื่อแก้ชื่อซ้ำ (Name Suffix),เติม  (ต.หนองข่า) ต่อท้ายชื่อเพื่อป้องกันชื่อซ้ำในระดับเดียวกัน,โรงเรียนบ้านฉนวน สพป.ชัยภูมิ เขต 2 สำนักงานคณะกรรมการการศึกษาขั้นพื้นฐาน (สพฐ.) กระทรวงศึกษาธิการ,โรงเรียนบ้านฉนวน สพป.ชัยภูมิ เขต 2 สำนักงานคณะกรรมการการศึกษาขั้นพื้นฐาน (สพฐ.) กระทรวงศึกษาธิการ (ต.หนองข่า)
9906,โรงเรียนบ้านหนองบัว สพป.ชัยภูมิ เขต 2 สำนักงานคณะกรรมการการศึกษาขั้นพื้นฐาน (สพฐ.) กระทรวงศึกษาธิการ,โรงเรียนบ้านหนองบัว สพป.ชัยภูมิ เขต 2 สำนักงานคณะกรรมการการศึกษาขั้นพื้นฐาน (สพฐ.) กระทรวงศึกษาธิการ (ต.บ้านเดื่อ),ต่อท้ายชื่อแก้ชื่อซ้ำ (Name Suffix),เติม  (ต.บ้านเดื่อ) ต่อท้ายชื่อเพื่อป้องกันชื่อซ้ำในระดับเดียวกัน,โรงเรียนบ้านหนองบัว สพป.ชัยภูมิ เขต 2 สำนักงานคณะกรรมการการศึกษาขั้นพื้นฐาน (สพฐ.) กระทรวงศึกษาธิการ,โรงเรียนบ้านหนองบัว สพป.ชัยภูมิ เขต 2 สำนักงานคณะกรรมการการศึกษาขั้นพื้นฐาน (สพฐ.) กระทรวงศึกษาธิการ (ต.บ้านเดื่อ)
10029,โรงเรียนบ้านดอนดู่ สพป.อำนาจเจริญ สำนักงานคณะกรรมการการศึกษาขั้นพื้นฐาน (สพฐ.) กระทรวงศึกษาธิการ,โรงเรียนบ้านดอนดู่ สพป.อำนาจเจริญ สำนักงานคณะกรรมการการศึกษาขั้นพื้นฐาน (สพฐ.) กระทรวงศึกษาธิการ (ต.น้ำปลีก),ต่อท้ายชื่อแก้ชื่อซ้ำ (Name Suffix),เติม  (ต.น้ำปลีก) ต่อท้ายชื่อเพื่อป้องกันชื่อซ้ำในระดับเดียวกัน,โรงเรียนบ้านดอนดู่ สพป.อำนาจเจริญ สำนักงานคณะกรรมการการศึกษาขั้นพื้นฐาน (สพฐ.) กระทรวงศึกษาธิการ,โรงเรียนบ้านดอนดู่ สพป.อำนาจเจริญ สำนักงานคณะกรรมการการศึกษาขั้นพื้นฐาน (สพฐ.) กระทรวงศึกษาธิการ (ต.น้ำปลีก)
10036,โรงเรียนบ้านโนนหนามแท่ง สพป.อำนาจเจริญ สำนักงานคณะกรรมการการศึกษาขั้นพื้นฐาน (สพฐ.) กระทรวงศึกษาธิการ,โรงเรียนบ้านโนนหนามแท่ง สพป.อำนาจเจริญ สำนักงานคณะกรรมการการศึกษาขั้นพื้นฐาน (สพฐ.) กระทรวงศึกษาธิการ (ต.โนนหนามแท่ง),ต่อท้ายชื่อแก้ชื่อซ้ำ (Name Suffix),เติม  (ต.โนนหนามแท่ง) ต่อท้ายชื่อเพื่อป้องกันชื่อซ้ำในระดับเดียวกัน,โรงเรียนบ้านโนนหนามแท่ง สพป.อำนาจเจริญ สำนักงานคณะกรรมการการศึกษาขั้นพื้นฐาน (สพฐ.) กระทรวงศึกษาธิการ,โรงเรียนบ้านโนนหนามแท่ง สพป.อำนาจเจริญ สำนักงานคณะกรรมการการศึกษาขั้นพื้นฐาน (สพฐ.) กระทรวงศึกษาธิการ (ต.โนนหนามแท่ง)
10126,โรงเรียนบ้านหนองแสง สพป.อำนาจเจริญ สำนักงานคณะกรรมการการศึกษาขั้นพื้นฐาน (สพฐ.) กระทรวงศึกษาธิการ,โรงเรียนบ้านหนองแสง สพป.อำนาจเจริญ สำนักงานคณะกรรมการการศึกษาขั้นพื้นฐาน (สพฐ.) กระทรวงศึกษาธิการ (ต.นาหว้า),ต่อท้ายชื่อแก้ชื่อซ้ำ (Name Suffix),เติม  (ต.นาหว้า) ต่อท้ายชื่อเพื่อป้องกันชื่อซ้ำในระดับเดียวกัน,โรงเรียนบ้านหนองแสง สพป.อำนาจเจริญ สำนักงานคณะกรรมการการศึกษาขั้นพื้นฐาน (สพฐ.) กระทรวงศึกษาธิการ,โรงเรียนบ้านหนองแสง สพป.อำนาจเจริญ สำนักงานคณะกรรมการการศึกษาขั้นพื้นฐาน (สพฐ.) กระทรวงศึกษาธิการ (ต.นาหว้า)
10143,โรงเรียนบ้านดอนดู่ สพป.อำนาจเจริญ สำนักงานคณะกรรมการการศึกษาขั้นพื้นฐาน (สพฐ.) กระทรวงศึกษาธิการ,โรงเรียนบ้านดอนดู่ สพป.อำนาจเจริญ สำนักงานคณะกรรมการการศึกษาขั้นพื้นฐาน (สพฐ.) กระทรวงศึกษาธิการ (ต.ห้วย),ต่อท้ายชื่อแก้ชื่อซ้ำ (Name Suffix),เติม  (ต.ห้วย) ต่อท้ายชื่อเพื่อป้องกันชื่อซ้ำในระดับเดียวกัน,โรงเรียนบ้านดอนดู่ สพป.อำนาจเจริญ สำนักงานคณะกรรมการการศึกษาขั้นพื้นฐาน (สพฐ.) กระทรวงศึกษาธิการ,โรงเรียนบ้านดอนดู่ สพป.อำนาจเจริญ สำนักงานคณะกรรมการการศึกษาขั้นพื้นฐาน (สพฐ.) กระทรวงศึกษาธิการ (ต.ห้วย)
10144,โรงเรียนบ้านคำน้อย สพป.อำนาจเจริญ สำนักงานคณะกรรมการการศึกษาขั้นพื้นฐาน (สพฐ.) กระทรวงศึกษาธิการ,โรงเรียนบ้านคำน้อย สพป.อำนาจเจริญ สำนักงานคณะกรรมการการศึกษาขั้นพื้นฐาน (สพฐ.) กระทรวงศึกษาธิการ (ต.ห้วย),ต่อท้ายชื่อแก้ชื่อซ้ำ (Name Suffix),เติม  (ต.ห้วย) ต่อท้ายชื่อเพื่อป้องกันชื่อซ้ำในระดับเดียวกัน,โรงเรียนบ้านคำน้อย สพป.อำนาจเจริญ สำนักงานคณะกรรมการการศึกษาขั้นพื้นฐาน (สพฐ.) กระทรวงศึกษาธิการ,โรงเรียนบ้านคำน้อย สพป.อำนาจเจริญ สำนักงานคณะกรรมการการศึกษาขั้นพื้นฐาน (สพฐ.) กระทรวงศึกษาธิการ (ต.ห้วย)
10153,โรงเรียนบ้านหนองไฮ สพป.อำนาจเจริญ สำนักงานคณะกรรมการการศึกษาขั้นพื้นฐาน (สพฐ.) กระทรวงศึกษาธิการ,โรงเรียนบ้านหนองไฮ สพป.อำนาจเจริญ สำนักงานคณะกรรมการการศึกษาขั้นพื้นฐาน (สพฐ.) กระทรวงศึกษาธิการ (ต.หนองข่า),ต่อท้ายชื่อแก้ชื่อซ้ำ (Name Suffix),เติม  (ต.หนองข่า) ต่อท้ายชื่อเพื่อป้องกันชื่อซ้ำในระดับเดียวกัน,โรงเรียนบ้านหนองไฮ สพป.อำนาจเจริญ สำนักงานคณะกรรมการการศึกษาขั้นพื้นฐาน (สพฐ.) กระทรวงศึกษาธิการ,โรงเรียนบ้านหนองไฮ สพป.อำนาจเจริญ สำนักงานคณะกรรมการการศึกษาขั้นพื้นฐาน (สพฐ.) กระทรวงศึกษาธิการ (ต.หนองข่า)
10191,โรงเรียนบ้านหนองไฮ สพป.อำนาจเจริญ สำนักงานคณะกรรมการการศึกษาขั้นพื้นฐาน (สพฐ.) กระทรวงศึกษาธิการ,โรงเรียนบ้านหนองไฮ สพป.อำนาจเจริญ สำนักงานคณะกรรมการการศึกษาขั้นพื้นฐาน (สพฐ.) กระทรวงศึกษาธิการ (ต.หนองไฮ),ต่อท้ายชื่อแก้ชื่อซ้ำ (Name Suffix),เติม  (ต.หนองไฮ) ต่อท้ายชื่อเพื่อป้องกันชื่อซ้ำในระดับเดียวกัน,โรงเรียนบ้านหนองไฮ สพป.อำนาจเจริญ สำนักงานคณะกรรมการการศึกษาขั้นพื้นฐาน (สพฐ.) กระทรวงศึกษาธิการ,โรงเรียนบ้านหนองไฮ สพป.อำนาจเจริญ สำนักงานคณะกรรมการการศึกษาขั้นพื้นฐาน (สพฐ.) กระทรวงศึกษาธิการ (ต.หนองไฮ)
10193,โรงเรียนบ้านนาอุดม สพป.อำนาจเจริญ สำนักงานคณะกรรมการการศึกษาขั้นพื้นฐาน (สพฐ.) กระทรวงศึกษาธิการ,โรงเรียนบ้านนาอุดม สพป.อำนาจเจริญ สำนักงานคณะกรรมการการศึกษาขั้นพื้นฐาน (สพฐ.) กระทรวงศึกษาธิการ (ต.หนองไฮ),ต่อท้ายชื่อแก้ชื่อซ้ำ (Name Suffix),เติม  (ต.หนองไฮ) ต่อท้ายชื่อเพื่อป้องกันชื่อซ้ำในระดับเดียวกัน,โรงเรียนบ้านนาอุดม สพป.อำนาจเจริญ สำนักงานคณะกรรมการการศึกษาขั้นพื้นฐาน (สพฐ.) กระทรวงศึกษาธิการ,โรงเรียนบ้านนาอุดม สพป.อำนาจเจริญ สำนักงานคณะกรรมการการศึกษาขั้นพื้นฐาน (สพฐ.) กระทรวงศึกษาธิการ (ต.หนองไฮ)
10219,โรงเรียนบ้านโนนหนามแท่ง สพป.อำนาจเจริญ สำนักงานคณะกรรมการการศึกษาขั้นพื้นฐาน (สพฐ.) กระทรวงศึกษาธิการ,โรงเรียนบ้านโนนหนามแท่ง สพป.อำนาจเจริญ สำนักงานคณะกรรมการการศึกษาขั้นพื้นฐาน (สพฐ.) กระทรวงศึกษาธิการ (ต.คำพระ),ต่อท้ายชื่อแก้ชื่อซ้ำ (Name Suffix),เติม  (ต.คำพระ) ต่อท้ายชื่อเพื่อป้องกันชื่อซ้ำในระดับเดียวกัน,โรงเรียนบ้านโนนหนามแท่ง สพป.อำนาจเจริญ สำนักงานคณะกรรมการการศึกษาขั้นพื้นฐาน (สพฐ.) กระทรวงศึกษาธิการ,โรงเรียนบ้านโนนหนามแท่ง สพป.อำนาจเจริญ สำนักงานคณะกรรมการการศึกษาขั้นพื้นฐาน (สพฐ.) กระทรวงศึกษาธิการ (ต.คำพระ)
10230,โรงเรียนบ้านคำน้อย สพป.อำนาจเจริญ สำนักงานคณะกรรมการการศึกษาขั้นพื้นฐาน (สพฐ.) กระทรวงศึกษาธิการ,โรงเรียนบ้านคำน้อย สพป.อำนาจเจริญ สำนักงานคณะกรรมการการศึกษาขั้นพื้นฐาน (สพฐ.) กระทรวงศึกษาธิการ (ต.สร้างถ่อน้อย),ต่อท้ายชื่อแก้ชื่อซ้ำ (Name Suffix),เติม  (ต.สร้างถ่อน้อย) ต่อท้ายชื่อเพื่อป้องกันชื่อซ้ำในระดับเดียวกัน,โรงเรียนบ้านคำน้อย สพป.อำนาจเจริญ สำนักงานคณะกรรมการการศึกษาขั้นพื้นฐาน (สพฐ.) กระทรวงศึกษาธิการ,โรงเรียนบ้านคำน้อย สพป.อำนาจเจริญ สำนักงานคณะกรรมการการศึกษาขั้นพื้นฐาน (สพฐ.) กระทรวงศึกษาธิการ (ต.สร้างถ่อน้อย)
10237,โรงเรียนบ้านหนองแสง สพป.อำนาจเจริญ สำนักงานคณะกรรมการการศึกษาขั้นพื้นฐาน (สพฐ.) กระทรวงศึกษาธิการ,โรงเรียนบ้านหนองแสง สพป.อำนาจเจริญ สำนักงานคณะกรรมการการศึกษาขั้นพื้นฐาน (สพฐ.) กระทรวงศึกษาธิการ (ต.รัตนวารี),ต่อท้ายชื่อแก้ชื่อซ้ำ (Name Suffix),เติม  (ต.รัตนวารี) ต่อท้ายชื่อเพื่อป้องกันชื่อซ้ำในระดับเดียวกัน,โรงเรียนบ้านหนองแสง สพป.อำนาจเจริญ สำนักงานคณะกรรมการการศึกษาขั้นพื้นฐาน (สพฐ.) กระทรวงศึกษาธิการ,โรงเรียนบ้านหนองแสง สพป.อำนาจเจริญ สำนักงานคณะกรรมการการศึกษาขั้นพื้นฐาน (สพฐ.) กระทรวงศึกษาธิการ (ต.รัตนวารี)
10266,โรงเรียนบ้านนาอุดม สพป.อำนาจเจริญ สำนักงานคณะกรรมการการศึกษาขั้นพื้นฐาน (สพฐ.) กระทรวงศึกษาธิการ,โรงเรียนบ้านนาอุดม สพป.อำนาจเจริญ สำนักงานคณะกรรมการการศึกษาขั้นพื้นฐาน (สพฐ.) กระทรวงศึกษาธิการ (ต.ไร่ขี),ต่อท้ายชื่อแก้ชื่อซ้ำ (Name Suffix),เติม  (ต.ไร่ขี) ต่อท้ายชื่อเพื่อป้องกันชื่อซ้ำในระดับเดียวกัน,โรงเรียนบ้านนาอุดม สพป.อำนาจเจริญ สำนักงานคณะกรรมการการศึกษาขั้นพื้นฐาน (สพฐ.) กระทรวงศึกษาธิการ,โรงเรียนบ้านนาอุดม สพป.อำนาจเจริญ สำนักงานคณะกรรมการการศึกษาขั้นพื้นฐาน (สพฐ.) กระทรวงศึกษาธิการ (ต.ไร่ขี)
10312,โรงเรียนบ้านหนองจิก สพป.บึงกาฬ สำนักงานคณะกรรมการการศึกษาขั้นพื้นฐาน (สพฐ.) กระทรวงศึกษาธิการ,โรงเรียนบ้านหนองจิก สพป.บึงกาฬ สำนักงานคณะกรรมการการศึกษาขั้นพื้นฐาน (สพฐ.) กระทรวงศึกษาธิการ (ต.หนองทุ่ม),ต่อท้ายชื่อแก้ชื่อซ้ำ (Name Suffix),เติม  (ต.หนองทุ่ม) ต่อท้ายชื่อเพื่อป้องกันชื่อซ้ำในระดับเดียวกัน,โรงเรียนบ้านหนองจิก สพป.บึงกาฬ สำนักงานคณะกรรมการการศึกษาขั้นพื้นฐาน (สพฐ.) กระทรวงศึกษาธิการ,โรงเรียนบ้านหนองจิก สพป.บึงกาฬ สำนักงานคณะกรรมการการศึกษาขั้นพื้นฐาน (สพฐ.) กระทรวงศึกษาธิการ (ต.หนองทุ่ม)
10342,โรงเรียนบ้านโคกสะอาด สพป.บึงกาฬ สำนักงานคณะกรรมการการศึกษาขั้นพื้นฐาน (สพฐ.) กระทรวงศึกษาธิการ,โรงเรียนบ้านโคกสะอาด สพป.บึงกาฬ สำนักงานคณะกรรมการการศึกษาขั้นพื้นฐาน (สพฐ.) กระทรวงศึกษาธิการ (ต.โซ่),ต่อท้ายชื่อแก้ชื่อซ้ำ (Name Suffix),เติม  (ต.โซ่) ต่อท้ายชื่อเพื่อป้องกันชื่อซ้ำในระดับเดียวกัน,โรงเรียนบ้านโคกสะอาด สพป.บึงกาฬ สำนักงานคณะกรรมการการศึกษาขั้นพื้นฐาน (สพฐ.) กระทรวงศึกษาธิการ,โรงเรียนบ้านโคกสะอาด สพป.บึงกาฬ สำนักงานคณะกรรมการการศึกษาขั้นพื้นฐาน (สพฐ.) กระทรวงศึกษาธิการ (ต.โซ่)
10393,โรงเรียนบ้านโคกสะอาด สพป.บึงกาฬ สำนักงานคณะกรรมการการศึกษาขั้นพื้นฐาน (สพฐ.) กระทรวงศึกษาธิการ,โรงเรียนบ้านโคกสะอาด สพป.บึงกาฬ สำนักงานคณะกรรมการการศึกษาขั้นพื้นฐาน (สพฐ.) กระทรวงศึกษาธิการ (ต.หอคำ),ต่อท้ายชื่อแก้ชื่อซ้ำ (Name Suffix),เติม  (ต.หอคำ) ต่อท้ายชื่อเพื่อป้องกันชื่อซ้ำในระดับเดียวกัน,โรงเรียนบ้านโคกสะอาด สพป.บึงกาฬ สำนักงานคณะกรรมการการศึกษาขั้นพื้นฐาน (สพฐ.) กระทรวงศึกษาธิการ,โรงเรียนบ้านโคกสะอาด สพป.บึงกาฬ สำนักงานคณะกรรมการการศึกษาขั้นพื้นฐาน (สพฐ.) กระทรวงศึกษาธิการ (ต.หอคำ)
10495,โรงเรียนบ้านหนองจิก สพป.บึงกาฬ สำนักงานคณะกรรมการการศึกษาขั้นพื้นฐาน (สพฐ.) กระทรวงศึกษาธิการ,โรงเรียนบ้านหนองจิก สพป.บึงกาฬ สำนักงานคณะกรรมการการศึกษาขั้นพื้นฐาน (สพฐ.) กระทรวงศึกษาธิการ (ต.นาสะแบง),ต่อท้ายชื่อแก้ชื่อซ้ำ (Name Suffix),เติม  (ต.นาสะแบง) ต่อท้ายชื่อเพื่อป้องกันชื่อซ้ำในระดับเดียวกัน,โรงเรียนบ้านหนองจิก สพป.บึงกาฬ สำนักงานคณะกรรมการการศึกษาขั้นพื้นฐาน (สพฐ.) กระทรวงศึกษาธิการ,โรงเรียนบ้านหนองจิก สพป.บึงกาฬ สำนักงานคณะกรรมการการศึกษาขั้นพื้นฐาน (สพฐ.) กระทรวงศึกษาธิการ (ต.นาสะแบง)
10595,โรงเรียนบ้านกุดฉิม สพป.หนองบัวลำภู เขต 1 สำนักงานคณะกรรมการการศึกษาขั้นพื้นฐาน (สพฐ.) กระทรวงศึกษาธิการ,โรงเรียนบ้านกุดฉิม สพป.หนองบัวลำภู เขต 1 สำนักงานคณะกรรมการการศึกษาขั้นพื้นฐาน (สพฐ.) กระทรวงศึกษาธิการ (ต.นาคำไฮ),ต่อท้ายชื่อแก้ชื่อซ้ำ (Name Suffix),เติม  (ต.นาคำไฮ) ต่อท้ายชื่อเพื่อป้องกันชื่อซ้ำในระดับเดียวกัน,โรงเรียนบ้านกุดฉิม สพป.หนองบัวลำภู เขต 1 สำนักงานคณะกรรมการการศึกษาขั้นพื้นฐาน (สพฐ.) กระทรวงศึกษาธิการ,โรงเรียนบ้านกุดฉิม สพป.หนองบัวลำภู เขต 1 สำนักงานคณะกรรมการการศึกษาขั้นพื้นฐาน (สพฐ.) กระทรวงศึกษาธิการ (ต.นาคำไฮ)
10805,โรงเรียนบ้านกุดฉิม สพป.หนองบัวลำภู เขต 1 สำนักงานคณะกรรมการการศึกษาขั้นพื้นฐาน (สพฐ.) กระทรวงศึกษาธิการ,โรงเรียนบ้านกุดฉิม สพป.หนองบัวลำภู เขต 1 สำนักงานคณะกรรมการการศึกษาขั้นพื้นฐาน (สพฐ.) กระทรวงศึกษาธิการ (ต.บ้านค้อ),ต่อท้ายชื่อแก้ชื่อซ้ำ (Name Suffix),เติม  (ต.บ้านค้อ) ต่อท้ายชื่อเพื่อป้องกันชื่อซ้ำในระดับเดียวกัน,โรงเรียนบ้านกุดฉิม สพป.หนองบัวลำภู เขต 1 สำนักงานคณะกรรมการการศึกษาขั้นพื้นฐาน (สพฐ.) กระทรวงศึกษาธิการ,โรงเรียนบ้านกุดฉิม สพป.หนองบัวลำภู เขต 1 สำนักงานคณะกรรมการการศึกษาขั้นพื้นฐาน (สพฐ.) กระทรวงศึกษาธิการ (ต.บ้านค้อ)
10945,โรงเรียนบ้านหินขาว สพป.ขอนแก่น เขต 1 สำนักงานคณะกรรมการการศึกษาขั้นพื้นฐาน (สพฐ.) กระทรวงศึกษาธิการ,โรงเรียนบ้านหินขาว สพป.ขอนแก่น เขต 1 สำนักงานคณะกรรมการการศึกษาขั้นพื้นฐาน (สพฐ.) กระทรวงศึกษาธิการ,ใช้พิกัดจุดศูนย์กลางตำบล (Subdistrict Center Fallback),เนื่องจากพิกัดเดิมว่างหรือผิดรูปแบบ จึงดึงพิกัดกึ่งกลางตำบลจาก DB มาใช้แทน,"85.051129,-180","Lat: 16.53491387, Long: 102.6848413 (ต.สาวะถี อ.เมืองขอนแก่น)"
11009,โรงเรียนบ้านโนนหัวช้าง สพป.ขอนแก่น เขต 4 สำนักงานคณะกรรมการการศึกษาขั้นพื้นฐาน (สพฐ.) กระทรวงศึกษาธิการ,โรงเรียนบ้านโนนหัวช้าง สพป.ขอนแก่น เขต 4 สำนักงานคณะกรรมการการศึกษาขั้นพื้นฐาน (สพฐ.) กระทรวงศึกษาธิการ (ต.โนนสมบูรณ์),ต่อท้ายชื่อแก้ชื่อซ้ำ (Name Suffix),เติม  (ต.โนนสมบูรณ์) ต่อท้ายชื่อเพื่อป้องกันชื่อซ้ำในระดับเดียวกัน,โรงเรียนบ้านโนนหัวช้าง สพป.ขอนแก่น เขต 4 สำนักงานคณะกรรมการการศึกษาขั้นพื้นฐาน (สพฐ.) กระทรวงศึกษาธิการ,โรงเรียนบ้านโนนหัวช้าง สพป.ขอนแก่น เขต 4 สำนักงานคณะกรรมการการศึกษาขั้นพื้นฐาน (สพฐ.) กระทรวงศึกษาธิการ (ต.โนนสมบูรณ์)
11013,โรงเรียนบ้านคำสมบูรณ์ สพป.ขอนแก่น เขต 4 สำนักงานคณะกรรมการการศึกษาขั้นพื้นฐาน (สพฐ.) กระทรวงศึกษาธิการ,โรงเรียนบ้านคำสมบูรณ์ สพป.ขอนแก่น เขต 4 สำนักงานคณะกรรมการการศึกษาขั้นพื้นฐาน (สพฐ.) กระทรวงศึกษาธิการ,ใช้พิกัดจุดศูนย์กลางตำบล (Subdistrict Center Fallback),เนื่องจากพิกัดเดิมว่างหรือผิดรูปแบบ จึงดึงพิกัดกึ่งกลางตำบลจาก DB มาใช้แทน,"168.8218,-110.6306","Lat: 16.8612837, Long: 102.762604 (ต.ดงเมืองแอม อ.เขาสวนกวาง)"
11138,โรงเรียนบ้านโนนหัวช้าง สพป.ขอนแก่น เขต 4 สำนักงานคณะกรรมการการศึกษาขั้นพื้นฐาน (สพฐ.) กระทรวงศึกษาธิการ,โรงเรียนบ้านโนนหัวช้าง สพป.ขอนแก่น เขต 4 สำนักงานคณะกรรมการการศึกษาขั้นพื้นฐาน (สพฐ.) กระทรวงศึกษาธิการ (ต.บัวใหญ่),ต่อท้ายชื่อแก้ชื่อซ้ำ (Name Suffix),เติม  (ต.บัวใหญ่) ต่อท้ายชื่อเพื่อป้องกันชื่อซ้ำในระดับเดียวกัน,โรงเรียนบ้านโนนหัวช้าง สพป.ขอนแก่น เขต 4 สำนักงานคณะกรรมการการศึกษาขั้นพื้นฐาน (สพฐ.) กระทรวงศึกษาธิการ,โรงเรียนบ้านโนนหัวช้าง สพป.ขอนแก่น เขต 4 สำนักงานคณะกรรมการการศึกษาขั้นพื้นฐาน (สพฐ.) กระทรวงศึกษาธิการ (ต.บัวใหญ่)
11567,โรงเรียนบ้านหนองโนประชาสรรค์ สพป.ขอนแก่น เขต 5 สำนักงานคณะกรรมการการศึกษาขั้นพื้นฐาน (สพฐ.) กระทรวงศึกษาธิการ,โรงเรียนบ้านหนองโนประชาสรรค์ สพป.ขอนแก่น เขต 5 สำนักงานคณะกรรมการการศึกษาขั้นพื้นฐาน (สพฐ.) กระทรวงศึกษาธิการ,ใช้พิกัดจุดศูนย์กลางตำบล (Subdistrict Center Fallback),เนื่องจากพิกัดเดิมว่างหรือผิดรูปแบบ จึงดึงพิกัดกึ่งกลางตำบลจาก DB มาใช้แทน,"16.442571,1102.440518","Lat: 16.44942563, Long: 102.4479388 (ต.บ้านเม็ง อ.หนองเรือ)"
11664,โรงเรียนบ้านหนองยาง สพป.ขอนแก่น เขต 3 สำนักงานคณะกรรมการการศึกษาขั้นพื้นฐาน (สพฐ.) กระทรวงศึกษาธิการ,โรงเรียนบ้านหนองยาง สพป.ขอนแก่น เขต 3 สำนักงานคณะกรรมการการศึกษาขั้นพื้นฐาน (สพฐ.) กระทรวงศึกษาธิการ,ใช้พิกัดจุดศูนย์กลางตำบล (Subdistrict Center Fallback),เนื่องจากพิกัดเดิมว่างหรือผิดรูปแบบ จึงดึงพิกัดกึ่งกลางตำบลจาก DB มาใช้แทน,"70.001321,90.000386","Lat: 15.8707776, Long: 102.7294158 (ต.วังหิน อ.หนองสองห้อง)"
11918,โรงเรียนบ้านศรีบุญเรือง สพป.อุดรธานี เขต 1 สำนักงานคณะกรรมการการศึกษาขั้นพื้นฐาน (สพฐ.) กระทรวงศึกษาธิการ,โรงเรียนบ้านศรีบุญเรือง สพป.อุดรธานี เขต 1 สำนักงานคณะกรรมการการศึกษาขั้นพื้นฐาน (สพฐ.) กระทรวงศึกษาธิการ (ต.บ้านตาด),ต่อท้ายชื่อแก้ชื่อซ้ำ (Name Suffix),เติม  (ต.บ้านตาด) ต่อท้ายชื่อเพื่อป้องกันชื่อซ้ำในระดับเดียวกัน,โรงเรียนบ้านศรีบุญเรือง สพป.อุดรธานี เขต 1 สำนักงานคณะกรรมการการศึกษาขั้นพื้นฐาน (สพฐ.) กระทรวงศึกษาธิการ,โรงเรียนบ้านศรีบุญเรือง สพป.อุดรธานี เขต 1 สำนักงานคณะกรรมการการศึกษาขั้นพื้นฐาน (สพฐ.) กระทรวงศึกษาธิการ (ต.บ้านตาด)
12069,โรงเรียนบ้านหนองแวง สพป.อุดรธานี เขต 4 สำนักงานคณะกรรมการการศึกษาขั้นพื้นฐาน (สพฐ.) กระทรวงศึกษาธิการ,โรงเรียนบ้านหนองแวง สพป.อุดรธานี เขต 4 สำนักงานคณะกรรมการการศึกษาขั้นพื้นฐาน (สพฐ.) กระทรวงศึกษาธิการ (ต.หนองแวง อ.น้ำโสม),ต่อท้ายชื่อแก้ชื่อซ้ำ (Name Suffix),เติม  (ต.หนองแวง อ.น้ำโสม) ต่อท้ายชื่อเพื่อป้องกันชื่อซ้ำในระดับเดียวกัน,โรงเรียนบ้านหนองแวง สพป.อุดรธานี เขต 4 สำนักงานคณะกรรมการการศึกษาขั้นพื้นฐาน (สพฐ.) กระทรวงศึกษาธิการ,โรงเรียนบ้านหนองแวง สพป.อุดรธานี เขต 4 สำนักงานคณะกรรมการการศึกษาขั้นพื้นฐาน (สพฐ.) กระทรวงศึกษาธิการ (ต.หนองแวง อ.น้ำโสม)
12096,โรงเรียนบ้านโนนสมบูรณ์ สพป.อุดรธานี เขต 3 สำนักงานคณะกรรมการการศึกษาขั้นพื้นฐาน (สพฐ.) กระทรวงศึกษาธิการ,โรงเรียนบ้านโนนสมบูรณ์ สพป.อุดรธานี เขต 3 สำนักงานคณะกรรมการการศึกษาขั้นพื้นฐาน (สพฐ.) กระทรวงศึกษาธิการ (ต.อ้อมกอ),ต่อท้ายชื่อแก้ชื่อซ้ำ (Name Suffix),เติม  (ต.อ้อมกอ) ต่อท้ายชื่อเพื่อป้องกันชื่อซ้ำในระดับเดียวกัน,โรงเรียนบ้านโนนสมบูรณ์ สพป.อุดรธานี เขต 3 สำนักงานคณะกรรมการการศึกษาขั้นพื้นฐาน (สพฐ.) กระทรวงศึกษาธิการ,โรงเรียนบ้านโนนสมบูรณ์ สพป.อุดรธานี เขต 3 สำนักงานคณะกรรมการการศึกษาขั้นพื้นฐาน (สพฐ.) กระทรวงศึกษาธิการ (ต.อ้อมกอ)
12111,โรงเรียนบ้านโนนสะอาด สพป.อุดรธานี เขต 3 สำนักงานคณะกรรมการการศึกษาขั้นพื้นฐาน (สพฐ.) กระทรวงศึกษาธิการ,โรงเรียนบ้านโนนสะอาด สพป.อุดรธานี เขต 3 สำนักงานคณะกรรมการการศึกษาขั้นพื้นฐาน (สพฐ.) กระทรวงศึกษาธิการ (ต.บ้านชัย),ต่อท้ายชื่อแก้ชื่อซ้ำ (Name Suffix),เติม  (ต.บ้านชัย) ต่อท้ายชื่อเพื่อป้องกันชื่อซ้ำในระดับเดียวกัน,โรงเรียนบ้านโนนสะอาด สพป.อุดรธานี เขต 3 สำนักงานคณะกรรมการการศึกษาขั้นพื้นฐาน (สพฐ.) กระทรวงศึกษาธิการ,โรงเรียนบ้านโนนสะอาด สพป.อุดรธานี เขต 3 สำนักงานคณะกรรมการการศึกษาขั้นพื้นฐาน (สพฐ.) กระทรวงศึกษาธิการ (ต.บ้านชัย)
12117,โรงเรียนบ้านนาดี สพป.อุดรธานี เขต 3 สำนักงานคณะกรรมการการศึกษาขั้นพื้นฐาน (สพฐ.) กระทรวงศึกษาธิการ,โรงเรียนบ้านนาดี สพป.อุดรธานี เขต 3 สำนักงานคณะกรรมการการศึกษาขั้นพื้นฐาน (สพฐ.) กระทรวงศึกษาธิการ (ต.นาคำ),ต่อท้ายชื่อแก้ชื่อซ้ำ (Name Suffix),เติม  (ต.นาคำ) ต่อท้ายชื่อเพื่อป้องกันชื่อซ้ำในระดับเดียวกัน,โรงเรียนบ้านนาดี สพป.อุดรธานี เขต 3 สำนักงานคณะกรรมการการศึกษาขั้นพื้นฐาน (สพฐ.) กระทรวงศึกษาธิการ,โรงเรียนบ้านนาดี สพป.อุดรธานี เขต 3 สำนักงานคณะกรรมการการศึกษาขั้นพื้นฐาน (สพฐ.) กระทรวงศึกษาธิการ (ต.นาคำ)
12117,โรงเรียนบ้านนาดี สพป.อุดรธานี เขต 3 สำนักงานคณะกรรมการการศึกษาขั้นพื้นฐาน (สพฐ.) กระทรวงศึกษาธิการ,โรงเรียนบ้านนาดี สพป.อุดรธานี เขต 3 สำนักงานคณะกรรมการการศึกษาขั้นพื้นฐาน (สพฐ.) กระทรวงศึกษาธิการ (ต.นาคำ),ใช้พิกัดจุดศูนย์กลางตำบล (Subdistrict Center Fallback),เนื่องจากพิกัดเดิมว่างหรือผิดรูปแบบ จึงดึงพิกัดกึ่งกลางตำบลจาก DB มาใช้แทน,"89.999942,-49.056103","Lat: 17.67032067, Long: 103.1386524 (ต.นาคำ อ.บ้านดุง)"
12145,โรงเรียนบ้านม่วง สพป.อุดรธานี เขต 3 สำนักงานคณะกรรมการการศึกษาขั้นพื้นฐาน (สพฐ.) กระทรวงศึกษาธิการ,โรงเรียนบ้านม่วง สพป.อุดรธานี เขต 3 สำนักงานคณะกรรมการการศึกษาขั้นพื้นฐาน (สพฐ.) กระทรวงศึกษาธิการ (ต.บ้านม่วง),ต่อท้ายชื่อแก้ชื่อซ้ำ (Name Suffix),เติม  (ต.บ้านม่วง) ต่อท้ายชื่อเพื่อป้องกันชื่อซ้ำในระดับเดียวกัน,โรงเรียนบ้านม่วง สพป.อุดรธานี เขต 3 สำนักงานคณะกรรมการการศึกษาขั้นพื้นฐาน (สพฐ.) กระทรวงศึกษาธิการ,โรงเรียนบ้านม่วง สพป.อุดรธานี เขต 3 สำนักงานคณะกรรมการการศึกษาขั้นพื้นฐาน (สพฐ.) กระทรวงศึกษาธิการ (ต.บ้านม่วง)
12193,โรงเรียนบ้านหนองแวง สพป.อุดรธานี เขต 4 สำนักงานคณะกรรมการการศึกษาขั้นพื้นฐาน (สพฐ.) กระทรวงศึกษาธิการ,โรงเรียนบ้านหนองแวง สพป.อุดรธานี เขต 4 สำนักงานคณะกรรมการการศึกษาขั้นพื้นฐาน (สพฐ.) กระทรวงศึกษาธิการ (ต.หนองแวง อ.บ้านผือ),ต่อท้ายชื่อแก้ชื่อซ้ำ (Name Suffix),เติม  (ต.หนองแวง อ.บ้านผือ) ต่อท้ายชื่อเพื่อป้องกันชื่อซ้ำในระดับเดียวกัน,โรงเรียนบ้านหนองแวง สพป.อุดรธานี เขต 4 สำนักงานคณะกรรมการการศึกษาขั้นพื้นฐาน (สพฐ.) กระทรวงศึกษาธิการ,โรงเรียนบ้านหนองแวง สพป.อุดรธานี เขต 4 สำนักงานคณะกรรมการการศึกษาขั้นพื้นฐาน (สพฐ.) กระทรวงศึกษาธิการ (ต.หนองแวง อ.บ้านผือ)
12259,โรงเรียนบ้านศรีบุญเรือง สพป.อุดรธานี เขต 1 สำนักงานคณะกรรมการการศึกษาขั้นพื้นฐาน (สพฐ.) กระทรวงศึกษาธิการ,โรงเรียนบ้านศรีบุญเรือง สพป.อุดรธานี เขต 1 สำนักงานคณะกรรมการการศึกษาขั้นพื้นฐาน (สพฐ.) กระทรวงศึกษาธิการ (ต.นาพู่),ต่อท้ายชื่อแก้ชื่อซ้ำ (Name Suffix),เติม  (ต.นาพู่) ต่อท้ายชื่อเพื่อป้องกันชื่อซ้ำในระดับเดียวกัน,โรงเรียนบ้านศรีบุญเรือง สพป.อุดรธานี เขต 1 สำนักงานคณะกรรมการการศึกษาขั้นพื้นฐาน (สพฐ.) กระทรวงศึกษาธิการ,โรงเรียนบ้านศรีบุญเรือง สพป.อุดรธานี เขต 1 สำนักงานคณะกรรมการการศึกษาขั้นพื้นฐาน (สพฐ.) กระทรวงศึกษาธิการ (ต.นาพู่)
12269,โรงเรียนบ้านโคกสว่าง สพป.อุดรธานี เขต 1 สำนักงานคณะกรรมการการศึกษาขั้นพื้นฐาน (สพฐ.) กระทรวงศึกษาธิการ,โรงเรียนบ้านโคกสว่าง สพป.อุดรธานี เขต 1 สำนักงานคณะกรรมการการศึกษาขั้นพื้นฐาน (สพฐ.) กระทรวงศึกษาธิการ (ต.บ้านเหล่า),ต่อท้ายชื่อแก้ชื่อซ้ำ (Name Suffix),เติม  (ต.บ้านเหล่า) ต่อท้ายชื่อเพื่อป้องกันชื่อซ้ำในระดับเดียวกัน,โรงเรียนบ้านโคกสว่าง สพป.อุดรธานี เขต 1 สำนักงานคณะกรรมการการศึกษาขั้นพื้นฐาน (สพฐ.) กระทรวงศึกษาธิการ,โรงเรียนบ้านโคกสว่าง สพป.อุดรธานี เขต 1 สำนักงานคณะกรรมการการศึกษาขั้นพื้นฐาน (สพฐ.) กระทรวงศึกษาธิการ (ต.บ้านเหล่า)
12276,โรงเรียนบ้านหนองบัวบาน สพป.อุดรธานี เขต 1 สำนักงานคณะกรรมการการศึกษาขั้นพื้นฐาน (สพฐ.) กระทรวงศึกษาธิการ,โรงเรียนบ้านหนองบัวบาน สพป.อุดรธานี เขต 1 สำนักงานคณะกรรมการการศึกษาขั้นพื้นฐาน (สพฐ.) กระทรวงศึกษาธิการ (ต.สุมเส้า),ต่อท้ายชื่อแก้ชื่อซ้ำ (Name Suffix),เติม  (ต.สุมเส้า) ต่อท้ายชื่อเพื่อป้องกันชื่อซ้ำในระดับเดียวกัน,โรงเรียนบ้านหนองบัวบาน สพป.อุดรธานี เขต 1 สำนักงานคณะกรรมการการศึกษาขั้นพื้นฐาน (สพฐ.) กระทรวงศึกษาธิการ,โรงเรียนบ้านหนองบัวบาน สพป.อุดรธานี เขต 1 สำนักงานคณะกรรมการการศึกษาขั้นพื้นฐาน (สพฐ.) กระทรวงศึกษาธิการ (ต.สุมเส้า)
12336,โรงเรียนบ้านหนองบัวบาน สพป.อุดรธานี เขต 1 สำนักงานคณะกรรมการการศึกษาขั้นพื้นฐาน (สพฐ.) กระทรวงศึกษาธิการ,โรงเรียนบ้านหนองบัวบาน สพป.อุดรธานี เขต 1 สำนักงานคณะกรรมการการศึกษาขั้นพื้นฐาน (สพฐ.) กระทรวงศึกษาธิการ (ต.หนองบัวบาน),ต่อท้ายชื่อแก้ชื่อซ้ำ (Name Suffix),เติม  (ต.หนองบัวบาน) ต่อท้ายชื่อเพื่อป้องกันชื่อซ้ำในระดับเดียวกัน,โรงเรียนบ้านหนองบัวบาน สพป.อุดรธานี เขต 1 สำนักงานคณะกรรมการการศึกษาขั้นพื้นฐาน (สพฐ.) กระทรวงศึกษาธิการ,โรงเรียนบ้านหนองบัวบาน สพป.อุดรธานี เขต 1 สำนักงานคณะกรรมการการศึกษาขั้นพื้นฐาน (สพฐ.) กระทรวงศึกษาธิการ (ต.หนองบัวบาน)
12388,โรงเรียนบ้านป่าก้าว สพป.อุดรธานี เขต 3 สำนักงานคณะกรรมการการศึกษาขั้นพื้นฐาน (สพฐ.) กระทรวงศึกษาธิการ,โรงเรียนบ้านป่าก้าว สพป.อุดรธานี เขต 3 สำนักงานคณะกรรมการการศึกษาขั้นพื้นฐาน (สพฐ.) กระทรวงศึกษาธิการ (ต.ผักตบ),ต่อท้ายชื่อแก้ชื่อซ้ำ (Name Suffix),เติม  (ต.ผักตบ) ต่อท้ายชื่อเพื่อป้องกันชื่อซ้ำในระดับเดียวกัน,โรงเรียนบ้านป่าก้าว สพป.อุดรธานี เขต 3 สำนักงานคณะกรรมการการศึกษาขั้นพื้นฐาน (สพฐ.) กระทรวงศึกษาธิการ,โรงเรียนบ้านป่าก้าว สพป.อุดรธานี เขต 3 สำนักงานคณะกรรมการการศึกษาขั้นพื้นฐาน (สพฐ.) กระทรวงศึกษาธิการ (ต.ผักตบ)
12409,โรงเรียนบ้านม่วง สพป.อุดรธานี เขต 3 สำนักงานคณะกรรมการการศึกษาขั้นพื้นฐาน (สพฐ.) กระทรวงศึกษาธิการ,โรงเรียนบ้านม่วง สพป.อุดรธานี เขต 3 สำนักงานคณะกรรมการการศึกษาขั้นพื้นฐาน (สพฐ.) กระทรวงศึกษาธิการ (ต.พังงู),ต่อท้ายชื่อแก้ชื่อซ้ำ (Name Suffix),เติม  (ต.พังงู) ต่อท้ายชื่อเพื่อป้องกันชื่อซ้ำในระดับเดียวกัน,โรงเรียนบ้านม่วง สพป.อุดรธานี เขต 3 สำนักงานคณะกรรมการการศึกษาขั้นพื้นฐาน (สพฐ.) กระทรวงศึกษาธิการ,โรงเรียนบ้านม่วง สพป.อุดรธานี เขต 3 สำนักงานคณะกรรมการการศึกษาขั้นพื้นฐาน (สพฐ.) กระทรวงศึกษาธิการ (ต.พังงู)
12410,โรงเรียนบ้านนาดี สพป.อุดรธานี เขต 3 สำนักงานคณะกรรมการการศึกษาขั้นพื้นฐาน (สพฐ.) กระทรวงศึกษาธิการ,โรงเรียนบ้านนาดี สพป.อุดรธานี เขต 3 สำนักงานคณะกรรมการการศึกษาขั้นพื้นฐาน (สพฐ.) กระทรวงศึกษาธิการ (ต.พังงู),ต่อท้ายชื่อแก้ชื่อซ้ำ (Name Suffix),เติม  (ต.พังงู) ต่อท้ายชื่อเพื่อป้องกันชื่อซ้ำในระดับเดียวกัน,โรงเรียนบ้านนาดี สพป.อุดรธานี เขต 3 สำนักงานคณะกรรมการการศึกษาขั้นพื้นฐาน (สพฐ.) กระทรวงศึกษาธิการ,โรงเรียนบ้านนาดี สพป.อุดรธานี เขต 3 สำนักงานคณะกรรมการการศึกษาขั้นพื้นฐาน (สพฐ.) กระทรวงศึกษาธิการ (ต.พังงู)
12481,โรงเรียนบ้านโคกสว่าง สพป.อุดรธานี เขต 1 สำนักงานคณะกรรมการการศึกษาขั้นพื้นฐาน (สพฐ.) กระทรวงศึกษาธิการ,โรงเรียนบ้านโคกสว่าง สพป.อุดรธานี เขต 1 สำนักงานคณะกรรมการการศึกษาขั้นพื้นฐาน (สพฐ.) กระทรวงศึกษาธิการ (ต.สร้างคอม),ต่อท้ายชื่อแก้ชื่อซ้ำ (Name Suffix),เติม  (ต.สร้างคอม) ต่อท้ายชื่อเพื่อป้องกันชื่อซ้ำในระดับเดียวกัน,โรงเรียนบ้านโคกสว่าง สพป.อุดรธานี เขต 1 สำนักงานคณะกรรมการการศึกษาขั้นพื้นฐาน (สพฐ.) กระทรวงศึกษาธิการ,โรงเรียนบ้านโคกสว่าง สพป.อุดรธานี เขต 1 สำนักงานคณะกรรมการการศึกษาขั้นพื้นฐาน (สพฐ.) กระทรวงศึกษาธิการ (ต.สร้างคอม)
12530,โรงเรียนบ้านโนนสะอาด สพป.อุดรธานี เขต 3 สำนักงานคณะกรรมการการศึกษาขั้นพื้นฐาน (สพฐ.) กระทรวงศึกษาธิการ,โรงเรียนบ้านโนนสะอาด สพป.อุดรธานี เขต 3 สำนักงานคณะกรรมการการศึกษาขั้นพื้นฐาน (สพฐ.) กระทรวงศึกษาธิการ (ต.ทุ่งฝน),ต่อท้ายชื่อแก้ชื่อซ้ำ (Name Suffix),เติม  (ต.ทุ่งฝน) ต่อท้ายชื่อเพื่อป้องกันชื่อซ้ำในระดับเดียวกัน,โรงเรียนบ้านโนนสะอาด สพป.อุดรธานี เขต 3 สำนักงานคณะกรรมการการศึกษาขั้นพื้นฐาน (สพฐ.) กระทรวงศึกษาธิการ,โรงเรียนบ้านโนนสะอาด สพป.อุดรธานี เขต 3 สำนักงานคณะกรรมการการศึกษาขั้นพื้นฐาน (สพฐ.) กระทรวงศึกษาธิการ (ต.ทุ่งฝน)
12537,โรงเรียนบ้านโนนสมบูรณ์ สพป.อุดรธานี เขต 3 สำนักงานคณะกรรมการการศึกษาขั้นพื้นฐาน (สพฐ.) กระทรวงศึกษาธิการ,โรงเรียนบ้านโนนสมบูรณ์ สพป.อุดรธานี เขต 3 สำนักงานคณะกรรมการการศึกษาขั้นพื้นฐาน (สพฐ.) กระทรวงศึกษาธิการ (ต.นาชุมแสง),ต่อท้ายชื่อแก้ชื่อซ้ำ (Name Suffix),เติม  (ต.นาชุมแสง) ต่อท้ายชื่อเพื่อป้องกันชื่อซ้ำในระดับเดียวกัน,โรงเรียนบ้านโนนสมบูรณ์ สพป.อุดรธานี เขต 3 สำนักงานคณะกรรมการการศึกษาขั้นพื้นฐาน (สพฐ.) กระทรวงศึกษาธิการ,โรงเรียนบ้านโนนสมบูรณ์ สพป.อุดรธานี เขต 3 สำนักงานคณะกรรมการการศึกษาขั้นพื้นฐาน (สพฐ.) กระทรวงศึกษาธิการ (ต.นาชุมแสง)
12557,โรงเรียนบ้านป่าก้าว สพป.อุดรธานี เขต 3 สำนักงานคณะกรรมการการศึกษาขั้นพื้นฐาน (สพฐ.) กระทรวงศึกษาธิการ,โรงเรียนบ้านป่าก้าว สพป.อุดรธานี เขต 3 สำนักงานคณะกรรมการการศึกษาขั้นพื้นฐาน (สพฐ.) กระทรวงศึกษาธิการ (ต.โพนสูง),ต่อท้ายชื่อแก้ชื่อซ้ำ (Name Suffix),เติม  (ต.โพนสูง) ต่อท้ายชื่อเพื่อป้องกันชื่อซ้ำในระดับเดียวกัน,โรงเรียนบ้านป่าก้าว สพป.อุดรธานี เขต 3 สำนักงานคณะกรรมการการศึกษาขั้นพื้นฐาน (สพฐ.) กระทรวงศึกษาธิการ,โรงเรียนบ้านป่าก้าว สพป.อุดรธานี เขต 3 สำนักงานคณะกรรมการการศึกษาขั้นพื้นฐาน (สพฐ.) กระทรวงศึกษาธิการ (ต.โพนสูง)
12558,โรงเรียนบ้านโนนสมบูรณ์ สพป.อุดรธานี เขต 3 สำนักงานคณะกรรมการการศึกษาขั้นพื้นฐาน (สพฐ.) กระทรวงศึกษาธิการ,โรงเรียนบ้านโนนสมบูรณ์ สพป.อุดรธานี เขต 3 สำนักงานคณะกรรมการการศึกษาขั้นพื้นฐาน (สพฐ.) กระทรวงศึกษาธิการ (ต.โพนสูง),ต่อท้ายชื่อแก้ชื่อซ้ำ (Name Suffix),เติม  (ต.โพนสูง) ต่อท้ายชื่อเพื่อป้องกันชื่อซ้ำในระดับเดียวกัน,โรงเรียนบ้านโนนสมบูรณ์ สพป.อุดรธานี เขต 3 สำนักงานคณะกรรมการการศึกษาขั้นพื้นฐาน (สพฐ.) กระทรวงศึกษาธิการ,โรงเรียนบ้านโนนสมบูรณ์ สพป.อุดรธานี เขต 3 สำนักงานคณะกรรมการการศึกษาขั้นพื้นฐาน (สพฐ.) กระทรวงศึกษาธิการ (ต.โพนสูง)
12558,โรงเรียนบ้านโนนสมบูรณ์ สพป.อุดรธานี เขต 3 สำนักงานคณะกรรมการการศึกษาขั้นพื้นฐาน (สพฐ.) กระทรวงศึกษาธิการ,โรงเรียนบ้านโนนสมบูรณ์ สพป.อุดรธานี เขต 3 สำนักงานคณะกรรมการการศึกษาขั้นพื้นฐาน (สพฐ.) กระทรวงศึกษาธิการ (ต.โพนสูง),ใช้พิกัดจุดศูนย์กลางตำบล (Subdistrict Center Fallback),เนื่องจากพิกัดเดิมว่างหรือผิดรูปแบบ จึงดึงพิกัดกึ่งกลางตำบลจาก DB มาใช้แทน,"171.95181,103.259057","Lat: 17.17039618, Long: 103.2588175 (ต.โพนสูง อ.ไชยวาน)"
12700,โรงเรียนกู่แก้ววิทยา สพม.อุดรธานี สำนักงานคณะกรรมการการศึกษาขั้นพื้นฐาน (สพฐ.) กระทรวงศึกษาธิการ,โรงเรียนกู่แก้ววิทยา สพม.อุดรธานี สำนักงานคณะกรรมการการศึกษาขั้นพื้นฐาน (สพฐ.) กระทรวงศึกษาธิการ,ใช้พิกัดจุดศูนย์กลางตำบล (Subdistrict Center Fallback),เนื่องจากพิกัดเดิมว่างหรือผิดรูปแบบ จึงดึงพิกัดกึ่งกลางตำบลจาก DB มาใช้แทน,1.70175752610315E12,"Lat: 17.15158783, Long: 103.1852995 (ต.บ้านจีต อ.กู่แก้ว)"
12815,โรงเรียนบ้านแก่งม่วง สพป.เลย เขต 3 สำนักงานคณะกรรมการการศึกษาขั้นพื้นฐาน (สพฐ.) กระทรวงศึกษาธิการ,โรงเรียนบ้านแก่งม่วง สพป.เลย เขต 3 สำนักงานคณะกรรมการการศึกษาขั้นพื้นฐาน (สพฐ.) กระทรวงศึกษาธิการ (ต.นาดี),ต่อท้ายชื่อแก้ชื่อซ้ำ (Name Suffix),เติม  (ต.นาดี) ต่อท้ายชื่อเพื่อป้องกันชื่อซ้ำในระดับเดียวกัน,โรงเรียนบ้านแก่งม่วง สพป.เลย เขต 3 สำนักงานคณะกรรมการการศึกษาขั้นพื้นฐาน (สพฐ.) กระทรวงศึกษาธิการ,โรงเรียนบ้านแก่งม่วง สพป.เลย เขต 3 สำนักงานคณะกรรมการการศึกษาขั้นพื้นฐาน (สพฐ.) กระทรวงศึกษาธิการ (ต.นาดี)
12816,โรงเรียนบ้านแก่วตาว สพป.เลย เขต 3 สำนักงานคณะกรรมการการศึกษาขั้นพื้นฐาน (สพฐ.) กระทรวงศึกษาธิการ,โรงเรียนบ้านแก่วตาว สพป.เลย เขต 3 สำนักงานคณะกรรมการการศึกษาขั้นพื้นฐาน (สพฐ.) กระทรวงศึกษาธิการ (ต.นาดี),ต่อท้ายชื่อแก้ชื่อซ้ำ (Name Suffix),เติม  (ต.นาดี) ต่อท้ายชื่อเพื่อป้องกันชื่อซ้ำในระดับเดียวกัน,โรงเรียนบ้านแก่วตาว สพป.เลย เขต 3 สำนักงานคณะกรรมการการศึกษาขั้นพื้นฐาน (สพฐ.) กระทรวงศึกษาธิการ,โรงเรียนบ้านแก่วตาว สพป.เลย เขต 3 สำนักงานคณะกรรมการการศึกษาขั้นพื้นฐาน (สพฐ.) กระทรวงศึกษาธิการ (ต.นาดี)
12857,โรงเรียนบ้านแก่วตาว สพป.เลย เขต 3 สำนักงานคณะกรรมการการศึกษาขั้นพื้นฐาน (สพฐ.) กระทรวงศึกษาธิการ,โรงเรียนบ้านแก่วตาว สพป.เลย เขต 3 สำนักงานคณะกรรมการการศึกษาขั้นพื้นฐาน (สพฐ.) กระทรวงศึกษาธิการ (ต.อิปุ่ม),ต่อท้ายชื่อแก้ชื่อซ้ำ (Name Suffix),เติม  (ต.อิปุ่ม) ต่อท้ายชื่อเพื่อป้องกันชื่อซ้ำในระดับเดียวกัน,โรงเรียนบ้านแก่วตาว สพป.เลย เขต 3 สำนักงานคณะกรรมการการศึกษาขั้นพื้นฐาน (สพฐ.) กระทรวงศึกษาธิการ,โรงเรียนบ้านแก่วตาว สพป.เลย เขต 3 สำนักงานคณะกรรมการการศึกษาขั้นพื้นฐาน (สพฐ.) กระทรวงศึกษาธิการ (ต.อิปุ่ม)
12936,โรงเรียนบ้านผาสามยอด สพป.เลย เขต 2 สำนักงานคณะกรรมการการศึกษาขั้นพื้นฐาน (สพฐ.) กระทรวงศึกษาธิการ,โรงเรียนบ้านผาสามยอด สพป.เลย เขต 2 สำนักงานคณะกรรมการการศึกษาขั้นพื้นฐาน (สพฐ.) กระทรวงศึกษาธิการ (ต.ผานกเค้า),ต่อท้ายชื่อแก้ชื่อซ้ำ (Name Suffix),เติม  (ต.ผานกเค้า) ต่อท้ายชื่อเพื่อป้องกันชื่อซ้ำในระดับเดียวกัน,โรงเรียนบ้านผาสามยอด สพป.เลย เขต 2 สำนักงานคณะกรรมการการศึกษาขั้นพื้นฐาน (สพฐ.) กระทรวงศึกษาธิการ,โรงเรียนบ้านผาสามยอด สพป.เลย เขต 2 สำนักงานคณะกรรมการการศึกษาขั้นพื้นฐาน (สพฐ.) กระทรวงศึกษาธิการ (ต.ผานกเค้า)
12984,โรงเรียนบ้านแก่งม่วง สพป.เลย เขต 3 สำนักงานคณะกรรมการการศึกษาขั้นพื้นฐาน (สพฐ.) กระทรวงศึกษาธิการ,โรงเรียนบ้านแก่งม่วง สพป.เลย เขต 3 สำนักงานคณะกรรมการการศึกษาขั้นพื้นฐาน (สพฐ.) กระทรวงศึกษาธิการ (ต.ท่าศาลา),ต่อท้ายชื่อแก้ชื่อซ้ำ (Name Suffix),เติม  (ต.ท่าศาลา) ต่อท้ายชื่อเพื่อป้องกันชื่อซ้ำในระดับเดียวกัน,โรงเรียนบ้านแก่งม่วง สพป.เลย เขต 3 สำนักงานคณะกรรมการการศึกษาขั้นพื้นฐาน (สพฐ.) กระทรวงศึกษาธิการ,โรงเรียนบ้านแก่งม่วง สพป.เลย เขต 3 สำนักงานคณะกรรมการการศึกษาขั้นพื้นฐาน (สพฐ.) กระทรวงศึกษาธิการ (ต.ท่าศาลา)
12998,โรงเรียนบ้านกลาง สพป.เลย เขต 3 สำนักงานคณะกรรมการการศึกษาขั้นพื้นฐาน (สพฐ.) กระทรวงศึกษาธิการ,โรงเรียนบ้านกลาง สพป.เลย เขต 3 สำนักงานคณะกรรมการการศึกษาขั้นพื้นฐาน (สพฐ.) กระทรวงศึกษาธิการ (ต.ปลาบ่า),ต่อท้ายชื่อแก้ชื่อซ้ำ (Name Suffix),เติม  (ต.ปลาบ่า) ต่อท้ายชื่อเพื่อป้องกันชื่อซ้ำในระดับเดียวกัน,โรงเรียนบ้านกลาง สพป.เลย เขต 3 สำนักงานคณะกรรมการการศึกษาขั้นพื้นฐาน (สพฐ.) กระทรวงศึกษาธิการ,โรงเรียนบ้านกลาง สพป.เลย เขต 3 สำนักงานคณะกรรมการการศึกษาขั้นพื้นฐาน (สพฐ.) กระทรวงศึกษาธิการ (ต.ปลาบ่า)
13011,โรงเรียนบ้านกลาง สพป.เลย เขต 3 สำนักงานคณะกรรมการการศึกษาขั้นพื้นฐาน (สพฐ.) กระทรวงศึกษาธิการ,โรงเรียนบ้านกลาง สพป.เลย เขต 3 สำนักงานคณะกรรมการการศึกษาขั้นพื้นฐาน (สพฐ.) กระทรวงศึกษาธิการ (ต.นาพึง),ต่อท้ายชื่อแก้ชื่อซ้ำ (Name Suffix),เติม  (ต.นาพึง) ต่อท้ายชื่อเพื่อป้องกันชื่อซ้ำในระดับเดียวกัน,โรงเรียนบ้านกลาง สพป.เลย เขต 3 สำนักงานคณะกรรมการการศึกษาขั้นพื้นฐาน (สพฐ.) กระทรวงศึกษาธิการ,โรงเรียนบ้านกลาง สพป.เลย เขต 3 สำนักงานคณะกรรมการการศึกษาขั้นพื้นฐาน (สพฐ.) กระทรวงศึกษาธิการ (ต.นาพึง)
13094,โรงเรียนบ้านผาสามยอด สพป.เลย เขต 2 สำนักงานคณะกรรมการการศึกษาขั้นพื้นฐาน (สพฐ.) กระทรวงศึกษาธิการ,โรงเรียนบ้านผาสามยอด สพป.เลย เขต 2 สำนักงานคณะกรรมการการศึกษาขั้นพื้นฐาน (สพฐ.) กระทรวงศึกษาธิการ (ต.ทรัพย์ไพวัลย์),ต่อท้ายชื่อแก้ชื่อซ้ำ (Name Suffix),เติม  (ต.ทรัพย์ไพวัลย์) ต่อท้ายชื่อเพื่อป้องกันชื่อซ้ำในระดับเดียวกัน,โรงเรียนบ้านผาสามยอด สพป.เลย เขต 2 สำนักงานคณะกรรมการการศึกษาขั้นพื้นฐาน (สพฐ.) กระทรวงศึกษาธิการ,โรงเรียนบ้านผาสามยอด สพป.เลย เขต 2 สำนักงานคณะกรรมการการศึกษาขั้นพื้นฐาน (สพฐ.) กระทรวงศึกษาธิการ (ต.ทรัพย์ไพวัลย์)
13496,โรงเรียนบ้านหัวขัว สพป.มหาสารคาม เขต 1 สำนักงานคณะกรรมการการศึกษาขั้นพื้นฐาน (สพฐ.) กระทรวงศึกษาธิการ,โรงเรียนบ้านหัวขัว สพป.มหาสารคาม เขต 1 สำนักงานคณะกรรมการการศึกษาขั้นพื้นฐาน (สพฐ.) กระทรวงศึกษาธิการ (ต.ท่าขอนยาง),ต่อท้ายชื่อแก้ชื่อซ้ำ (Name Suffix),เติม  (ต.ท่าขอนยาง) ต่อท้ายชื่อเพื่อป้องกันชื่อซ้ำในระดับเดียวกัน,โรงเรียนบ้านหัวขัว สพป.มหาสารคาม เขต 1 สำนักงานคณะกรรมการการศึกษาขั้นพื้นฐาน (สพฐ.) กระทรวงศึกษาธิการ,โรงเรียนบ้านหัวขัว สพป.มหาสารคาม เขต 1 สำนักงานคณะกรรมการการศึกษาขั้นพื้นฐาน (สพฐ.) กระทรวงศึกษาธิการ (ต.ท่าขอนยาง)
13684,โรงเรียนบ้านหนองจิก สพป.มหาสารคาม เขต 2 สำนักงานคณะกรรมการการศึกษาขั้นพื้นฐาน (สพฐ.) กระทรวงศึกษาธิการ,โรงเรียนบ้านหนองจิก สพป.มหาสารคาม เขต 2 สำนักงานคณะกรรมการการศึกษาขั้นพื้นฐาน (สพฐ.) กระทรวงศึกษาธิการ (ต.พระธาตุ),ต่อท้ายชื่อแก้ชื่อซ้ำ (Name Suffix),เติม  (ต.พระธาตุ) ต่อท้ายชื่อเพื่อป้องกันชื่อซ้ำในระดับเดียวกัน,โรงเรียนบ้านหนองจิก สพป.มหาสารคาม เขต 2 สำนักงานคณะกรรมการการศึกษาขั้นพื้นฐาน (สพฐ.) กระทรวงศึกษาธิการ,โรงเรียนบ้านหนองจิก สพป.มหาสารคาม เขต 2 สำนักงานคณะกรรมการการศึกษาขั้นพื้นฐาน (สพฐ.) กระทรวงศึกษาธิการ (ต.พระธาตุ)
13698,โรงเรียนบ้านโคกกลาง สพป.มหาสารคาม เขต 1 สำนักงานคณะกรรมการการศึกษาขั้นพื้นฐาน (สพฐ.) กระทรวงศึกษาธิการ,โรงเรียนบ้านโคกกลาง สพป.มหาสารคาม เขต 1 สำนักงานคณะกรรมการการศึกษาขั้นพื้นฐาน (สพฐ.) กระทรวงศึกษาธิการ (ต.บรบือ),ต่อท้ายชื่อแก้ชื่อซ้ำ (Name Suffix),เติม  (ต.บรบือ) ต่อท้ายชื่อเพื่อป้องกันชื่อซ้ำในระดับเดียวกัน,โรงเรียนบ้านโคกกลาง สพป.มหาสารคาม เขต 1 สำนักงานคณะกรรมการการศึกษาขั้นพื้นฐาน (สพฐ.) กระทรวงศึกษาธิการ,โรงเรียนบ้านโคกกลาง สพป.มหาสารคาม เขต 1 สำนักงานคณะกรรมการการศึกษาขั้นพื้นฐาน (สพฐ.) กระทรวงศึกษาธิการ (ต.บรบือ)
13726,โรงเรียนบ้านหัวขัว สพป.มหาสารคาม เขต 1 สำนักงานคณะกรรมการการศึกษาขั้นพื้นฐาน (สพฐ.) กระทรวงศึกษาธิการ,โรงเรียนบ้านหัวขัว สพป.มหาสารคาม เขต 1 สำนักงานคณะกรรมการการศึกษาขั้นพื้นฐาน (สพฐ.) กระทรวงศึกษาธิการ (ต.โนนราษี),ต่อท้ายชื่อแก้ชื่อซ้ำ (Name Suffix),เติม  (ต.โนนราษี) ต่อท้ายชื่อเพื่อป้องกันชื่อซ้ำในระดับเดียวกัน,โรงเรียนบ้านหัวขัว สพป.มหาสารคาม เขต 1 สำนักงานคณะกรรมการการศึกษาขั้นพื้นฐาน (สพฐ.) กระทรวงศึกษาธิการ,โรงเรียนบ้านหัวขัว สพป.มหาสารคาม เขต 1 สำนักงานคณะกรรมการการศึกษาขั้นพื้นฐาน (สพฐ.) กระทรวงศึกษาธิการ (ต.โนนราษี)
13797,โรงเรียนบ้านหนองผือ สพป.มหาสารคาม เขต 2 สำนักงานคณะกรรมการการศึกษาขั้นพื้นฐาน (สพฐ.) กระทรวงศึกษาธิการ,โรงเรียนบ้านหนองผือ สพป.มหาสารคาม เขต 2 สำนักงานคณะกรรมการการศึกษาขั้นพื้นฐาน (สพฐ.) กระทรวงศึกษาธิการ (ต.ก้ามปู),ต่อท้ายชื่อแก้ชื่อซ้ำ (Name Suffix),เติม  (ต.ก้ามปู) ต่อท้ายชื่อเพื่อป้องกันชื่อซ้ำในระดับเดียวกัน,โรงเรียนบ้านหนองผือ สพป.มหาสารคาม เขต 2 สำนักงานคณะกรรมการการศึกษาขั้นพื้นฐาน (สพฐ.) กระทรวงศึกษาธิการ,โรงเรียนบ้านหนองผือ สพป.มหาสารคาม เขต 2 สำนักงานคณะกรรมการการศึกษาขั้นพื้นฐาน (สพฐ.) กระทรวงศึกษาธิการ (ต.ก้ามปู)
13847,โรงเรียนบ้านหนองผือ สพป.มหาสารคาม เขต 2 สำนักงานคณะกรรมการการศึกษาขั้นพื้นฐาน (สพฐ.) กระทรวงศึกษาธิการ,โรงเรียนบ้านหนองผือ สพป.มหาสารคาม เขต 2 สำนักงานคณะกรรมการการศึกษาขั้นพื้นฐาน (สพฐ.) กระทรวงศึกษาธิการ (ต.เสือโก้ก),ต่อท้ายชื่อแก้ชื่อซ้ำ (Name Suffix),เติม  (ต.เสือโก้ก) ต่อท้ายชื่อเพื่อป้องกันชื่อซ้ำในระดับเดียวกัน,โรงเรียนบ้านหนองผือ สพป.มหาสารคาม เขต 2 สำนักงานคณะกรรมการการศึกษาขั้นพื้นฐาน (สพฐ.) กระทรวงศึกษาธิการ,โรงเรียนบ้านหนองผือ สพป.มหาสารคาม เขต 2 สำนักงานคณะกรรมการการศึกษาขั้นพื้นฐาน (สพฐ.) กระทรวงศึกษาธิการ (ต.เสือโก้ก)
13895,โรงเรียนบ้านโคกกลาง สพป.มหาสารคาม เขต 1 สำนักงานคณะกรรมการการศึกษาขั้นพื้นฐาน (สพฐ.) กระทรวงศึกษาธิการ,โรงเรียนบ้านโคกกลาง สพป.มหาสารคาม เขต 1 สำนักงานคณะกรรมการการศึกษาขั้นพื้นฐาน (สพฐ.) กระทรวงศึกษาธิการ (ต.วังแสง),ต่อท้ายชื่อแก้ชื่อซ้ำ (Name Suffix),เติม  (ต.วังแสง) ต่อท้ายชื่อเพื่อป้องกันชื่อซ้ำในระดับเดียวกัน,โรงเรียนบ้านโคกกลาง สพป.มหาสารคาม เขต 1 สำนักงานคณะกรรมการการศึกษาขั้นพื้นฐาน (สพฐ.) กระทรวงศึกษาธิการ,โรงเรียนบ้านโคกกลาง สพป.มหาสารคาม เขต 1 สำนักงานคณะกรรมการการศึกษาขั้นพื้นฐาน (สพฐ.) กระทรวงศึกษาธิการ (ต.วังแสง)
13903,โรงเรียนบ้านหนองจิก สพป.มหาสารคาม เขต 2 สำนักงานคณะกรรมการการศึกษาขั้นพื้นฐาน (สพฐ.) กระทรวงศึกษาธิการ,โรงเรียนบ้านหนองจิก สพป.มหาสารคาม เขต 2 สำนักงานคณะกรรมการการศึกษาขั้นพื้นฐาน (สพฐ.) กระทรวงศึกษาธิการ (ต.บ้านกู่),ต่อท้ายชื่อแก้ชื่อซ้ำ (Name Suffix),เติม  (ต.บ้านกู่) ต่อท้ายชื่อเพื่อป้องกันชื่อซ้ำในระดับเดียวกัน,โรงเรียนบ้านหนองจิก สพป.มหาสารคาม เขต 2 สำนักงานคณะกรรมการการศึกษาขั้นพื้นฐาน (สพฐ.) กระทรวงศึกษาธิการ,โรงเรียนบ้านหนองจิก สพป.มหาสารคาม เขต 2 สำนักงานคณะกรรมการการศึกษาขั้นพื้นฐาน (สพฐ.) กระทรวงศึกษาธิการ (ต.บ้านกู่)
14036,โรงเรียนบ้านปอภาร(ปอภารราษฎร์บำรุง) สพป.ร้อยเอ็ด เขต 1 สำนักงานคณะกรรมการการศึกษาขั้นพื้นฐาน (สพฐ.) กระทรวงศึกษาธิการ,โรงเรียนบ้านปอภาร(ปอภารราษฎร์บำรุง) สพป.ร้อยเอ็ด เขต 1 สำนักงานคณะกรรมการการศึกษาขั้นพื้นฐาน (สพฐ.) กระทรวงศึกษาธิการ,ตัดข้อความวงเล็บตำบล (Clean Subdistrict Text),ตัดข้อความวงเล็บต่อท้ายตำบลออก,ปอภาร (ปอพาน),ปอภาร
14039,โรงเรียนบ้านโคกสง่า(มิตรภาพคุรุราษฎร์นุสรณ์) สพป.ร้อยเอ็ด เขต 1 สำนักงานคณะกรรมการการศึกษาขั้นพื้นฐาน (สพฐ.) กระทรวงศึกษาธิการ,โรงเรียนบ้านโคกสง่า(มิตรภาพคุรุราษฎร์นุสรณ์) สพป.ร้อยเอ็ด เขต 1 สำนักงานคณะกรรมการการศึกษาขั้นพื้นฐาน (สพฐ.) กระทรวงศึกษาธิการ,ตัดข้อความวงเล็บตำบล (Clean Subdistrict Text),ตัดข้อความวงเล็บต่อท้ายตำบลออก,ปอภาร (ปอพาน),ปอภาร
14043,โรงเรียนบ้านหนองแวง สพป.ร้อยเอ็ด เขต 2 สำนักงานคณะกรรมการการศึกษาขั้นพื้นฐาน (สพฐ.) กระทรวงศึกษาธิการ,โรงเรียนบ้านหนองแวง สพป.ร้อยเอ็ด เขต 2 สำนักงานคณะกรรมการการศึกษาขั้นพื้นฐาน (สพฐ.) กระทรวงศึกษาธิการ (ต.เกษตรวิสัย),ต่อท้ายชื่อแก้ชื่อซ้ำ (Name Suffix),เติม  (ต.เกษตรวิสัย) ต่อท้ายชื่อเพื่อป้องกันชื่อซ้ำในระดับเดียวกัน,โรงเรียนบ้านหนองแวง สพป.ร้อยเอ็ด เขต 2 สำนักงานคณะกรรมการการศึกษาขั้นพื้นฐาน (สพฐ.) กระทรวงศึกษาธิการ,โรงเรียนบ้านหนองแวง สพป.ร้อยเอ็ด เขต 2 สำนักงานคณะกรรมการการศึกษาขั้นพื้นฐาน (สพฐ.) กระทรวงศึกษาธิการ (ต.เกษตรวิสัย)
14053,โรงเรียนบ้านโนนจาน สพป.ร้อยเอ็ด เขต 2 สำนักงานคณะกรรมการการศึกษาขั้นพื้นฐาน (สพฐ.) กระทรวงศึกษาธิการ,โรงเรียนบ้านโนนจาน สพป.ร้อยเอ็ด เขต 2 สำนักงานคณะกรรมการการศึกษาขั้นพื้นฐาน (สพฐ.) กระทรวงศึกษาธิการ (ต.น้ำอ้อม),ต่อท้ายชื่อแก้ชื่อซ้ำ (Name Suffix),เติม  (ต.น้ำอ้อม) ต่อท้ายชื่อเพื่อป้องกันชื่อซ้ำในระดับเดียวกัน,โรงเรียนบ้านโนนจาน สพป.ร้อยเอ็ด เขต 2 สำนักงานคณะกรรมการการศึกษาขั้นพื้นฐาน (สพฐ.) กระทรวงศึกษาธิการ,โรงเรียนบ้านโนนจาน สพป.ร้อยเอ็ด เขต 2 สำนักงานคณะกรรมการการศึกษาขั้นพื้นฐาน (สพฐ.) กระทรวงศึกษาธิการ (ต.น้ำอ้อม)
14202,โรงเรียนบ้านโพธิ์น้อย สพป.ร้อยเอ็ด เขต 2 สำนักงานคณะกรรมการการศึกษาขั้นพื้นฐาน (สพฐ.) กระทรวงศึกษาธิการ,โรงเรียนบ้านโพธิ์น้อย สพป.ร้อยเอ็ด เขต 2 สำนักงานคณะกรรมการการศึกษาขั้นพื้นฐาน (สพฐ.) กระทรวงศึกษาธิการ (ต.โพนสูง),ต่อท้ายชื่อแก้ชื่อซ้ำ (Name Suffix),เติม  (ต.โพนสูง) ต่อท้ายชื่อเพื่อป้องกันชื่อซ้ำในระดับเดียวกัน,โรงเรียนบ้านโพธิ์น้อย สพป.ร้อยเอ็ด เขต 2 สำนักงานคณะกรรมการการศึกษาขั้นพื้นฐาน (สพฐ.) กระทรวงศึกษาธิการ,โรงเรียนบ้านโพธิ์น้อย สพป.ร้อยเอ็ด เขต 2 สำนักงานคณะกรรมการการศึกษาขั้นพื้นฐาน (สพฐ.) กระทรวงศึกษาธิการ (ต.โพนสูง)
14203,โรงเรียนบ้านขี้เหล็ก สพป.ร้อยเอ็ด เขต 2 สำนักงานคณะกรรมการการศึกษาขั้นพื้นฐาน (สพฐ.) กระทรวงศึกษาธิการ,โรงเรียนบ้านขี้เหล็ก สพป.ร้อยเอ็ด เขต 2 สำนักงานคณะกรรมการการศึกษาขั้นพื้นฐาน (สพฐ.) กระทรวงศึกษาธิการ (ต.ขี้เหล็ก),ต่อท้ายชื่อแก้ชื่อซ้ำ (Name Suffix),เติม  (ต.ขี้เหล็ก) ต่อท้ายชื่อเพื่อป้องกันชื่อซ้ำในระดับเดียวกัน,โรงเรียนบ้านขี้เหล็ก สพป.ร้อยเอ็ด เขต 2 สำนักงานคณะกรรมการการศึกษาขั้นพื้นฐาน (สพฐ.) กระทรวงศึกษาธิการ,โรงเรียนบ้านขี้เหล็ก สพป.ร้อยเอ็ด เขต 2 สำนักงานคณะกรรมการการศึกษาขั้นพื้นฐาน (สพฐ.) กระทรวงศึกษาธิการ (ต.ขี้เหล็ก)
14206,โรงเรียนบ้านโพนทอง สพป.ร้อยเอ็ด เขต 2 สำนักงานคณะกรรมการการศึกษาขั้นพื้นฐาน (สพฐ.) กระทรวงศึกษาธิการ,โรงเรียนบ้านโพนทอง สพป.ร้อยเอ็ด เขต 2 สำนักงานคณะกรรมการการศึกษาขั้นพื้นฐาน (สพฐ.) กระทรวงศึกษาธิการ (ต.ขี้เหล็ก),ต่อท้ายชื่อแก้ชื่อซ้ำ (Name Suffix),เติม  (ต.ขี้เหล็ก) ต่อท้ายชื่อเพื่อป้องกันชื่อซ้ำในระดับเดียวกัน,โรงเรียนบ้านโพนทอง สพป.ร้อยเอ็ด เขต 2 สำนักงานคณะกรรมการการศึกษาขั้นพื้นฐาน (สพฐ.) กระทรวงศึกษาธิการ,โรงเรียนบ้านโพนทอง สพป.ร้อยเอ็ด เขต 2 สำนักงานคณะกรรมการการศึกษาขั้นพื้นฐาน (สพฐ.) กระทรวงศึกษาธิการ (ต.ขี้เหล็ก)
14211,โรงเรียนบ้านน้ำคำ สพป.ร้อยเอ็ด เขต 2 สำนักงานคณะกรรมการการศึกษาขั้นพื้นฐาน (สพฐ.) กระทรวงศึกษาธิการ,โรงเรียนบ้านน้ำคำ สพป.ร้อยเอ็ด เขต 2 สำนักงานคณะกรรมการการศึกษาขั้นพื้นฐาน (สพฐ.) กระทรวงศึกษาธิการ (ต.โนนสวรรค์),ต่อท้ายชื่อแก้ชื่อซ้ำ (Name Suffix),เติม  (ต.โนนสวรรค์) ต่อท้ายชื่อเพื่อป้องกันชื่อซ้ำในระดับเดียวกัน,โรงเรียนบ้านน้ำคำ สพป.ร้อยเอ็ด เขต 2 สำนักงานคณะกรรมการการศึกษาขั้นพื้นฐาน (สพฐ.) กระทรวงศึกษาธิการ,โรงเรียนบ้านน้ำคำ สพป.ร้อยเอ็ด เขต 2 สำนักงานคณะกรรมการการศึกษาขั้นพื้นฐาน (สพฐ.) กระทรวงศึกษาธิการ (ต.โนนสวรรค์)
14213,โรงเรียนบ้านส้มโฮง สพป.ร้อยเอ็ด เขต 2 สำนักงานคณะกรรมการการศึกษาขั้นพื้นฐาน (สพฐ.) กระทรวงศึกษาธิการ,โรงเรียนบ้านส้มโฮง สพป.ร้อยเอ็ด เขต 2 สำนักงานคณะกรรมการการศึกษาขั้นพื้นฐาน (สพฐ.) กระทรวงศึกษาธิการ (ต.โนนสวรรค์),ต่อท้ายชื่อแก้ชื่อซ้ำ (Name Suffix),เติม  (ต.โนนสวรรค์) ต่อท้ายชื่อเพื่อป้องกันชื่อซ้ำในระดับเดียวกัน,โรงเรียนบ้านส้มโฮง สพป.ร้อยเอ็ด เขต 2 สำนักงานคณะกรรมการการศึกษาขั้นพื้นฐาน (สพฐ.) กระทรวงศึกษาธิการ,โรงเรียนบ้านส้มโฮง สพป.ร้อยเอ็ด เขต 2 สำนักงานคณะกรรมการการศึกษาขั้นพื้นฐาน (สพฐ.) กระทรวงศึกษาธิการ (ต.โนนสวรรค์)
14218,โรงเรียนบ้านโนนจาน สพป.ร้อยเอ็ด เขต 2 สำนักงานคณะกรรมการการศึกษาขั้นพื้นฐาน (สพฐ.) กระทรวงศึกษาธิการ,โรงเรียนบ้านโนนจาน สพป.ร้อยเอ็ด เขต 2 สำนักงานคณะกรรมการการศึกษาขั้นพื้นฐาน (สพฐ.) กระทรวงศึกษาธิการ (ต.โนนสง่า),ต่อท้ายชื่อแก้ชื่อซ้ำ (Name Suffix),เติม  (ต.โนนสง่า) ต่อท้ายชื่อเพื่อป้องกันชื่อซ้ำในระดับเดียวกัน,โรงเรียนบ้านโนนจาน สพป.ร้อยเอ็ด เขต 2 สำนักงานคณะกรรมการการศึกษาขั้นพื้นฐาน (สพฐ.) กระทรวงศึกษาธิการ,โรงเรียนบ้านโนนจาน สพป.ร้อยเอ็ด เขต 2 สำนักงานคณะกรรมการการศึกษาขั้นพื้นฐาน (สพฐ.) กระทรวงศึกษาธิการ (ต.โนนสง่า)
14235,โรงเรียนบ้านโพธิ์น้อย สพป.ร้อยเอ็ด เขต 2 สำนักงานคณะกรรมการการศึกษาขั้นพื้นฐาน (สพฐ.) กระทรวงศึกษาธิการ,โรงเรียนบ้านโพธิ์น้อย สพป.ร้อยเอ็ด เขต 2 สำนักงานคณะกรรมการการศึกษาขั้นพื้นฐาน (สพฐ.) กระทรวงศึกษาธิการ (ต.แสนสุข),ต่อท้ายชื่อแก้ชื่อซ้ำ (Name Suffix),เติม  (ต.แสนสุข) ต่อท้ายชื่อเพื่อป้องกันชื่อซ้ำในระดับเดียวกัน,โรงเรียนบ้านโพธิ์น้อย สพป.ร้อยเอ็ด เขต 2 สำนักงานคณะกรรมการการศึกษาขั้นพื้นฐาน (สพฐ.) กระทรวงศึกษาธิการ,โรงเรียนบ้านโพธิ์น้อย สพป.ร้อยเอ็ด เขต 2 สำนักงานคณะกรรมการการศึกษาขั้นพื้นฐาน (สพฐ.) กระทรวงศึกษาธิการ (ต.แสนสุข)
14259,โรงเรียนบ้านหัวนา สพป.ร้อยเอ็ด เขต 2 สำนักงานคณะกรรมการการศึกษาขั้นพื้นฐาน (สพฐ.) กระทรวงศึกษาธิการ,โรงเรียนบ้านหัวนา สพป.ร้อยเอ็ด เขต 2 สำนักงานคณะกรรมการการศึกษาขั้นพื้นฐาน (สพฐ.) กระทรวงศึกษาธิการ (ต.หนองทัพไทย),ต่อท้ายชื่อแก้ชื่อซ้ำ (Name Suffix),เติม  (ต.หนองทัพไทย) ต่อท้ายชื่อเพื่อป้องกันชื่อซ้ำในระดับเดียวกัน,โรงเรียนบ้านหัวนา สพป.ร้อยเอ็ด เขต 2 สำนักงานคณะกรรมการการศึกษาขั้นพื้นฐาน (สพฐ.) กระทรวงศึกษาธิการ,โรงเรียนบ้านหัวนา สพป.ร้อยเอ็ด เขต 2 สำนักงานคณะกรรมการการศึกษาขั้นพื้นฐาน (สพฐ.) กระทรวงศึกษาธิการ (ต.หนองทัพไทย)
14266,โรงเรียนบ้านดอนแดง สพป.ร้อยเอ็ด เขต 2 สำนักงานคณะกรรมการการศึกษาขั้นพื้นฐาน (สพฐ.) กระทรวงศึกษาธิการ,โรงเรียนบ้านดอนแดง สพป.ร้อยเอ็ด เขต 2 สำนักงานคณะกรรมการการศึกษาขั้นพื้นฐาน (สพฐ.) กระทรวงศึกษาธิการ (ต.แสนสุข),ต่อท้ายชื่อแก้ชื่อซ้ำ (Name Suffix),เติม  (ต.แสนสุข) ต่อท้ายชื่อเพื่อป้องกันชื่อซ้ำในระดับเดียวกัน,โรงเรียนบ้านดอนแดง สพป.ร้อยเอ็ด เขต 2 สำนักงานคณะกรรมการการศึกษาขั้นพื้นฐาน (สพฐ.) กระทรวงศึกษาธิการ,โรงเรียนบ้านดอนแดง สพป.ร้อยเอ็ด เขต 2 สำนักงานคณะกรรมการการศึกษาขั้นพื้นฐาน (สพฐ.) กระทรวงศึกษาธิการ (ต.แสนสุข)
14357,โรงเรียนบ้านส้มโฮง สพป.ร้อยเอ็ด เขต 2 สำนักงานคณะกรรมการการศึกษาขั้นพื้นฐาน (สพฐ.) กระทรวงศึกษาธิการ,โรงเรียนบ้านส้มโฮง สพป.ร้อยเอ็ด เขต 2 สำนักงานคณะกรรมการการศึกษาขั้นพื้นฐาน (สพฐ.) กระทรวงศึกษาธิการ (ต.หินกอง),ต่อท้ายชื่อแก้ชื่อซ้ำ (Name Suffix),เติม  (ต.หินกอง) ต่อท้ายชื่อเพื่อป้องกันชื่อซ้ำในระดับเดียวกัน,โรงเรียนบ้านส้มโฮง สพป.ร้อยเอ็ด เขต 2 สำนักงานคณะกรรมการการศึกษาขั้นพื้นฐาน (สพฐ.) กระทรวงศึกษาธิการ,โรงเรียนบ้านส้มโฮง สพป.ร้อยเอ็ด เขต 2 สำนักงานคณะกรรมการการศึกษาขั้นพื้นฐาน (สพฐ.) กระทรวงศึกษาธิการ (ต.หินกอง)
14395,โรงเรียนบ้านขี้เหล็ก สพป.ร้อยเอ็ด เขต 2 สำนักงานคณะกรรมการการศึกษาขั้นพื้นฐาน (สพฐ.) กระทรวงศึกษาธิการ,โรงเรียนบ้านขี้เหล็ก สพป.ร้อยเอ็ด เขต 2 สำนักงานคณะกรรมการการศึกษาขั้นพื้นฐาน (สพฐ.) กระทรวงศึกษาธิการ (ต.ห้วยหินลาด),ต่อท้ายชื่อแก้ชื่อซ้ำ (Name Suffix),เติม  (ต.ห้วยหินลาด) ต่อท้ายชื่อเพื่อป้องกันชื่อซ้ำในระดับเดียวกัน,โรงเรียนบ้านขี้เหล็ก สพป.ร้อยเอ็ด เขต 2 สำนักงานคณะกรรมการการศึกษาขั้นพื้นฐาน (สพฐ.) กระทรวงศึกษาธิการ,โรงเรียนบ้านขี้เหล็ก สพป.ร้อยเอ็ด เขต 2 สำนักงานคณะกรรมการการศึกษาขั้นพื้นฐาน (สพฐ.) กระทรวงศึกษาธิการ (ต.ห้วยหินลาด)
14399,โรงเรียนบ้านหนองแวง สพป.ร้อยเอ็ด เขต 2 สำนักงานคณะกรรมการการศึกษาขั้นพื้นฐาน (สพฐ.) กระทรวงศึกษาธิการ,โรงเรียนบ้านหนองแวง สพป.ร้อยเอ็ด เขต 2 สำนักงานคณะกรรมการการศึกษาขั้นพื้นฐาน (สพฐ.) กระทรวงศึกษาธิการ (ต.ห้วยหินลาด),ต่อท้ายชื่อแก้ชื่อซ้ำ (Name Suffix),เติม  (ต.ห้วยหินลาด) ต่อท้ายชื่อเพื่อป้องกันชื่อซ้ำในระดับเดียวกัน,โรงเรียนบ้านหนองแวง สพป.ร้อยเอ็ด เขต 2 สำนักงานคณะกรรมการการศึกษาขั้นพื้นฐาน (สพฐ.) กระทรวงศึกษาธิการ,โรงเรียนบ้านหนองแวง สพป.ร้อยเอ็ด เขต 2 สำนักงานคณะกรรมการการศึกษาขั้นพื้นฐาน (สพฐ.) กระทรวงศึกษาธิการ (ต.ห้วยหินลาด)
14527,โรงเรียนบ้านหนองยาง สพป.ร้อยเอ็ด เขต 2 สำนักงานคณะกรรมการการศึกษาขั้นพื้นฐาน (สพฐ.) กระทรวงศึกษาธิการ,โรงเรียนบ้านหนองยาง สพป.ร้อยเอ็ด เขต 2 สำนักงานคณะกรรมการการศึกษาขั้นพื้นฐาน (สพฐ.) กระทรวงศึกษาธิการ (ต.หนองหมื่นถ่าน),ต่อท้ายชื่อแก้ชื่อซ้ำ (Name Suffix),เติม  (ต.หนองหมื่นถ่าน) ต่อท้ายชื่อเพื่อป้องกันชื่อซ้ำในระดับเดียวกัน,โรงเรียนบ้านหนองยาง สพป.ร้อยเอ็ด เขต 2 สำนักงานคณะกรรมการการศึกษาขั้นพื้นฐาน (สพฐ.) กระทรวงศึกษาธิการ,โรงเรียนบ้านหนองยาง สพป.ร้อยเอ็ด เขต 2 สำนักงานคณะกรรมการการศึกษาขั้นพื้นฐาน (สพฐ.) กระทรวงศึกษาธิการ (ต.หนองหมื่นถ่าน)
14542,โรงเรียนบ้านน้ำคำ สพป.ร้อยเอ็ด เขต 2 สำนักงานคณะกรรมการการศึกษาขั้นพื้นฐาน (สพฐ.) กระทรวงศึกษาธิการ,โรงเรียนบ้านน้ำคำ สพป.ร้อยเอ็ด เขต 2 สำนักงานคณะกรรมการการศึกษาขั้นพื้นฐาน (สพฐ.) กระทรวงศึกษาธิการ (ต.โพนเมือง),ต่อท้ายชื่อแก้ชื่อซ้ำ (Name Suffix),เติม  (ต.โพนเมือง) ต่อท้ายชื่อเพื่อป้องกันชื่อซ้ำในระดับเดียวกัน,โรงเรียนบ้านน้ำคำ สพป.ร้อยเอ็ด เขต 2 สำนักงานคณะกรรมการการศึกษาขั้นพื้นฐาน (สพฐ.) กระทรวงศึกษาธิการ,โรงเรียนบ้านน้ำคำ สพป.ร้อยเอ็ด เขต 2 สำนักงานคณะกรรมการการศึกษาขั้นพื้นฐาน (สพฐ.) กระทรวงศึกษาธิการ (ต.โพนเมือง)
14553,โรงเรียนบ้านขี้เหล็ก สพป.ร้อยเอ็ด เขต 2 สำนักงานคณะกรรมการการศึกษาขั้นพื้นฐาน (สพฐ.) กระทรวงศึกษาธิการ,โรงเรียนบ้านขี้เหล็ก สพป.ร้อยเอ็ด เขต 2 สำนักงานคณะกรรมการการศึกษาขั้นพื้นฐาน (สพฐ.) กระทรวงศึกษาธิการ (ต.ขี้เหล็ก),ต่อท้ายชื่อแก้ชื่อซ้ำ (Name Suffix),เติม  (ต.ขี้เหล็ก) ต่อท้ายชื่อเพื่อป้องกันชื่อซ้ำในระดับเดียวกัน,โรงเรียนบ้านขี้เหล็ก สพป.ร้อยเอ็ด เขต 2 สำนักงานคณะกรรมการการศึกษาขั้นพื้นฐาน (สพฐ.) กระทรวงศึกษาธิการ,โรงเรียนบ้านขี้เหล็ก สพป.ร้อยเอ็ด เขต 2 สำนักงานคณะกรรมการการศึกษาขั้นพื้นฐาน (สพฐ.) กระทรวงศึกษาธิการ (ต.ขี้เหล็ก)
14581,โรงเรียนบ้านหัวนา สพป.ร้อยเอ็ด เขต 2 สำนักงานคณะกรรมการการศึกษาขั้นพื้นฐาน (สพฐ.) กระทรวงศึกษาธิการ,โรงเรียนบ้านหัวนา สพป.ร้อยเอ็ด เขต 2 สำนักงานคณะกรรมการการศึกษาขั้นพื้นฐาน (สพฐ.) กระทรวงศึกษาธิการ (ต.กกกุง),ต่อท้ายชื่อแก้ชื่อซ้ำ (Name Suffix),เติม  (ต.กกกุง) ต่อท้ายชื่อเพื่อป้องกันชื่อซ้ำในระดับเดียวกัน,โรงเรียนบ้านหัวนา สพป.ร้อยเอ็ด เขต 2 สำนักงานคณะกรรมการการศึกษาขั้นพื้นฐาน (สพฐ.) กระทรวงศึกษาธิการ,โรงเรียนบ้านหัวนา สพป.ร้อยเอ็ด เขต 2 สำนักงานคณะกรรมการการศึกษาขั้นพื้นฐาน (สพฐ.) กระทรวงศึกษาธิการ (ต.กกกุง)
14621,โรงเรียนบ้านโพนทอง สพป.ร้อยเอ็ด เขต 2 สำนักงานคณะกรรมการการศึกษาขั้นพื้นฐาน (สพฐ.) กระทรวงศึกษาธิการ,โรงเรียนบ้านโพนทอง สพป.ร้อยเอ็ด เขต 2 สำนักงานคณะกรรมการการศึกษาขั้นพื้นฐาน (สพฐ.) กระทรวงศึกษาธิการ (ต.ท่าหาดยาว),ต่อท้ายชื่อแก้ชื่อซ้ำ (Name Suffix),เติม  (ต.ท่าหาดยาว) ต่อท้ายชื่อเพื่อป้องกันชื่อซ้ำในระดับเดียวกัน,โรงเรียนบ้านโพนทอง สพป.ร้อยเอ็ด เขต 2 สำนักงานคณะกรรมการการศึกษาขั้นพื้นฐาน (สพฐ.) กระทรวงศึกษาธิการ,โรงเรียนบ้านโพนทอง สพป.ร้อยเอ็ด เขต 2 สำนักงานคณะกรรมการการศึกษาขั้นพื้นฐาน (สพฐ.) กระทรวงศึกษาธิการ (ต.ท่าหาดยาว)
14627,โรงเรียนบ้านหนองยาง สพป.ร้อยเอ็ด เขต 2 สำนักงานคณะกรรมการการศึกษาขั้นพื้นฐาน (สพฐ.) กระทรวงศึกษาธิการ,โรงเรียนบ้านหนองยาง สพป.ร้อยเอ็ด เขต 2 สำนักงานคณะกรรมการการศึกษาขั้นพื้นฐาน (สพฐ.) กระทรวงศึกษาธิการ (ต.โพนทราย),ต่อท้ายชื่อแก้ชื่อซ้ำ (Name Suffix),เติม  (ต.โพนทราย) ต่อท้ายชื่อเพื่อป้องกันชื่อซ้ำในระดับเดียวกัน,โรงเรียนบ้านหนองยาง สพป.ร้อยเอ็ด เขต 2 สำนักงานคณะกรรมการการศึกษาขั้นพื้นฐาน (สพฐ.) กระทรวงศึกษาธิการ,โรงเรียนบ้านหนองยาง สพป.ร้อยเอ็ด เขต 2 สำนักงานคณะกรรมการการศึกษาขั้นพื้นฐาน (สพฐ.) กระทรวงศึกษาธิการ (ต.โพนทราย)
14725,โรงเรียนบ้านดอนแดง สพป.ร้อยเอ็ด เขต 2 สำนักงานคณะกรรมการการศึกษาขั้นพื้นฐาน (สพฐ.) กระทรวงศึกษาธิการ,โรงเรียนบ้านดอนแดง สพป.ร้อยเอ็ด เขต 2 สำนักงานคณะกรรมการการศึกษาขั้นพื้นฐาน (สพฐ.) กระทรวงศึกษาธิการ (ต.สาวแห),ต่อท้ายชื่อแก้ชื่อซ้ำ (Name Suffix),เติม  (ต.สาวแห) ต่อท้ายชื่อเพื่อป้องกันชื่อซ้ำในระดับเดียวกัน,โรงเรียนบ้านดอนแดง สพป.ร้อยเอ็ด เขต 2 สำนักงานคณะกรรมการการศึกษาขั้นพื้นฐาน (สพฐ.) กระทรวงศึกษาธิการ,โรงเรียนบ้านดอนแดง สพป.ร้อยเอ็ด เขต 2 สำนักงานคณะกรรมการการศึกษาขั้นพื้นฐาน (สพฐ.) กระทรวงศึกษาธิการ (ต.สาวแห)
14888,โรงเรียนคำไฮวิทยา สพป.กาฬสินธุ์ เขต 2 สำนักงานคณะกรรมการการศึกษาขั้นพื้นฐาน (สพฐ.) กระทรวงศึกษาธิการ,โรงเรียนคำไฮวิทยา สพป.กาฬสินธุ์ เขต 2 สำนักงานคณะกรรมการการศึกษาขั้นพื้นฐาน (สพฐ.) กระทรวงศึกษาธิการ (ต.หนองตอกแป้น),ต่อท้ายชื่อแก้ชื่อซ้ำ (Name Suffix),เติม  (ต.หนองตอกแป้น) ต่อท้ายชื่อเพื่อป้องกันชื่อซ้ำในระดับเดียวกัน,โรงเรียนคำไฮวิทยา สพป.กาฬสินธุ์ เขต 2 สำนักงานคณะกรรมการการศึกษาขั้นพื้นฐาน (สพฐ.) กระทรวงศึกษาธิการ,โรงเรียนคำไฮวิทยา สพป.กาฬสินธุ์ เขต 2 สำนักงานคณะกรรมการการศึกษาขั้นพื้นฐาน (สพฐ.) กระทรวงศึกษาธิการ (ต.หนองตอกแป้น)
15184,โรงเรียนคำไฮวิทยา สพป.กาฬสินธุ์ เขต 2 สำนักงานคณะกรรมการการศึกษาขั้นพื้นฐาน (สพฐ.) กระทรวงศึกษาธิการ,โรงเรียนคำไฮวิทยา สพป.กาฬสินธุ์ เขต 2 สำนักงานคณะกรรมการการศึกษาขั้นพื้นฐาน (สพฐ.) กระทรวงศึกษาธิการ (ต.หนองกุงศรี),ต่อท้ายชื่อแก้ชื่อซ้ำ (Name Suffix),เติม  (ต.หนองกุงศรี) ต่อท้ายชื่อเพื่อป้องกันชื่อซ้ำในระดับเดียวกัน,โรงเรียนคำไฮวิทยา สพป.กาฬสินธุ์ เขต 2 สำนักงานคณะกรรมการการศึกษาขั้นพื้นฐาน (สพฐ.) กระทรวงศึกษาธิการ,โรงเรียนคำไฮวิทยา สพป.กาฬสินธุ์ เขต 2 สำนักงานคณะกรรมการการศึกษาขั้นพื้นฐาน (สพฐ.) กระทรวงศึกษาธิการ (ต.หนองกุงศรี)
15392,โรงเรียนศูนย์การศึกษาพิเศษ ประจำจังหวัดกาฬสินธุ์ (แห่งที่2) สำนักบริหารงานการศึกษาพิเศษ สำนักงานคณะกรรมการการศึกษาขั้นพื้นฐาน (สพฐ.) กระทรวงศึกษาธิการ,โรงเรียนศูนย์การศึกษาพิเศษ ประจำจังหวัดกาฬสินธุ์ (แห่งที่2) สำนักบริหารงานการศึกษาพิเศษ สำนักงานคณะกรรมการการศึกษาขั้นพื้นฐาน (สพฐ.) กระทรวงศึกษาธิการ,ใช้พิกัดจุดศูนย์กลางตำบล (Subdistrict Center Fallback),เนื่องจากพิกัดเดิมว่างหรือผิดรูปแบบ จึงดึงพิกัดกึ่งกลางตำบลจาก DB มาใช้แทน,ค่าว่าง (ไม่มีพิกัด),"Lat: 16.39071684, Long: 103.3512445 (ต.ยางตลาด อ.ยางตลาด)"
15409,โรงเรียนบ้านพังขว้างเหนือ 909 กรป.กลางอุปถัมภ์ สพป.สกลนคร เขต 1 สำนักงานคณะกรรมการการศึกษาขั้นพื้นฐาน (สพฐ.) กระทรวงศึกษาธิการ,โรงเรียนบ้านพังขว้างเหนือ 909 กรป.กลางอุปถัมภ์ สพป.สกลนคร เขต 1 สำนักงานคณะกรรมการการศึกษาขั้นพื้นฐาน (สพฐ.) กระทรวงศึกษาธิการ,ใช้พิกัดจุดศูนย์กลางตำบล (Subdistrict Center Fallback),เนื่องจากพิกัดเดิมว่างหรือผิดรูปแบบ จึงดึงพิกัดกึ่งกลางตำบลจาก DB มาใช้แทน,"104.04,17.21","Lat: 17.18678093, Long: 104.0495139 (ต.พังขว้าง อ.เมืองสกลนคร)"
15557,โรงเรียนบ้านหนองหวาย สพป.สกลนคร เขต 2 สำนักงานคณะกรรมการการศึกษาขั้นพื้นฐาน (สพฐ.) กระทรวงศึกษาธิการ,โรงเรียนบ้านหนองหวาย สพป.สกลนคร เขต 2 สำนักงานคณะกรรมการการศึกษาขั้นพื้นฐาน (สพฐ.) กระทรวงศึกษาธิการ (ต.วังยาง),ต่อท้ายชื่อแก้ชื่อซ้ำ (Name Suffix),เติม  (ต.วังยาง) ต่อท้ายชื่อเพื่อป้องกันชื่อซ้ำในระดับเดียวกัน,โรงเรียนบ้านหนองหวาย สพป.สกลนคร เขต 2 สำนักงานคณะกรรมการการศึกษาขั้นพื้นฐาน (สพฐ.) กระทรวงศึกษาธิการ,โรงเรียนบ้านหนองหวาย สพป.สกลนคร เขต 2 สำนักงานคณะกรรมการการศึกษาขั้นพื้นฐาน (สพฐ.) กระทรวงศึกษาธิการ (ต.วังยาง)
15651,โรงเรียนบ้านดอนแดง สพป.สกลนคร เขต 3 สำนักงานคณะกรรมการการศึกษาขั้นพื้นฐาน (สพฐ.) กระทรวงศึกษาธิการ,โรงเรียนบ้านดอนแดง สพป.สกลนคร เขต 3 สำนักงานคณะกรรมการการศึกษาขั้นพื้นฐาน (สพฐ.) กระทรวงศึกษาธิการ (ต.ศรีวิชัย),ต่อท้ายชื่อแก้ชื่อซ้ำ (Name Suffix),เติม  (ต.ศรีวิชัย) ต่อท้ายชื่อเพื่อป้องกันชื่อซ้ำในระดับเดียวกัน,โรงเรียนบ้านดอนแดง สพป.สกลนคร เขต 3 สำนักงานคณะกรรมการการศึกษาขั้นพื้นฐาน (สพฐ.) กระทรวงศึกษาธิการ,โรงเรียนบ้านดอนแดง สพป.สกลนคร เขต 3 สำนักงานคณะกรรมการการศึกษาขั้นพื้นฐาน (สพฐ.) กระทรวงศึกษาธิการ (ต.ศรีวิชัย)
15719,โรงเรียนบ้านดอนยานาง สพป.สกลนคร เขต 2 สำนักงานคณะกรรมการการศึกษาขั้นพื้นฐาน (สพฐ.) กระทรวงศึกษาธิการ,โรงเรียนบ้านดอนยานาง สพป.สกลนคร เขต 2 สำนักงานคณะกรรมการการศึกษาขั้นพื้นฐาน (สพฐ.) กระทรวงศึกษาธิการ (ต.ปลาโหล),ต่อท้ายชื่อแก้ชื่อซ้ำ (Name Suffix),เติม  (ต.ปลาโหล) ต่อท้ายชื่อเพื่อป้องกันชื่อซ้ำในระดับเดียวกัน,โรงเรียนบ้านดอนยานาง สพป.สกลนคร เขต 2 สำนักงานคณะกรรมการการศึกษาขั้นพื้นฐาน (สพฐ.) กระทรวงศึกษาธิการ,โรงเรียนบ้านดอนยานาง สพป.สกลนคร เขต 2 สำนักงานคณะกรรมการการศึกษาขั้นพื้นฐาน (สพฐ.) กระทรวงศึกษาธิการ (ต.ปลาโหล)
15722,โรงเรียนบ้านหนองกุง สพป.สกลนคร เขต 2 สำนักงานคณะกรรมการการศึกษาขั้นพื้นฐาน (สพฐ.) กระทรวงศึกษาธิการ,โรงเรียนบ้านหนองกุง สพป.สกลนคร เขต 2 สำนักงานคณะกรรมการการศึกษาขั้นพื้นฐาน (สพฐ.) กระทรวงศึกษาธิการ (ต.คำบ่อ),ต่อท้ายชื่อแก้ชื่อซ้ำ (Name Suffix),เติม  (ต.คำบ่อ) ต่อท้ายชื่อเพื่อป้องกันชื่อซ้ำในระดับเดียวกัน,โรงเรียนบ้านหนองกุง สพป.สกลนคร เขต 2 สำนักงานคณะกรรมการการศึกษาขั้นพื้นฐาน (สพฐ.) กระทรวงศึกษาธิการ,โรงเรียนบ้านหนองกุง สพป.สกลนคร เขต 2 สำนักงานคณะกรรมการการศึกษาขั้นพื้นฐาน (สพฐ.) กระทรวงศึกษาธิการ (ต.คำบ่อ)
15723,โรงเรียนบ้านหนองแปน สพป.สกลนคร เขต 2 สำนักงานคณะกรรมการการศึกษาขั้นพื้นฐาน (สพฐ.) กระทรวงศึกษาธิการ,โรงเรียนบ้านหนองแปน สพป.สกลนคร เขต 2 สำนักงานคณะกรรมการการศึกษาขั้นพื้นฐาน (สพฐ.) กระทรวงศึกษาธิการ (ต.คำบ่อ),ต่อท้ายชื่อแก้ชื่อซ้ำ (Name Suffix),เติม  (ต.คำบ่อ) ต่อท้ายชื่อเพื่อป้องกันชื่อซ้ำในระดับเดียวกัน,โรงเรียนบ้านหนองแปน สพป.สกลนคร เขต 2 สำนักงานคณะกรรมการการศึกษาขั้นพื้นฐาน (สพฐ.) กระทรวงศึกษาธิการ,โรงเรียนบ้านหนองแปน สพป.สกลนคร เขต 2 สำนักงานคณะกรรมการการศึกษาขั้นพื้นฐาน (สพฐ.) กระทรวงศึกษาธิการ (ต.คำบ่อ)
15770,โรงเรียนบ้านหนองหวาย สพป.สกลนคร เขต 2 สำนักงานคณะกรรมการการศึกษาขั้นพื้นฐาน (สพฐ.) กระทรวงศึกษาธิการ,โรงเรียนบ้านหนองหวาย สพป.สกลนคร เขต 2 สำนักงานคณะกรรมการการศึกษาขั้นพื้นฐาน (สพฐ.) กระทรวงศึกษาธิการ (ต.ตาลเนิ้ง),ต่อท้ายชื่อแก้ชื่อซ้ำ (Name Suffix),เติม  (ต.ตาลเนิ้ง) ต่อท้ายชื่อเพื่อป้องกันชื่อซ้ำในระดับเดียวกัน,โรงเรียนบ้านหนองหวาย สพป.สกลนคร เขต 2 สำนักงานคณะกรรมการการศึกษาขั้นพื้นฐาน (สพฐ.) กระทรวงศึกษาธิการ,โรงเรียนบ้านหนองหวาย สพป.สกลนคร เขต 2 สำนักงานคณะกรรมการการศึกษาขั้นพื้นฐาน (สพฐ.) กระทรวงศึกษาธิการ (ต.ตาลเนิ้ง)
15783,โรงเรียนบ้านดอนยานาง สพป.สกลนคร เขต 2 สำนักงานคณะกรรมการการศึกษาขั้นพื้นฐาน (สพฐ.) กระทรวงศึกษาธิการ,โรงเรียนบ้านดอนยานาง สพป.สกลนคร เขต 2 สำนักงานคณะกรรมการการศึกษาขั้นพื้นฐาน (สพฐ.) กระทรวงศึกษาธิการ (ต.ทรายมูล),ต่อท้ายชื่อแก้ชื่อซ้ำ (Name Suffix),เติม  (ต.ทรายมูล) ต่อท้ายชื่อเพื่อป้องกันชื่อซ้ำในระดับเดียวกัน,โรงเรียนบ้านดอนยานาง สพป.สกลนคร เขต 2 สำนักงานคณะกรรมการการศึกษาขั้นพื้นฐาน (สพฐ.) กระทรวงศึกษาธิการ,โรงเรียนบ้านดอนยานาง สพป.สกลนคร เขต 2 สำนักงานคณะกรรมการการศึกษาขั้นพื้นฐาน (สพฐ.) กระทรวงศึกษาธิการ (ต.ทรายมูล)
15803,โรงเรียนบ้านหนองกุง สพป.สกลนคร เขต 2 สำนักงานคณะกรรมการการศึกษาขั้นพื้นฐาน (สพฐ.) กระทรวงศึกษาธิการ,โรงเรียนบ้านหนองกุง สพป.สกลนคร เขต 2 สำนักงานคณะกรรมการการศึกษาขั้นพื้นฐาน (สพฐ.) กระทรวงศึกษาธิการ (ต.บงเหนือ),ต่อท้ายชื่อแก้ชื่อซ้ำ (Name Suffix),เติม  (ต.บงเหนือ) ต่อท้ายชื่อเพื่อป้องกันชื่อซ้ำในระดับเดียวกัน,โรงเรียนบ้านหนองกุง สพป.สกลนคร เขต 2 สำนักงานคณะกรรมการการศึกษาขั้นพื้นฐาน (สพฐ.) กระทรวงศึกษาธิการ,โรงเรียนบ้านหนองกุง สพป.สกลนคร เขต 2 สำนักงานคณะกรรมการการศึกษาขั้นพื้นฐาน (สพฐ.) กระทรวงศึกษาธิการ (ต.บงเหนือ)
15826,โรงเรียนบ้านหนองกุง สพป.สกลนคร เขต 2 สำนักงานคณะกรรมการการศึกษาขั้นพื้นฐาน (สพฐ.) กระทรวงศึกษาธิการ,โรงเรียนบ้านหนองกุง สพป.สกลนคร เขต 2 สำนักงานคณะกรรมการการศึกษาขั้นพื้นฐาน (สพฐ.) กระทรวงศึกษาธิการ (ต.ส่องดาว),ต่อท้ายชื่อแก้ชื่อซ้ำ (Name Suffix),เติม  (ต.ส่องดาว) ต่อท้ายชื่อเพื่อป้องกันชื่อซ้ำในระดับเดียวกัน,โรงเรียนบ้านหนองกุง สพป.สกลนคร เขต 2 สำนักงานคณะกรรมการการศึกษาขั้นพื้นฐาน (สพฐ.) กระทรวงศึกษาธิการ,โรงเรียนบ้านหนองกุง สพป.สกลนคร เขต 2 สำนักงานคณะกรรมการการศึกษาขั้นพื้นฐาน (สพฐ.) กระทรวงศึกษาธิการ (ต.ส่องดาว)
15871,โรงเรียนบ้านดอนแดง สพป.สกลนคร เขต 3 สำนักงานคณะกรรมการการศึกษาขั้นพื้นฐาน (สพฐ.) กระทรวงศึกษาธิการ,โรงเรียนบ้านดอนแดง สพป.สกลนคร เขต 3 สำนักงานคณะกรรมการการศึกษาขั้นพื้นฐาน (สพฐ.) กระทรวงศึกษาธิการ (ต.ท่าก้อน),ต่อท้ายชื่อแก้ชื่อซ้ำ (Name Suffix),เติม  (ต.ท่าก้อน) ต่อท้ายชื่อเพื่อป้องกันชื่อซ้ำในระดับเดียวกัน,โรงเรียนบ้านดอนแดง สพป.สกลนคร เขต 3 สำนักงานคณะกรรมการการศึกษาขั้นพื้นฐาน (สพฐ.) กระทรวงศึกษาธิการ,โรงเรียนบ้านดอนแดง สพป.สกลนคร เขต 3 สำนักงานคณะกรรมการการศึกษาขั้นพื้นฐาน (สพฐ.) กระทรวงศึกษาธิการ (ต.ท่าก้อน)
15915,โรงเรียนบ้านกวนบุ่น สพป.สกลนคร เขต 1 สำนักงานคณะกรรมการการศึกษาขั้นพื้นฐาน (สพฐ.) กระทรวงศึกษาธิการ,โรงเรียนบ้านกวนบุ่น สพป.สกลนคร เขต 1 สำนักงานคณะกรรมการการศึกษาขั้นพื้นฐาน (สพฐ.) กระทรวงศึกษาธิการ,ใช้พิกัดจุดศูนย์กลางตำบล (Subdistrict Center Fallback),เนื่องจากพิกัดเดิมว่างหรือผิดรูปแบบ จึงดึงพิกัดกึ่งกลางตำบลจาก DB มาใช้แทน,4.130111868667E12,"Lat: 16.91182523, Long: 104.1551393 (ต.จันทร์เพ็ญ อ.เต่างอย)"
15963,โรงเรียนบ้านหนองแปน สพป.สกลนคร เขต 2 สำนักงานคณะกรรมการการศึกษาขั้นพื้นฐาน (สพฐ.) กระทรวงศึกษาธิการ,โรงเรียนบ้านหนองแปน สพป.สกลนคร เขต 2 สำนักงานคณะกรรมการการศึกษาขั้นพื้นฐาน (สพฐ.) กระทรวงศึกษาธิการ (ต.หนองแปน),ต่อท้ายชื่อแก้ชื่อซ้ำ (Name Suffix),เติม  (ต.หนองแปน) ต่อท้ายชื่อเพื่อป้องกันชื่อซ้ำในระดับเดียวกัน,โรงเรียนบ้านหนองแปน สพป.สกลนคร เขต 2 สำนักงานคณะกรรมการการศึกษาขั้นพื้นฐาน (สพฐ.) กระทรวงศึกษาธิการ,โรงเรียนบ้านหนองแปน สพป.สกลนคร เขต 2 สำนักงานคณะกรรมการการศึกษาขั้นพื้นฐาน (สพฐ.) กระทรวงศึกษาธิการ (ต.หนองแปน)
16089,โรงเรียนบ้านหนองแซง สพป.นครพนม เขต 1 สำนักงานคณะกรรมการการศึกษาขั้นพื้นฐาน (สพฐ.) กระทรวงศึกษาธิการ,โรงเรียนบ้านหนองแซง สพป.นครพนม เขต 1 สำนักงานคณะกรรมการการศึกษาขั้นพื้นฐาน (สพฐ.) กระทรวงศึกษาธิการ (ต.วังตามัว),ต่อท้ายชื่อแก้ชื่อซ้ำ (Name Suffix),เติม  (ต.วังตามัว) ต่อท้ายชื่อเพื่อป้องกันชื่อซ้ำในระดับเดียวกัน,โรงเรียนบ้านหนองแซง สพป.นครพนม เขต 1 สำนักงานคณะกรรมการการศึกษาขั้นพื้นฐาน (สพฐ.) กระทรวงศึกษาธิการ,โรงเรียนบ้านหนองแซง สพป.นครพนม เขต 1 สำนักงานคณะกรรมการการศึกษาขั้นพื้นฐาน (สพฐ.) กระทรวงศึกษาธิการ (ต.วังตามัว)
16104,โรงเรียนบ้านดงยอ สพป.นครพนม เขต 1 สำนักงานคณะกรรมการการศึกษาขั้นพื้นฐาน (สพฐ.) กระทรวงศึกษาธิการ,โรงเรียนบ้านดงยอ สพป.นครพนม เขต 1 สำนักงานคณะกรรมการการศึกษาขั้นพื้นฐาน (สพฐ.) กระทรวงศึกษาธิการ (ต.บ้านกลาง),ต่อท้ายชื่อแก้ชื่อซ้ำ (Name Suffix),เติม  (ต.บ้านกลาง) ต่อท้ายชื่อเพื่อป้องกันชื่อซ้ำในระดับเดียวกัน,โรงเรียนบ้านดงยอ สพป.นครพนม เขต 1 สำนักงานคณะกรรมการการศึกษาขั้นพื้นฐาน (สพฐ.) กระทรวงศึกษาธิการ,โรงเรียนบ้านดงยอ สพป.นครพนม เขต 1 สำนักงานคณะกรรมการการศึกษาขั้นพื้นฐาน (สพฐ.) กระทรวงศึกษาธิการ (ต.บ้านกลาง)
16117,โรงเรียนบ้านดอนแดง สพป.นครพนม เขต 2 สำนักงานคณะกรรมการการศึกษาขั้นพื้นฐาน (สพฐ.) กระทรวงศึกษาธิการ,โรงเรียนบ้านดอนแดง สพป.นครพนม เขต 2 สำนักงานคณะกรรมการการศึกษาขั้นพื้นฐาน (สพฐ.) กระทรวงศึกษาธิการ (ต.ท่าจำปา),ต่อท้ายชื่อแก้ชื่อซ้ำ (Name Suffix),เติม  (ต.ท่าจำปา) ต่อท้ายชื่อเพื่อป้องกันชื่อซ้ำในระดับเดียวกัน,โรงเรียนบ้านดอนแดง สพป.นครพนม เขต 2 สำนักงานคณะกรรมการการศึกษาขั้นพื้นฐาน (สพฐ.) กระทรวงศึกษาธิการ,โรงเรียนบ้านดอนแดง สพป.นครพนม เขต 2 สำนักงานคณะกรรมการการศึกษาขั้นพื้นฐาน (สพฐ.) กระทรวงศึกษาธิการ (ต.ท่าจำปา)
16120,โรงเรียนบ้านท่าแต้ปุ่งแก สพป.นครพนม เขต 2 สำนักงานคณะกรรมการการศึกษาขั้นพื้นฐาน (สพฐ.) กระทรวงศึกษาธิการ,โรงเรียนบ้านท่าแต้ปุ่งแก สพป.นครพนม เขต 2 สำนักงานคณะกรรมการการศึกษาขั้นพื้นฐาน (สพฐ.) กระทรวงศึกษาธิการ,ใช้พิกัดจุดศูนย์กลางตำบล (Subdistrict Center Fallback),เนื่องจากพิกัดเดิมว่างหรือผิดรูปแบบ จึงดึงพิกัดกึ่งกลางตำบลจาก DB มาใช้แทน,"104.415244,17.585973","Lat: 17.5897339, Long: 104.4940792 (ต.ท่าจำปา อ.ท่าอุเทน)"
16143,โรงเรียนบ้านโคกสว่าง สพป.นครพนม เขต 2 สำนักงานคณะกรรมการการศึกษาขั้นพื้นฐาน (สพฐ.) กระทรวงศึกษาธิการ,โรงเรียนบ้านโคกสว่าง สพป.นครพนม เขต 2 สำนักงานคณะกรรมการการศึกษาขั้นพื้นฐาน (สพฐ.) กระทรวงศึกษาธิการ,ใช้พิกัดจุดศูนย์กลางตำบล (Subdistrict Center Fallback),เนื่องจากพิกัดเดิมว่างหรือผิดรูปแบบ จึงดึงพิกัดกึ่งกลางตำบลจาก DB มาใช้แทน,"104.29644,17.76902","Lat: 17.78885007, Long: 104.3163111 (ต.พะทาย อ.ท่าอุเทน)"
16192,โรงเรียนบ้านดงยอ สพป.นครพนม เขต 1 สำนักงานคณะกรรมการการศึกษาขั้นพื้นฐาน (สพฐ.) กระทรวงศึกษาธิการ,โรงเรียนบ้านดงยอ สพป.นครพนม เขต 1 สำนักงานคณะกรรมการการศึกษาขั้นพื้นฐาน (สพฐ.) กระทรวงศึกษาธิการ (ต.นาถ่อน),ต่อท้ายชื่อแก้ชื่อซ้ำ (Name Suffix),เติม  (ต.นาถ่อน) ต่อท้ายชื่อเพื่อป้องกันชื่อซ้ำในระดับเดียวกัน,โรงเรียนบ้านดงยอ สพป.นครพนม เขต 1 สำนักงานคณะกรรมการการศึกษาขั้นพื้นฐาน (สพฐ.) กระทรวงศึกษาธิการ,โรงเรียนบ้านดงยอ สพป.นครพนม เขต 1 สำนักงานคณะกรรมการการศึกษาขั้นพื้นฐาน (สพฐ.) กระทรวงศึกษาธิการ (ต.นาถ่อน)
16238,โรงเรียนบ้านหนองกุง สพป.นครพนม เขต 1 สำนักงานคณะกรรมการการศึกษาขั้นพื้นฐาน (สพฐ.) กระทรวงศึกษาธิการ,โรงเรียนบ้านหนองกุง สพป.นครพนม เขต 1 สำนักงานคณะกรรมการการศึกษาขั้นพื้นฐาน (สพฐ.) กระทรวงศึกษาธิการ (ต.หนองสังข์),ต่อท้ายชื่อแก้ชื่อซ้ำ (Name Suffix),เติม  (ต.หนองสังข์) ต่อท้ายชื่อเพื่อป้องกันชื่อซ้ำในระดับเดียวกัน,โรงเรียนบ้านหนองกุง สพป.นครพนม เขต 1 สำนักงานคณะกรรมการการศึกษาขั้นพื้นฐาน (สพฐ.) กระทรวงศึกษาธิการ,โรงเรียนบ้านหนองกุง สพป.นครพนม เขต 1 สำนักงานคณะกรรมการการศึกษาขั้นพื้นฐาน (สพฐ.) กระทรวงศึกษาธิการ (ต.หนองสังข์)
16251,โรงเรียนชุมชนนางัว สพป.นครพนม เขต 2 สำนักงานคณะกรรมการการศึกษาขั้นพื้นฐาน (สพฐ.) กระทรวงศึกษาธิการ,โรงเรียนชุมชนนางัว สพป.นครพนม เขต 2 สำนักงานคณะกรรมการการศึกษาขั้นพื้นฐาน (สพฐ.) กระทรวงศึกษาธิการ,ใช้พิกัดจุดศูนย์กลางตำบล (Subdistrict Center Fallback),เนื่องจากพิกัดเดิมว่างหรือผิดรูปแบบ จึงดึงพิกัดกึ่งกลางตำบลจาก DB มาใช้แทน,"104.10338,17.45877","Lat: 17.43499666, Long: 104.0884252 (ต.นางัว อ.นาหว้า)"
16258,โรงเรียนบ้านดอนแดง สพป.นครพนม เขต 2 สำนักงานคณะกรรมการการศึกษาขั้นพื้นฐาน (สพฐ.) กระทรวงศึกษาธิการ,โรงเรียนบ้านดอนแดง สพป.นครพนม เขต 2 สำนักงานคณะกรรมการการศึกษาขั้นพื้นฐาน (สพฐ.) กระทรวงศึกษาธิการ (ต.บ้านเสียว),ต่อท้ายชื่อแก้ชื่อซ้ำ (Name Suffix),เติม  (ต.บ้านเสียว) ต่อท้ายชื่อเพื่อป้องกันชื่อซ้ำในระดับเดียวกัน,โรงเรียนบ้านดอนแดง สพป.นครพนม เขต 2 สำนักงานคณะกรรมการการศึกษาขั้นพื้นฐาน (สพฐ.) กระทรวงศึกษาธิการ,โรงเรียนบ้านดอนแดง สพป.นครพนม เขต 2 สำนักงานคณะกรรมการการศึกษาขั้นพื้นฐาน (สพฐ.) กระทรวงศึกษาธิการ (ต.บ้านเสียว)
16271,โรงเรียนบ้านนาพระโนนห้วยแคน สพป.นครพนม เขต 2 สำนักงานคณะกรรมการการศึกษาขั้นพื้นฐาน (สพฐ.) กระทรวงศึกษาธิการ,โรงเรียนบ้านนาพระโนนห้วยแคน สพป.นครพนม เขต 2 สำนักงานคณะกรรมการการศึกษาขั้นพื้นฐาน (สพฐ.) กระทรวงศึกษาธิการ,ใช้พิกัดจุดศูนย์กลางตำบล (Subdistrict Center Fallback),เนื่องจากพิกัดเดิมว่างหรือผิดรูปแบบ จึงดึงพิกัดกึ่งกลางตำบลจาก DB มาใช้แทน,"104.064277,17.486385","Lat: 17.48116292, Long: 104.1547999 (ต.นาหว้า อ.นาหว้า)"
16276,โรงเรียนบ้านท่าลาดราษฎร์สามัคคี สพป.นครพนม เขต 2 สำนักงานคณะกรรมการการศึกษาขั้นพื้นฐาน (สพฐ.) กระทรวงศึกษาธิการ,โรงเรียนบ้านท่าลาดราษฎร์สามัคคี สพป.นครพนม เขต 2 สำนักงานคณะกรรมการการศึกษาขั้นพื้นฐาน (สพฐ.) กระทรวงศึกษาธิการ,ใช้พิกัดจุดศูนย์กลางตำบล (Subdistrict Center Fallback),เนื่องจากพิกัดเดิมว่างหรือผิดรูปแบบ จึงดึงพิกัดกึ่งกลางตำบลจาก DB มาใช้แทน,"104.24767,17.91333","Lat: 17.94617061, Long: 104.1841635 (ต.บ้านแพง อ.บ้านแพง)"
16283,โรงเรียนบ้านนาโพธิ์ สพป.นครพนม เขต 2 สำนักงานคณะกรรมการการศึกษาขั้นพื้นฐาน (สพฐ.) กระทรวงศึกษาธิการ,โรงเรียนบ้านนาโพธิ์ สพป.นครพนม เขต 2 สำนักงานคณะกรรมการการศึกษาขั้นพื้นฐาน (สพฐ.) กระทรวงศึกษาธิการ (ต.ไผ่ล้อม),ต่อท้ายชื่อแก้ชื่อซ้ำ (Name Suffix),เติม  (ต.ไผ่ล้อม) ต่อท้ายชื่อเพื่อป้องกันชื่อซ้ำในระดับเดียวกัน,โรงเรียนบ้านนาโพธิ์ สพป.นครพนม เขต 2 สำนักงานคณะกรรมการการศึกษาขั้นพื้นฐาน (สพฐ.) กระทรวงศึกษาธิการ,โรงเรียนบ้านนาโพธิ์ สพป.นครพนม เขต 2 สำนักงานคณะกรรมการการศึกษาขั้นพื้นฐาน (สพฐ.) กระทรวงศึกษาธิการ (ต.ไผ่ล้อม)
16291,โรงเรียนบ้านนาดีหัวภู สพป.นครพนม เขต 2 สำนักงานคณะกรรมการการศึกษาขั้นพื้นฐาน (สพฐ.) กระทรวงศึกษาธิการ,โรงเรียนบ้านนาดีหัวภู สพป.นครพนม เขต 2 สำนักงานคณะกรรมการการศึกษาขั้นพื้นฐาน (สพฐ.) กระทรวงศึกษาธิการ,ใช้พิกัดจุดศูนย์กลางตำบล (Subdistrict Center Fallback),เนื่องจากพิกัดเดิมว่างหรือผิดรูปแบบ จึงดึงพิกัดกึ่งกลางตำบลจาก DB มาใช้แทน,"104.23241,17.87314","Lat: 17.88761771, Long: 104.2144419 (ต.โพนทอง อ.บ้านแพง)"
16325,โรงเรียนบ้านนาขาม สพป.นครพนม เขต 1 สำนักงานคณะกรรมการการศึกษาขั้นพื้นฐาน (สพฐ.) กระทรวงศึกษาธิการ,โรงเรียนบ้านนาขาม สพป.นครพนม เขต 1 สำนักงานคณะกรรมการการศึกษาขั้นพื้นฐาน (สพฐ.) กระทรวงศึกษาธิการ (ต.ปลาปาก),ต่อท้ายชื่อแก้ชื่อซ้ำ (Name Suffix),เติม  (ต.ปลาปาก) ต่อท้ายชื่อเพื่อป้องกันชื่อซ้ำในระดับเดียวกัน,โรงเรียนบ้านนาขาม สพป.นครพนม เขต 1 สำนักงานคณะกรรมการการศึกษาขั้นพื้นฐาน (สพฐ.) กระทรวงศึกษาธิการ,โรงเรียนบ้านนาขาม สพป.นครพนม เขต 1 สำนักงานคณะกรรมการการศึกษาขั้นพื้นฐาน (สพฐ.) กระทรวงศึกษาธิการ (ต.ปลาปาก)
16326,โรงเรียนบ้านวังยาง สพป.นครพนม เขต 1 สำนักงานคณะกรรมการการศึกษาขั้นพื้นฐาน (สพฐ.) กระทรวงศึกษาธิการ,โรงเรียนบ้านวังยาง สพป.นครพนม เขต 1 สำนักงานคณะกรรมการการศึกษาขั้นพื้นฐาน (สพฐ.) กระทรวงศึกษาธิการ (ต.ปลาปาก),ต่อท้ายชื่อแก้ชื่อซ้ำ (Name Suffix),เติม  (ต.ปลาปาก) ต่อท้ายชื่อเพื่อป้องกันชื่อซ้ำในระดับเดียวกัน,โรงเรียนบ้านวังยาง สพป.นครพนม เขต 1 สำนักงานคณะกรรมการการศึกษาขั้นพื้นฐาน (สพฐ.) กระทรวงศึกษาธิการ,โรงเรียนบ้านวังยาง สพป.นครพนม เขต 1 สำนักงานคณะกรรมการการศึกษาขั้นพื้นฐาน (สพฐ.) กระทรวงศึกษาธิการ (ต.ปลาปาก)
16329,โรงเรียนบ้านโคกกลาง สพป.นครพนม เขต 1 สำนักงานคณะกรรมการการศึกษาขั้นพื้นฐาน (สพฐ.) กระทรวงศึกษาธิการ,โรงเรียนบ้านโคกกลาง สพป.นครพนม เขต 1 สำนักงานคณะกรรมการการศึกษาขั้นพื้นฐาน (สพฐ.) กระทรวงศึกษาธิการ (ต.ปลาปาก),ต่อท้ายชื่อแก้ชื่อซ้ำ (Name Suffix),เติม  (ต.ปลาปาก) ต่อท้ายชื่อเพื่อป้องกันชื่อซ้ำในระดับเดียวกัน,โรงเรียนบ้านโคกกลาง สพป.นครพนม เขต 1 สำนักงานคณะกรรมการการศึกษาขั้นพื้นฐาน (สพฐ.) กระทรวงศึกษาธิการ,โรงเรียนบ้านโคกกลาง สพป.นครพนม เขต 1 สำนักงานคณะกรรมการการศึกษาขั้นพื้นฐาน (สพฐ.) กระทรวงศึกษาธิการ (ต.ปลาปาก)
16347,โรงเรียนบ้านโคกกลาง สพป.นครพนม เขต 1 สำนักงานคณะกรรมการการศึกษาขั้นพื้นฐาน (สพฐ.) กระทรวงศึกษาธิการ,โรงเรียนบ้านโคกกลาง สพป.นครพนม เขต 1 สำนักงานคณะกรรมการการศึกษาขั้นพื้นฐาน (สพฐ.) กระทรวงศึกษาธิการ (ต.เรณูใต้),ต่อท้ายชื่อแก้ชื่อซ้ำ (Name Suffix),เติม  (ต.เรณูใต้) ต่อท้ายชื่อเพื่อป้องกันชื่อซ้ำในระดับเดียวกัน,โรงเรียนบ้านโคกกลาง สพป.นครพนม เขต 1 สำนักงานคณะกรรมการการศึกษาขั้นพื้นฐาน (สพฐ.) กระทรวงศึกษาธิการ,โรงเรียนบ้านโคกกลาง สพป.นครพนม เขต 1 สำนักงานคณะกรรมการการศึกษาขั้นพื้นฐาน (สพฐ.) กระทรวงศึกษาธิการ (ต.เรณูใต้)
16358,โรงเรียนบ้านหนองแซง สพป.นครพนม เขต 1 สำนักงานคณะกรรมการการศึกษาขั้นพื้นฐาน (สพฐ.) กระทรวงศึกษาธิการ,โรงเรียนบ้านหนองแซง สพป.นครพนม เขต 1 สำนักงานคณะกรรมการการศึกษาขั้นพื้นฐาน (สพฐ.) กระทรวงศึกษาธิการ (ต.โคกหินแฮ่),ต่อท้ายชื่อแก้ชื่อซ้ำ (Name Suffix),เติม  (ต.โคกหินแฮ่) ต่อท้ายชื่อเพื่อป้องกันชื่อซ้ำในระดับเดียวกัน,โรงเรียนบ้านหนองแซง สพป.นครพนม เขต 1 สำนักงานคณะกรรมการการศึกษาขั้นพื้นฐาน (สพฐ.) กระทรวงศึกษาธิการ,โรงเรียนบ้านหนองแซง สพป.นครพนม เขต 1 สำนักงานคณะกรรมการการศึกษาขั้นพื้นฐาน (สพฐ.) กระทรวงศึกษาธิการ (ต.โคกหินแฮ่)
16362,โรงเรียนบ้านหนองกุง สพป.นครพนม เขต 1 สำนักงานคณะกรรมการการศึกษาขั้นพื้นฐาน (สพฐ.) กระทรวงศึกษาธิการ,โรงเรียนบ้านหนองกุง สพป.นครพนม เขต 1 สำนักงานคณะกรรมการการศึกษาขั้นพื้นฐาน (สพฐ.) กระทรวงศึกษาธิการ (ต.โคกหินแฮ่),ต่อท้ายชื่อแก้ชื่อซ้ำ (Name Suffix),เติม  (ต.โคกหินแฮ่) ต่อท้ายชื่อเพื่อป้องกันชื่อซ้ำในระดับเดียวกัน,โรงเรียนบ้านหนองกุง สพป.นครพนม เขต 1 สำนักงานคณะกรรมการการศึกษาขั้นพื้นฐาน (สพฐ.) กระทรวงศึกษาธิการ,โรงเรียนบ้านหนองกุง สพป.นครพนม เขต 1 สำนักงานคณะกรรมการการศึกษาขั้นพื้นฐาน (สพฐ.) กระทรวงศึกษาธิการ (ต.โคกหินแฮ่)
16374,โรงเรียนบ้านนาขาม สพป.นครพนม เขต 1 สำนักงานคณะกรรมการการศึกษาขั้นพื้นฐาน (สพฐ.) กระทรวงศึกษาธิการ,โรงเรียนบ้านนาขาม สพป.นครพนม เขต 1 สำนักงานคณะกรรมการการศึกษาขั้นพื้นฐาน (สพฐ.) กระทรวงศึกษาธิการ (ต.นาขาม),ต่อท้ายชื่อแก้ชื่อซ้ำ (Name Suffix),เติม  (ต.นาขาม) ต่อท้ายชื่อเพื่อป้องกันชื่อซ้ำในระดับเดียวกัน,โรงเรียนบ้านนาขาม สพป.นครพนม เขต 1 สำนักงานคณะกรรมการการศึกษาขั้นพื้นฐาน (สพฐ.) กระทรวงศึกษาธิการ,โรงเรียนบ้านนาขาม สพป.นครพนม เขต 1 สำนักงานคณะกรรมการการศึกษาขั้นพื้นฐาน (สพฐ.) กระทรวงศึกษาธิการ (ต.นาขาม)
16376,โรงเรียนบ้านนาโพธิ์ สพป.นครพนม เขต 2 สำนักงานคณะกรรมการการศึกษาขั้นพื้นฐาน (สพฐ.) กระทรวงศึกษาธิการ,โรงเรียนบ้านนาโพธิ์ สพป.นครพนม เขต 2 สำนักงานคณะกรรมการการศึกษาขั้นพื้นฐาน (สพฐ.) กระทรวงศึกษาธิการ (ต.โพนสว่าง),ต่อท้ายชื่อแก้ชื่อซ้ำ (Name Suffix),เติม  (ต.โพนสว่าง) ต่อท้ายชื่อเพื่อป้องกันชื่อซ้ำในระดับเดียวกัน,โรงเรียนบ้านนาโพธิ์ สพป.นครพนม เขต 2 สำนักงานคณะกรรมการการศึกษาขั้นพื้นฐาน (สพฐ.) กระทรวงศึกษาธิการ,โรงเรียนบ้านนาโพธิ์ สพป.นครพนม เขต 2 สำนักงานคณะกรรมการการศึกษาขั้นพื้นฐาน (สพฐ.) กระทรวงศึกษาธิการ (ต.โพนสว่าง)
16379,โรงเรียนดอนถ่อนโคกกลางวิทยา สพป.นครพนม เขต 2 สำนักงานคณะกรรมการการศึกษาขั้นพื้นฐาน (สพฐ.) กระทรวงศึกษาธิการ,โรงเรียนดอนถ่อนโคกกลางวิทยา สพป.นครพนม เขต 2 สำนักงานคณะกรรมการการศึกษาขั้นพื้นฐาน (สพฐ.) กระทรวงศึกษาธิการ,ใช้พิกัดจุดศูนย์กลางตำบล (Subdistrict Center Fallback),เนื่องจากพิกัดเดิมว่างหรือผิดรูปแบบ จึงดึงพิกัดกึ่งกลางตำบลจาก DB มาใช้แทน,"104.21224,17.54554","Lat: 17.56619352, Long: 104.2337317 (ต.บ้านเอื้อง อ.ศรีสงคราม)"
16380,โรงเรียนชุมชนเอื้องก่อนาดี สพป.นครพนม เขต 2 สำนักงานคณะกรรมการการศึกษาขั้นพื้นฐาน (สพฐ.) กระทรวงศึกษาธิการ,โรงเรียนชุมชนเอื้องก่อนาดี สพป.นครพนม เขต 2 สำนักงานคณะกรรมการการศึกษาขั้นพื้นฐาน (สพฐ.) กระทรวงศึกษาธิการ,ใช้พิกัดจุดศูนย์กลางตำบล (Subdistrict Center Fallback),เนื่องจากพิกัดเดิมว่างหรือผิดรูปแบบ จึงดึงพิกัดกึ่งกลางตำบลจาก DB มาใช้แทน,"104.23482,17.5481","Lat: 17.56619352, Long: 104.2337317 (ต.บ้านเอื้อง อ.ศรีสงคราม)"
16389,โรงเรียนบ้านแค สพป.นครพนม เขต 2 สำนักงานคณะกรรมการการศึกษาขั้นพื้นฐาน (สพฐ.) กระทรวงศึกษาธิการ,โรงเรียนบ้านแค สพป.นครพนม เขต 2 สำนักงานคณะกรรมการการศึกษาขั้นพื้นฐาน (สพฐ.) กระทรวงศึกษาธิการ,ใช้พิกัดจุดศูนย์กลางตำบล (Subdistrict Center Fallback),เนื่องจากพิกัดเดิมว่างหรือผิดรูปแบบ จึงดึงพิกัดกึ่งกลางตำบลจาก DB มาใช้แทน,"104.208881,17.69054","Lat: 17.71670612, Long: 104.1851178 (ต.สามผง อ.ศรีสงคราม)"
16391,โรงเรียนบ้านคําไฮ สพป.นครพนม เขต 2 สำนักงานคณะกรรมการการศึกษาขั้นพื้นฐาน (สพฐ.) กระทรวงศึกษาธิการ,โรงเรียนบ้านคําไฮ สพป.นครพนม เขต 2 สำนักงานคณะกรรมการการศึกษาขั้นพื้นฐาน (สพฐ.) กระทรวงศึกษาธิการ,ใช้พิกัดจุดศูนย์กลางตำบล (Subdistrict Center Fallback),เนื่องจากพิกัดเดิมว่างหรือผิดรูปแบบ จึงดึงพิกัดกึ่งกลางตำบลจาก DB มาใช้แทน,"104.25927,17.70742","Lat: 17.7114447, Long: 104.3026849 (ต.หาดแพง อ.ศรีสงคราม)"
16398,โรงเรียนบ้านขามเปี้ย (คุรุราษฎร์บำรุง) สพป.นครพนม เขต 2 สำนักงานคณะกรรมการการศึกษาขั้นพื้นฐาน (สพฐ.) กระทรวงศึกษาธิการ,โรงเรียนบ้านขามเปี้ย (คุรุราษฎร์บำรุง) สพป.นครพนม เขต 2 สำนักงานคณะกรรมการการศึกษาขั้นพื้นฐาน (สพฐ.) กระทรวงศึกษาธิการ,ใช้พิกัดจุดศูนย์กลางตำบล (Subdistrict Center Fallback),เนื่องจากพิกัดเดิมว่างหรือผิดรูปแบบ จึงดึงพิกัดกึ่งกลางตำบลจาก DB มาใช้แทน,"104.10338,17.69328","Lat: 17.66700457, Long: 104.1222015 (ต.บ้านข่า อ.ศรีสงคราม)"
16403,โรงเรียนบ้านดอนแดง สพป.นครพนม เขต 2 สำนักงานคณะกรรมการการศึกษาขั้นพื้นฐาน (สพฐ.) กระทรวงศึกษาธิการ,โรงเรียนบ้านดอนแดง สพป.นครพนม เขต 2 สำนักงานคณะกรรมการการศึกษาขั้นพื้นฐาน (สพฐ.) กระทรวงศึกษาธิการ (ต.ท่าบ่อสงคราม),ต่อท้ายชื่อแก้ชื่อซ้ำ (Name Suffix),เติม  (ต.ท่าบ่อสงคราม) ต่อท้ายชื่อเพื่อป้องกันชื่อซ้ำในระดับเดียวกัน,โรงเรียนบ้านดอนแดง สพป.นครพนม เขต 2 สำนักงานคณะกรรมการการศึกษาขั้นพื้นฐาน (สพฐ.) กระทรวงศึกษาธิการ,โรงเรียนบ้านดอนแดง สพป.นครพนม เขต 2 สำนักงานคณะกรรมการการศึกษาขั้นพื้นฐาน (สพฐ.) กระทรวงศึกษาธิการ (ต.ท่าบ่อสงคราม)
16404,โรงเรียนบ้านท่าบ่อ (บ่อศรีรัตนอำนวย) สพป.นครพนม เขต 2 สำนักงานคณะกรรมการการศึกษาขั้นพื้นฐาน (สพฐ.) กระทรวงศึกษาธิการ,โรงเรียนบ้านท่าบ่อ (บ่อศรีรัตนอำนวย) สพป.นครพนม เขต 2 สำนักงานคณะกรรมการการศึกษาขั้นพื้นฐาน (สพฐ.) กระทรวงศึกษาธิการ,ใช้พิกัดจุดศูนย์กลางตำบล (Subdistrict Center Fallback),เนื่องจากพิกัดเดิมว่างหรือผิดรูปแบบ จึงดึงพิกัดกึ่งกลางตำบลจาก DB มาใช้แทน,"104.212832,17.654633","Lat: 17.6301818, Long: 104.1962641 (ต.ท่าบ่อสงคราม อ.ศรีสงคราม)"
16422,โรงเรียนบ้านหนองนางเลิง สพป.นครพนม เขต 2 สำนักงานคณะกรรมการการศึกษาขั้นพื้นฐาน (สพฐ.) กระทรวงศึกษาธิการ,โรงเรียนบ้านหนองนางเลิง สพป.นครพนม เขต 2 สำนักงานคณะกรรมการการศึกษาขั้นพื้นฐาน (สพฐ.) กระทรวงศึกษาธิการ,ใช้พิกัดจุดศูนย์กลางตำบล (Subdistrict Center Fallback),เนื่องจากพิกัดเดิมว่างหรือผิดรูปแบบ จึงดึงพิกัดกึ่งกลางตำบลจาก DB มาใช้แทน,"104.47223,17.44866","Lat: 17.44181982, Long: 104.4545372 (ต.โพนสวรรค์ อ.โพนสวรรค์)"
16436,โรงเรียนบ้านขามเตี้ยน้อย สพป.นครพนม เขต 2 สำนักงานคณะกรรมการการศึกษาขั้นพื้นฐาน (สพฐ.) กระทรวงศึกษาธิการ,โรงเรียนบ้านขามเตี้ยน้อย สพป.นครพนม เขต 2 สำนักงานคณะกรรมการการศึกษาขั้นพื้นฐาน (สพฐ.) กระทรวงศึกษาธิการ,ใช้พิกัดจุดศูนย์กลางตำบล (Subdistrict Center Fallback),เนื่องจากพิกัดเดิมว่างหรือผิดรูปแบบ จึงดึงพิกัดกึ่งกลางตำบลจาก DB มาใช้แทน,"104.50747,17.4992","Lat: 17.52742423, Long: 104.4623036 (ต.นาขมิ้น อ.โพนสวรรค์)"
16451,โรงเรียนบ้านดอนแดงดอนดู่ สพป.นครพนม เขต 2 สำนักงานคณะกรรมการการศึกษาขั้นพื้นฐาน (สพฐ.) กระทรวงศึกษาธิการ,โรงเรียนบ้านดอนแดงดอนดู่ สพป.นครพนม เขต 2 สำนักงานคณะกรรมการการศึกษาขั้นพื้นฐาน (สพฐ.) กระทรวงศึกษาธิการ,ใช้พิกัดจุดศูนย์กลางตำบล (Subdistrict Center Fallback),เนื่องจากพิกัดเดิมว่างหรือผิดรูปแบบ จึงดึงพิกัดกึ่งกลางตำบลจาก DB มาใช้แทน,"104.02367,17.84695","Lat: 17.83802678, Long: 104.0385892 (ต.นาทม อ.นาทม)"
16465,โรงเรียนบ้านวังยาง สพป.นครพนม เขต 1 สำนักงานคณะกรรมการการศึกษาขั้นพื้นฐาน (สพฐ.) กระทรวงศึกษาธิการ,โรงเรียนบ้านวังยาง สพป.นครพนม เขต 1 สำนักงานคณะกรรมการการศึกษาขั้นพื้นฐาน (สพฐ.) กระทรวงศึกษาธิการ (ต.วังยาง),ต่อท้ายชื่อแก้ชื่อซ้ำ (Name Suffix),เติม  (ต.วังยาง) ต่อท้ายชื่อเพื่อป้องกันชื่อซ้ำในระดับเดียวกัน,โรงเรียนบ้านวังยาง สพป.นครพนม เขต 1 สำนักงานคณะกรรมการการศึกษาขั้นพื้นฐาน (สพฐ.) กระทรวงศึกษาธิการ,โรงเรียนบ้านวังยาง สพป.นครพนม เขต 1 สำนักงานคณะกรรมการการศึกษาขั้นพื้นฐาน (สพฐ.) กระทรวงศึกษาธิการ (ต.วังยาง)
16807,โรงเรียนออทิสติกเชียงใหม่ สำนักบริหารงานการศึกษาพิเศษ สำนักงานคณะกรรมการการศึกษาขั้นพื้นฐาน (สพฐ.) กระทรวงศึกษาธิการ,โรงเรียนออทิสติกเชียงใหม่ สำนักบริหารงานการศึกษาพิเศษ สำนักงานคณะกรรมการการศึกษาขั้นพื้นฐาน (สพฐ.) กระทรวงศึกษาธิการ,ใช้พิกัดจุดศูนย์กลางตำบล (Subdistrict Center Fallback),เนื่องจากพิกัดเดิมว่างหรือผิดรูปแบบ จึงดึงพิกัดกึ่งกลางตำบลจาก DB มาใช้แทน,ค่าว่าง (ไม่มีพิกัด),"Lat: 18.85756157, Long: 98.94578061 (ต.ดอนแก้ว อ.แม่ริม)"
16872,โรงเรียนบ้านป่าบง สพป.เชียงใหม่ เขต 3 สำนักงานคณะกรรมการการศึกษาขั้นพื้นฐาน (สพฐ.) กระทรวงศึกษาธิการ,โรงเรียนบ้านป่าบง สพป.เชียงใหม่ เขต 3 สำนักงานคณะกรรมการการศึกษาขั้นพื้นฐาน (สพฐ.) กระทรวงศึกษาธิการ (ต.แม่นะ),ต่อท้ายชื่อแก้ชื่อซ้ำ (Name Suffix),เติม  (ต.แม่นะ) ต่อท้ายชื่อเพื่อป้องกันชื่อซ้ำในระดับเดียวกัน,โรงเรียนบ้านป่าบง สพป.เชียงใหม่ เขต 3 สำนักงานคณะกรรมการการศึกษาขั้นพื้นฐาน (สพฐ.) กระทรวงศึกษาธิการ,โรงเรียนบ้านป่าบง สพป.เชียงใหม่ เขต 3 สำนักงานคณะกรรมการการศึกษาขั้นพื้นฐาน (สพฐ.) กระทรวงศึกษาธิการ (ต.แม่นะ)
16885,โรงเรียนบ้านทุ่งหลุก สพป.เชียงใหม่ เขต 3 สำนักงานคณะกรรมการการศึกษาขั้นพื้นฐาน (สพฐ.) กระทรวงศึกษาธิการ,โรงเรียนบ้านทุ่งหลุก สพป.เชียงใหม่ เขต 3 สำนักงานคณะกรรมการการศึกษาขั้นพื้นฐาน (สพฐ.) กระทรวงศึกษาธิการ (ต.เชียงดาว),ต่อท้ายชื่อแก้ชื่อซ้ำ (Name Suffix),เติม  (ต.เชียงดาว) ต่อท้ายชื่อเพื่อป้องกันชื่อซ้ำในระดับเดียวกัน,โรงเรียนบ้านทุ่งหลุก สพป.เชียงใหม่ เขต 3 สำนักงานคณะกรรมการการศึกษาขั้นพื้นฐาน (สพฐ.) กระทรวงศึกษาธิการ,โรงเรียนบ้านทุ่งหลุก สพป.เชียงใหม่ เขต 3 สำนักงานคณะกรรมการการศึกษาขั้นพื้นฐาน (สพฐ.) กระทรวงศึกษาธิการ (ต.เชียงดาว)
16944,โรงเรียนบ้านทุ่งหลุก สพป.เชียงใหม่ เขต 3 สำนักงานคณะกรรมการการศึกษาขั้นพื้นฐาน (สพฐ.) กระทรวงศึกษาธิการ,โรงเรียนบ้านทุ่งหลุก สพป.เชียงใหม่ เขต 3 สำนักงานคณะกรรมการการศึกษาขั้นพื้นฐาน (สพฐ.) กระทรวงศึกษาธิการ (ต.แม่งอน),ต่อท้ายชื่อแก้ชื่อซ้ำ (Name Suffix),เติม  (ต.แม่งอน) ต่อท้ายชื่อเพื่อป้องกันชื่อซ้ำในระดับเดียวกัน,โรงเรียนบ้านทุ่งหลุก สพป.เชียงใหม่ เขต 3 สำนักงานคณะกรรมการการศึกษาขั้นพื้นฐาน (สพฐ.) กระทรวงศึกษาธิการ,โรงเรียนบ้านทุ่งหลุก สพป.เชียงใหม่ เขต 3 สำนักงานคณะกรรมการการศึกษาขั้นพื้นฐาน (สพฐ.) กระทรวงศึกษาธิการ (ต.แม่งอน)
16954,โรงเรียนบ้านหัวฝาย สพป.เชียงใหม่ เขต 3 สำนักงานคณะกรรมการการศึกษาขั้นพื้นฐาน (สพฐ.) กระทรวงศึกษาธิการ,โรงเรียนบ้านหัวฝาย สพป.เชียงใหม่ เขต 3 สำนักงานคณะกรรมการการศึกษาขั้นพื้นฐาน (สพฐ.) กระทรวงศึกษาธิการ (ต.โป่งน้ำร้อน),ต่อท้ายชื่อแก้ชื่อซ้ำ (Name Suffix),เติม  (ต.โป่งน้ำร้อน) ต่อท้ายชื่อเพื่อป้องกันชื่อซ้ำในระดับเดียวกัน,โรงเรียนบ้านหัวฝาย สพป.เชียงใหม่ เขต 3 สำนักงานคณะกรรมการการศึกษาขั้นพื้นฐาน (สพฐ.) กระทรวงศึกษาธิการ,โรงเรียนบ้านหัวฝาย สพป.เชียงใหม่ เขต 3 สำนักงานคณะกรรมการการศึกษาขั้นพื้นฐาน (สพฐ.) กระทรวงศึกษาธิการ (ต.โป่งน้ำร้อน)
16956,โรงเรียนบ้านป่าบง สพป.เชียงใหม่ เขต 3 สำนักงานคณะกรรมการการศึกษาขั้นพื้นฐาน (สพฐ.) กระทรวงศึกษาธิการ,โรงเรียนบ้านป่าบง สพป.เชียงใหม่ เขต 3 สำนักงานคณะกรรมการการศึกษาขั้นพื้นฐาน (สพฐ.) กระทรวงศึกษาธิการ (ต.โป่งน้ำร้อน),ต่อท้ายชื่อแก้ชื่อซ้ำ (Name Suffix),เติม  (ต.โป่งน้ำร้อน) ต่อท้ายชื่อเพื่อป้องกันชื่อซ้ำในระดับเดียวกัน,โรงเรียนบ้านป่าบง สพป.เชียงใหม่ เขต 3 สำนักงานคณะกรรมการการศึกษาขั้นพื้นฐาน (สพฐ.) กระทรวงศึกษาธิการ,โรงเรียนบ้านป่าบง สพป.เชียงใหม่ เขต 3 สำนักงานคณะกรรมการการศึกษาขั้นพื้นฐาน (สพฐ.) กระทรวงศึกษาธิการ (ต.โป่งน้ำร้อน)
17257,โรงเรียนวัดศรีดอนชัย สพป.เชียงใหม่ เขต 4 สำนักงานคณะกรรมการการศึกษาขั้นพื้นฐาน (สพฐ.) กระทรวงศึกษาธิการ,โรงเรียนวัดศรีดอนชัย สพป.เชียงใหม่ เขต 4 สำนักงานคณะกรรมการการศึกษาขั้นพื้นฐาน (สพฐ.) กระทรวงศึกษาธิการ (ต.สันทราย),ต่อท้ายชื่อแก้ชื่อซ้ำ (Name Suffix),เติม  (ต.สันทราย) ต่อท้ายชื่อเพื่อป้องกันชื่อซ้ำในระดับเดียวกัน,โรงเรียนวัดศรีดอนชัย สพป.เชียงใหม่ เขต 4 สำนักงานคณะกรรมการการศึกษาขั้นพื้นฐาน (สพฐ.) กระทรวงศึกษาธิการ,โรงเรียนวัดศรีดอนชัย สพป.เชียงใหม่ เขต 4 สำนักงานคณะกรรมการการศึกษาขั้นพื้นฐาน (สพฐ.) กระทรวงศึกษาธิการ (ต.สันทราย)
17258,โรงเรียนบ้านสันทราย สพป.เชียงใหม่ เขต 4 สำนักงานคณะกรรมการการศึกษาขั้นพื้นฐาน (สพฐ.) กระทรวงศึกษาธิการ,โรงเรียนบ้านสันทราย สพป.เชียงใหม่ เขต 4 สำนักงานคณะกรรมการการศึกษาขั้นพื้นฐาน (สพฐ.) กระทรวงศึกษาธิการ (ต.สันทราย),ต่อท้ายชื่อแก้ชื่อซ้ำ (Name Suffix),เติม  (ต.สันทราย) ต่อท้ายชื่อเพื่อป้องกันชื่อซ้ำในระดับเดียวกัน,โรงเรียนบ้านสันทราย สพป.เชียงใหม่ เขต 4 สำนักงานคณะกรรมการการศึกษาขั้นพื้นฐาน (สพฐ.) กระทรวงศึกษาธิการ,โรงเรียนบ้านสันทราย สพป.เชียงใหม่ เขต 4 สำนักงานคณะกรรมการการศึกษาขั้นพื้นฐาน (สพฐ.) กระทรวงศึกษาธิการ (ต.สันทราย)
17271,โรงเรียนบ้านสันทราย สพป.เชียงใหม่ เขต 4 สำนักงานคณะกรรมการการศึกษาขั้นพื้นฐาน (สพฐ.) กระทรวงศึกษาธิการ,โรงเรียนบ้านสันทราย สพป.เชียงใหม่ เขต 4 สำนักงานคณะกรรมการการศึกษาขั้นพื้นฐาน (สพฐ.) กระทรวงศึกษาธิการ (ต.หนองแก๋ว),ต่อท้ายชื่อแก้ชื่อซ้ำ (Name Suffix),เติม  (ต.หนองแก๋ว) ต่อท้ายชื่อเพื่อป้องกันชื่อซ้ำในระดับเดียวกัน,โรงเรียนบ้านสันทราย สพป.เชียงใหม่ เขต 4 สำนักงานคณะกรรมการการศึกษาขั้นพื้นฐาน (สพฐ.) กระทรวงศึกษาธิการ,โรงเรียนบ้านสันทราย สพป.เชียงใหม่ เขต 4 สำนักงานคณะกรรมการการศึกษาขั้นพื้นฐาน (สพฐ.) กระทรวงศึกษาธิการ (ต.หนองแก๋ว)
17392,โรงเรียนบ้านหัวฝาย สพป.เชียงใหม่ เขต 3 สำนักงานคณะกรรมการการศึกษาขั้นพื้นฐาน (สพฐ.) กระทรวงศึกษาธิการ,โรงเรียนบ้านหัวฝาย สพป.เชียงใหม่ เขต 3 สำนักงานคณะกรรมการการศึกษาขั้นพื้นฐาน (สพฐ.) กระทรวงศึกษาธิการ (ต.ศรีดงเย็น),ต่อท้ายชื่อแก้ชื่อซ้ำ (Name Suffix),เติม  (ต.ศรีดงเย็น) ต่อท้ายชื่อเพื่อป้องกันชื่อซ้ำในระดับเดียวกัน,โรงเรียนบ้านหัวฝาย สพป.เชียงใหม่ เขต 3 สำนักงานคณะกรรมการการศึกษาขั้นพื้นฐาน (สพฐ.) กระทรวงศึกษาธิการ,โรงเรียนบ้านหัวฝาย สพป.เชียงใหม่ เขต 3 สำนักงานคณะกรรมการการศึกษาขั้นพื้นฐาน (สพฐ.) กระทรวงศึกษาธิการ (ต.ศรีดงเย็น)
17437,โรงเรียนวัดศรีดอนชัย สพป.เชียงใหม่ เขต 4 สำนักงานคณะกรรมการการศึกษาขั้นพื้นฐาน (สพฐ.) กระทรวงศึกษาธิการ,โรงเรียนวัดศรีดอนชัย สพป.เชียงใหม่ เขต 4 สำนักงานคณะกรรมการการศึกษาขั้นพื้นฐาน (สพฐ.) กระทรวงศึกษาธิการ (ต.ยางคราม),ต่อท้ายชื่อแก้ชื่อซ้ำ (Name Suffix),เติม  (ต.ยางคราม) ต่อท้ายชื่อเพื่อป้องกันชื่อซ้ำในระดับเดียวกัน,โรงเรียนวัดศรีดอนชัย สพป.เชียงใหม่ เขต 4 สำนักงานคณะกรรมการการศึกษาขั้นพื้นฐาน (สพฐ.) กระทรวงศึกษาธิการ,โรงเรียนวัดศรีดอนชัย สพป.เชียงใหม่ เขต 4 สำนักงานคณะกรรมการการศึกษาขั้นพื้นฐาน (สพฐ.) กระทรวงศึกษาธิการ (ต.ยางคราม)
17690,โรงเรียนบ้านหัวทุ่ง สพป.ลำปาง เขต 1 สำนักงานคณะกรรมการการศึกษาขั้นพื้นฐาน (สพฐ.) กระทรวงศึกษาธิการ,โรงเรียนบ้านหัวทุ่ง สพป.ลำปาง เขต 1 สำนักงานคณะกรรมการการศึกษาขั้นพื้นฐาน (สพฐ.) กระทรวงศึกษาธิการ (ต.บ้านแลง),ต่อท้ายชื่อแก้ชื่อซ้ำ (Name Suffix),เติม  (ต.บ้านแลง) ต่อท้ายชื่อเพื่อป้องกันชื่อซ้ำในระดับเดียวกัน,โรงเรียนบ้านหัวทุ่ง สพป.ลำปาง เขต 1 สำนักงานคณะกรรมการการศึกษาขั้นพื้นฐาน (สพฐ.) กระทรวงศึกษาธิการ,โรงเรียนบ้านหัวทุ่ง สพป.ลำปาง เขต 1 สำนักงานคณะกรรมการการศึกษาขั้นพื้นฐาน (สพฐ.) กระทรวงศึกษาธิการ (ต.บ้านแลง)
17785,โรงเรียนบ้านดอนแก้ว สพป.ลำปาง เขต 3 สำนักงานคณะกรรมการการศึกษาขั้นพื้นฐาน (สพฐ.) กระทรวงศึกษาธิการ,โรงเรียนบ้านดอนแก้ว สพป.ลำปาง เขต 3 สำนักงานคณะกรรมการการศึกษาขั้นพื้นฐาน (สพฐ.) กระทรวงศึกษาธิการ (ต.ร่องเคาะ),ต่อท้ายชื่อแก้ชื่อซ้ำ (Name Suffix),เติม  (ต.ร่องเคาะ) ต่อท้ายชื่อเพื่อป้องกันชื่อซ้ำในระดับเดียวกัน,โรงเรียนบ้านดอนแก้ว สพป.ลำปาง เขต 3 สำนักงานคณะกรรมการการศึกษาขั้นพื้นฐาน (สพฐ.) กระทรวงศึกษาธิการ,โรงเรียนบ้านดอนแก้ว สพป.ลำปาง เขต 3 สำนักงานคณะกรรมการการศึกษาขั้นพื้นฐาน (สพฐ.) กระทรวงศึกษาธิการ (ต.ร่องเคาะ)
17881,โรงเรียนบ้านดอนแก้ว สพป.ลำปาง เขต 3 สำนักงานคณะกรรมการการศึกษาขั้นพื้นฐาน (สพฐ.) กระทรวงศึกษาธิการ,โรงเรียนบ้านดอนแก้ว สพป.ลำปาง เขต 3 สำนักงานคณะกรรมการการศึกษาขั้นพื้นฐาน (สพฐ.) กระทรวงศึกษาธิการ (ต.เมืองปาน),ต่อท้ายชื่อแก้ชื่อซ้ำ (Name Suffix),เติม  (ต.เมืองปาน) ต่อท้ายชื่อเพื่อป้องกันชื่อซ้ำในระดับเดียวกัน,โรงเรียนบ้านดอนแก้ว สพป.ลำปาง เขต 3 สำนักงานคณะกรรมการการศึกษาขั้นพื้นฐาน (สพฐ.) กระทรวงศึกษาธิการ,โรงเรียนบ้านดอนแก้ว สพป.ลำปาง เขต 3 สำนักงานคณะกรรมการการศึกษาขั้นพื้นฐาน (สพฐ.) กระทรวงศึกษาธิการ (ต.เมืองปาน)
17914,โรงเรียนบ้านหัวทุ่ง สพป.ลำปาง เขต 1 สำนักงานคณะกรรมการการศึกษาขั้นพื้นฐาน (สพฐ.) กระทรวงศึกษาธิการ,โรงเรียนบ้านหัวทุ่ง สพป.ลำปาง เขต 1 สำนักงานคณะกรรมการการศึกษาขั้นพื้นฐาน (สพฐ.) กระทรวงศึกษาธิการ (ต.แม่สัน),ต่อท้ายชื่อแก้ชื่อซ้ำ (Name Suffix),เติม  (ต.แม่สัน) ต่อท้ายชื่อเพื่อป้องกันชื่อซ้ำในระดับเดียวกัน,โรงเรียนบ้านหัวทุ่ง สพป.ลำปาง เขต 1 สำนักงานคณะกรรมการการศึกษาขั้นพื้นฐาน (สพฐ.) กระทรวงศึกษาธิการ,โรงเรียนบ้านหัวทุ่ง สพป.ลำปาง เขต 1 สำนักงานคณะกรรมการการศึกษาขั้นพื้นฐาน (สพฐ.) กระทรวงศึกษาธิการ (ต.แม่สัน)
18237,โรงเรียนอนุบาลแพร่ สพป.แพร่ เขต 1 สำนักงานคณะกรรมการการศึกษาขั้นพื้นฐาน (สพฐ.) กระทรวงศึกษาธิการ,โรงเรียนอนุบาลแพร่ สพป.แพร่ เขต 1 สำนักงานคณะกรรมการการศึกษาขั้นพื้นฐาน (สพฐ.) กระทรวงศึกษาธิการ,ใช้พิกัดจุดศูนย์กลางตำบล (Subdistrict Center Fallback),เนื่องจากพิกัดเดิมว่างหรือผิดรูปแบบ จึงดึงพิกัดกึ่งกลางตำบลจาก DB มาใช้แทน,"100.157344,18.130364","Lat: 18.11887482, Long: 100.1614603 (ต.นาจักร อ.เมืองแพร่)"
18426,โรงเรียนแม่คำมีตำหนัก(ตำหนักธรรมวิทยาคาร) สพป.แพร่ เขต 1 สำนักงานคณะกรรมการการศึกษาขั้นพื้นฐาน (สพฐ.) กระทรวงศึกษาธิการ,โรงเรียนแม่คำมีตำหนัก(ตำหนักธรรมวิทยาคาร) สพป.แพร่ เขต 1 สำนักงานคณะกรรมการการศึกษาขั้นพื้นฐาน (สพฐ.) กระทรวงศึกษาธิการ,ใช้พิกัดจุดศูนย์กลางตำบล (Subdistrict Center Fallback),เนื่องจากพิกัดเดิมว่างหรือผิดรูปแบบ จึงดึงพิกัดกึ่งกลางตำบลจาก DB มาใช้แทน,"100.238568,18.270796","Lat: 18.27300291, Long: 100.2486669 (ต.ตำหนักธรรม อ.หนองม่วงไข่)"
18451,โรงเรียนศึกษาพิเศษพะเยา สำนักบริหารงานการศึกษาพิเศษ สำนักงานคณะกรรมการการศึกษาขั้นพื้นฐาน (สพฐ.) กระทรวงศึกษาธิการ,โรงเรียนศึกษาพิเศษพะเยา สำนักบริหารงานการศึกษาพิเศษ สำนักงานคณะกรรมการการศึกษาขั้นพื้นฐาน (สพฐ.) กระทรวงศึกษาธิการ,ใช้พิกัดจุดศูนย์กลางตำบล (Subdistrict Center Fallback),เนื่องจากพิกัดเดิมว่างหรือผิดรูปแบบ จึงดึงพิกัดกึ่งกลางตำบลจาก DB มาใช้แทน,ค่าว่าง (ไม่มีพิกัด),"Lat: 19.01095811, Long: 99.95044484 (ต.แม่กา อ.เมืองพะเยา)"
18803,โรงเรียนบ้านใหม่ สพป.พะเยา เขต 1 สำนักงานคณะกรรมการการศึกษาขั้นพื้นฐาน (สพฐ.) กระทรวงศึกษาธิการ,โรงเรียนบ้านใหม่ สพป.พะเยา เขต 1 สำนักงานคณะกรรมการการศึกษาขั้นพื้นฐาน (สพฐ.) กระทรวงศึกษาธิการ (ต.บ้านใหม่),ต่อท้ายชื่อแก้ชื่อซ้ำ (Name Suffix),เติม  (ต.บ้านใหม่) ต่อท้ายชื่อเพื่อป้องกันชื่อซ้ำในระดับเดียวกัน,โรงเรียนบ้านใหม่ สพป.พะเยา เขต 1 สำนักงานคณะกรรมการการศึกษาขั้นพื้นฐาน (สพฐ.) กระทรวงศึกษาธิการ,โรงเรียนบ้านใหม่ สพป.พะเยา เขต 1 สำนักงานคณะกรรมการการศึกษาขั้นพื้นฐาน (สพฐ.) กระทรวงศึกษาธิการ (ต.บ้านใหม่)
18809,โรงเรียนบ้านปงสนุก สพป.พะเยา เขต 2 สำนักงานคณะกรรมการการศึกษาขั้นพื้นฐาน (สพฐ.) กระทรวงศึกษาธิการ,โรงเรียนบ้านปงสนุก สพป.พะเยา เขต 2 สำนักงานคณะกรรมการการศึกษาขั้นพื้นฐาน (สพฐ.) กระทรวงศึกษาธิการ (ต.ห้วยยางขาม),ต่อท้ายชื่อแก้ชื่อซ้ำ (Name Suffix),เติม  (ต.ห้วยยางขาม) ต่อท้ายชื่อเพื่อป้องกันชื่อซ้ำในระดับเดียวกัน,โรงเรียนบ้านปงสนุก สพป.พะเยา เขต 2 สำนักงานคณะกรรมการการศึกษาขั้นพื้นฐาน (สพฐ.) กระทรวงศึกษาธิการ,โรงเรียนบ้านปงสนุก สพป.พะเยา เขต 2 สำนักงานคณะกรรมการการศึกษาขั้นพื้นฐาน (สพฐ.) กระทรวงศึกษาธิการ (ต.ห้วยยางขาม)
18849,โรงเรียนบ้านแฮะ สพป.พะเยา เขต 2 สำนักงานคณะกรรมการการศึกษาขั้นพื้นฐาน (สพฐ.) กระทรวงศึกษาธิการ,โรงเรียนบ้านแฮะ สพป.พะเยา เขต 2 สำนักงานคณะกรรมการการศึกษาขั้นพื้นฐาน (สพฐ.) กระทรวงศึกษาธิการ (ต.แม่ลาว),ต่อท้ายชื่อแก้ชื่อซ้ำ (Name Suffix),เติม  (ต.แม่ลาว) ต่อท้ายชื่อเพื่อป้องกันชื่อซ้ำในระดับเดียวกัน,โรงเรียนบ้านแฮะ สพป.พะเยา เขต 2 สำนักงานคณะกรรมการการศึกษาขั้นพื้นฐาน (สพฐ.) กระทรวงศึกษาธิการ,โรงเรียนบ้านแฮะ สพป.พะเยา เขต 2 สำนักงานคณะกรรมการการศึกษาขั้นพื้นฐาน (สพฐ.) กระทรวงศึกษาธิการ (ต.แม่ลาว)
18872,โรงเรียนบ้านปงสนุก สพป.พะเยา เขต 2 สำนักงานคณะกรรมการการศึกษาขั้นพื้นฐาน (สพฐ.) กระทรวงศึกษาธิการ,โรงเรียนบ้านปงสนุก สพป.พะเยา เขต 2 สำนักงานคณะกรรมการการศึกษาขั้นพื้นฐาน (สพฐ.) กระทรวงศึกษาธิการ (ต.เชียงม่วน),ต่อท้ายชื่อแก้ชื่อซ้ำ (Name Suffix),เติม  (ต.เชียงม่วน) ต่อท้ายชื่อเพื่อป้องกันชื่อซ้ำในระดับเดียวกัน,โรงเรียนบ้านปงสนุก สพป.พะเยา เขต 2 สำนักงานคณะกรรมการการศึกษาขั้นพื้นฐาน (สพฐ.) กระทรวงศึกษาธิการ,โรงเรียนบ้านปงสนุก สพป.พะเยา เขต 2 สำนักงานคณะกรรมการการศึกษาขั้นพื้นฐาน (สพฐ.) กระทรวงศึกษาธิการ (ต.เชียงม่วน)
18902,โรงเรียนบ้านใหม่ สพป.พะเยา เขต 1 สำนักงานคณะกรรมการการศึกษาขั้นพื้นฐาน (สพฐ.) กระทรวงศึกษาธิการ,โรงเรียนบ้านใหม่ สพป.พะเยา เขต 1 สำนักงานคณะกรรมการการศึกษาขั้นพื้นฐาน (สพฐ.) กระทรวงศึกษาธิการ (ต.หนองหล่ม),ต่อท้ายชื่อแก้ชื่อซ้ำ (Name Suffix),เติม  (ต.หนองหล่ม) ต่อท้ายชื่อเพื่อป้องกันชื่อซ้ำในระดับเดียวกัน,โรงเรียนบ้านใหม่ สพป.พะเยา เขต 1 สำนักงานคณะกรรมการการศึกษาขั้นพื้นฐาน (สพฐ.) กระทรวงศึกษาธิการ,โรงเรียนบ้านใหม่ สพป.พะเยา เขต 1 สำนักงานคณะกรรมการการศึกษาขั้นพื้นฐาน (สพฐ.) กระทรวงศึกษาธิการ (ต.หนองหล่ม)
18931,โรงเรียนบ้านแฮะ สพป.พะเยา เขต 2 สำนักงานคณะกรรมการการศึกษาขั้นพื้นฐาน (สพฐ.) กระทรวงศึกษาธิการ,โรงเรียนบ้านแฮะ สพป.พะเยา เขต 2 สำนักงานคณะกรรมการการศึกษาขั้นพื้นฐาน (สพฐ.) กระทรวงศึกษาธิการ (ต.งิม),ต่อท้ายชื่อแก้ชื่อซ้ำ (Name Suffix),เติม  (ต.งิม) ต่อท้ายชื่อเพื่อป้องกันชื่อซ้ำในระดับเดียวกัน,โรงเรียนบ้านแฮะ สพป.พะเยา เขต 2 สำนักงานคณะกรรมการการศึกษาขั้นพื้นฐาน (สพฐ.) กระทรวงศึกษาธิการ,โรงเรียนบ้านแฮะ สพป.พะเยา เขต 2 สำนักงานคณะกรรมการการศึกษาขั้นพื้นฐาน (สพฐ.) กระทรวงศึกษาธิการ (ต.งิม)
19195,โรงเรียนบ้านป่าตึง สพป.เชียงราย เขต 2 สำนักงานคณะกรรมการการศึกษาขั้นพื้นฐาน (สพฐ.) กระทรวงศึกษาธิการ,โรงเรียนบ้านป่าตึง สพป.เชียงราย เขต 2 สำนักงานคณะกรรมการการศึกษาขั้นพื้นฐาน (สพฐ.) กระทรวงศึกษาธิการ (ต.เจริญเมือง),ต่อท้ายชื่อแก้ชื่อซ้ำ (Name Suffix),เติม  (ต.เจริญเมือง) ต่อท้ายชื่อเพื่อป้องกันชื่อซ้ำในระดับเดียวกัน,โรงเรียนบ้านป่าตึง สพป.เชียงราย เขต 2 สำนักงานคณะกรรมการการศึกษาขั้นพื้นฐาน (สพฐ.) กระทรวงศึกษาธิการ,โรงเรียนบ้านป่าตึง สพป.เชียงราย เขต 2 สำนักงานคณะกรรมการการศึกษาขั้นพื้นฐาน (สพฐ.) กระทรวงศึกษาธิการ (ต.เจริญเมือง)
19238,โรงเรียนบ้านสันโค้ง สพป.เชียงราย เขต 3 สำนักงานคณะกรรมการการศึกษาขั้นพื้นฐาน (สพฐ.) กระทรวงศึกษาธิการ,โรงเรียนบ้านสันโค้ง สพป.เชียงราย เขต 3 สำนักงานคณะกรรมการการศึกษาขั้นพื้นฐาน (สพฐ.) กระทรวงศึกษาธิการ (ต.ป่าตึง),ต่อท้ายชื่อแก้ชื่อซ้ำ (Name Suffix),เติม  (ต.ป่าตึง) ต่อท้ายชื่อเพื่อป้องกันชื่อซ้ำในระดับเดียวกัน,โรงเรียนบ้านสันโค้ง สพป.เชียงราย เขต 3 สำนักงานคณะกรรมการการศึกษาขั้นพื้นฐาน (สพฐ.) กระทรวงศึกษาธิการ,โรงเรียนบ้านสันโค้ง สพป.เชียงราย เขต 3 สำนักงานคณะกรรมการการศึกษาขั้นพื้นฐาน (สพฐ.) กระทรวงศึกษาธิการ (ต.ป่าตึง)
19345,โรงเรียนบ้านสันโค้ง สพป.เชียงราย เขต 3 สำนักงานคณะกรรมการการศึกษาขั้นพื้นฐาน (สพฐ.) กระทรวงศึกษาธิการ,โรงเรียนบ้านสันโค้ง สพป.เชียงราย เขต 3 สำนักงานคณะกรรมการการศึกษาขั้นพื้นฐาน (สพฐ.) กระทรวงศึกษาธิการ (ต.ศรีเมืองชุม),ต่อท้ายชื่อแก้ชื่อซ้ำ (Name Suffix),เติม  (ต.ศรีเมืองชุม) ต่อท้ายชื่อเพื่อป้องกันชื่อซ้ำในระดับเดียวกัน,โรงเรียนบ้านสันโค้ง สพป.เชียงราย เขต 3 สำนักงานคณะกรรมการการศึกษาขั้นพื้นฐาน (สพฐ.) กระทรวงศึกษาธิการ,โรงเรียนบ้านสันโค้ง สพป.เชียงราย เขต 3 สำนักงานคณะกรรมการการศึกษาขั้นพื้นฐาน (สพฐ.) กระทรวงศึกษาธิการ (ต.ศรีเมืองชุม)
19373,โรงเรียนบ้านป่าตึง สพป.เชียงราย เขต 2 สำนักงานคณะกรรมการการศึกษาขั้นพื้นฐาน (สพฐ.) กระทรวงศึกษาธิการ,โรงเรียนบ้านป่าตึง สพป.เชียงราย เขต 2 สำนักงานคณะกรรมการการศึกษาขั้นพื้นฐาน (สพฐ.) กระทรวงศึกษาธิการ (ต.บ้านโป่ง),ต่อท้ายชื่อแก้ชื่อซ้ำ (Name Suffix),เติม  (ต.บ้านโป่ง) ต่อท้ายชื่อเพื่อป้องกันชื่อซ้ำในระดับเดียวกัน,โรงเรียนบ้านป่าตึง สพป.เชียงราย เขต 2 สำนักงานคณะกรรมการการศึกษาขั้นพื้นฐาน (สพฐ.) กระทรวงศึกษาธิการ,โรงเรียนบ้านป่าตึง สพป.เชียงราย เขต 2 สำนักงานคณะกรรมการการศึกษาขั้นพื้นฐาน (สพฐ.) กระทรวงศึกษาธิการ (ต.บ้านโป่ง)
19603,โรงเรียนบ้านท่าหินส้ม สพป.แม่ฮ่องสอน เขต 1 สำนักงานคณะกรรมการการศึกษาขั้นพื้นฐาน (สพฐ.) กระทรวงศึกษาธิการ,โรงเรียนบ้านท่าหินส้ม สพป.แม่ฮ่องสอน เขต 1 สำนักงานคณะกรรมการการศึกษาขั้นพื้นฐาน (สพฐ.) กระทรวงศึกษาธิการ,ใช้พิกัดจุดศูนย์กลางตำบล (Subdistrict Center Fallback),เนื่องจากพิกัดเดิมว่างหรือผิดรูปแบบ จึงดึงพิกัดกึ่งกลางตำบลจาก DB มาใช้แทน,2.063942386841E12,"Lat: 18.70027649, Long: 97.94240178 (ต.เมืองปอน อ.ขุนยวม)"
19911,โรงเรียนวัดวังหิน สพป.นครสวรรค์ เขต 1 สำนักงานคณะกรรมการการศึกษาขั้นพื้นฐาน (สพฐ.) กระทรวงศึกษาธิการ,โรงเรียนวัดวังหิน สพป.นครสวรรค์ เขต 1 สำนักงานคณะกรรมการการศึกษาขั้นพื้นฐาน (สพฐ.) กระทรวงศึกษาธิการ,แก้ไขตัวสะกดตำบล (Subdistrict Typo),แก้ไขคำสะกดตำบลให้ตรงกับตารางมาตรฐาน DB,วัดไทรย์,วัดไทร
19912,โรงเรียนวัดบางม่วง สพป.นครสวรรค์ เขต 1 สำนักงานคณะกรรมการการศึกษาขั้นพื้นฐาน (สพฐ.) กระทรวงศึกษาธิการ,โรงเรียนวัดบางม่วง สพป.นครสวรรค์ เขต 1 สำนักงานคณะกรรมการการศึกษาขั้นพื้นฐาน (สพฐ.) กระทรวงศึกษาธิการ,แก้ไขตัวสะกดตำบล (Subdistrict Typo),แก้ไขคำสะกดตำบลให้ตรงกับตารางมาตรฐาน DB,วัดไทรย์,วัดไทร
19913,โรงเรียนวัดหาดทรายงาม สพป.นครสวรรค์ เขต 1 สำนักงานคณะกรรมการการศึกษาขั้นพื้นฐาน (สพฐ.) กระทรวงศึกษาธิการ,โรงเรียนวัดหาดทรายงาม สพป.นครสวรรค์ เขต 1 สำนักงานคณะกรรมการการศึกษาขั้นพื้นฐาน (สพฐ.) กระทรวงศึกษาธิการ,แก้ไขตัวสะกดตำบล (Subdistrict Typo),แก้ไขคำสะกดตำบลให้ตรงกับตารางมาตรฐาน DB,วัดไทรย์,วัดไทร
20119,โรงเรียนบ้านหนองไผ่ สพป.นครสวรรค์ เขต 3 สำนักงานคณะกรรมการการศึกษาขั้นพื้นฐาน (สพฐ.) กระทรวงศึกษาธิการ,โรงเรียนบ้านหนองไผ่ สพป.นครสวรรค์ เขต 3 สำนักงานคณะกรรมการการศึกษาขั้นพื้นฐาน (สพฐ.) กระทรวงศึกษาธิการ (ต.พนมรอก),ต่อท้ายชื่อแก้ชื่อซ้ำ (Name Suffix),เติม  (ต.พนมรอก) ต่อท้ายชื่อเพื่อป้องกันชื่อซ้ำในระดับเดียวกัน,โรงเรียนบ้านหนองไผ่ สพป.นครสวรรค์ เขต 3 สำนักงานคณะกรรมการการศึกษาขั้นพื้นฐาน (สพฐ.) กระทรวงศึกษาธิการ,โรงเรียนบ้านหนองไผ่ สพป.นครสวรรค์ เขต 3 สำนักงานคณะกรรมการการศึกษาขั้นพื้นฐาน (สพฐ.) กระทรวงศึกษาธิการ (ต.พนมรอก)
20294,โรงเรียนบ้านหนองไผ่ สพป.นครสวรรค์ เขต 3 สำนักงานคณะกรรมการการศึกษาขั้นพื้นฐาน (สพฐ.) กระทรวงศึกษาธิการ,โรงเรียนบ้านหนองไผ่ สพป.นครสวรรค์ เขต 3 สำนักงานคณะกรรมการการศึกษาขั้นพื้นฐาน (สพฐ.) กระทรวงศึกษาธิการ (ต.หนองบัว),ต่อท้ายชื่อแก้ชื่อซ้ำ (Name Suffix),เติม  (ต.หนองบัว) ต่อท้ายชื่อเพื่อป้องกันชื่อซ้ำในระดับเดียวกัน,โรงเรียนบ้านหนองไผ่ สพป.นครสวรรค์ เขต 3 สำนักงานคณะกรรมการการศึกษาขั้นพื้นฐาน (สพฐ.) กระทรวงศึกษาธิการ,โรงเรียนบ้านหนองไผ่ สพป.นครสวรรค์ เขต 3 สำนักงานคณะกรรมการการศึกษาขั้นพื้นฐาน (สพฐ.) กระทรวงศึกษาธิการ (ต.หนองบัว)
20383,โรงเรียนพระบางวิทยา สพม.นครสวรรค์ สำนักงานคณะกรรมการการศึกษาขั้นพื้นฐาน (สพฐ.) กระทรวงศึกษาธิการ,โรงเรียนพระบางวิทยา สพม.นครสวรรค์ สำนักงานคณะกรรมการการศึกษาขั้นพื้นฐาน (สพฐ.) กระทรวงศึกษาธิการ,ใช้พิกัดจุดศูนย์กลางตำบล (Subdistrict Center Fallback),เนื่องจากพิกัดเดิมว่างหรือผิดรูปแบบ จึงดึงพิกัดกึ่งกลางตำบลจาก DB มาใช้แทน,"154612.7344,99.591717","Lat: 15.8032034, Long: 99.96886053 (ต.หนองกระโดน อ.เมืองนครสวรรค์)"
20420,โรงเรียนศึกษาพิเศษอุทัยธานี สำนักบริหารงานการศึกษาพิเศษ สำนักงานคณะกรรมการการศึกษาขั้นพื้นฐาน (สพฐ.) กระทรวงศึกษาธิการ,โรงเรียนศึกษาพิเศษอุทัยธานี สำนักบริหารงานการศึกษาพิเศษ สำนักงานคณะกรรมการการศึกษาขั้นพื้นฐาน (สพฐ.) กระทรวงศึกษาธิการ,ใช้พิกัดจุดศูนย์กลางตำบล (Subdistrict Center Fallback),เนื่องจากพิกัดเดิมว่างหรือผิดรูปแบบ จึงดึงพิกัดกึ่งกลางตำบลจาก DB มาใช้แทน,ค่าว่าง (ไม่มีพิกัด),"Lat: 15.54951653, Long: 99.91995504 (ต.โคกหม้อ อ.ทัพทัน)"
20709,โรงเรียนบ้านใหม่สามัคคี สพป.กำแพงเพชร เขต 1 สำนักงานคณะกรรมการการศึกษาขั้นพื้นฐาน (สพฐ.) กระทรวงศึกษาธิการ,โรงเรียนบ้านใหม่สามัคคี สพป.กำแพงเพชร เขต 1 สำนักงานคณะกรรมการการศึกษาขั้นพื้นฐาน (สพฐ.) กระทรวงศึกษาธิการ (ต.คณฑี),ต่อท้ายชื่อแก้ชื่อซ้ำ (Name Suffix),เติม  (ต.คณฑี) ต่อท้ายชื่อเพื่อป้องกันชื่อซ้ำในระดับเดียวกัน,โรงเรียนบ้านใหม่สามัคคี สพป.กำแพงเพชร เขต 1 สำนักงานคณะกรรมการการศึกษาขั้นพื้นฐาน (สพฐ.) กระทรวงศึกษาธิการ,โรงเรียนบ้านใหม่สามัคคี สพป.กำแพงเพชร เขต 1 สำนักงานคณะกรรมการการศึกษาขั้นพื้นฐาน (สพฐ.) กระทรวงศึกษาธิการ (ต.คณฑี)
20867,โรงเรียนบ้านใหม่สามัคคี สพป.กำแพงเพชร เขต 1 สำนักงานคณะกรรมการการศึกษาขั้นพื้นฐาน (สพฐ.) กระทรวงศึกษาธิการ,โรงเรียนบ้านใหม่สามัคคี สพป.กำแพงเพชร เขต 1 สำนักงานคณะกรรมการการศึกษาขั้นพื้นฐาน (สพฐ.) กระทรวงศึกษาธิการ (ต.หนองทอง),ต่อท้ายชื่อแก้ชื่อซ้ำ (Name Suffix),เติม  (ต.หนองทอง) ต่อท้ายชื่อเพื่อป้องกันชื่อซ้ำในระดับเดียวกัน,โรงเรียนบ้านใหม่สามัคคี สพป.กำแพงเพชร เขต 1 สำนักงานคณะกรรมการการศึกษาขั้นพื้นฐาน (สพฐ.) กระทรวงศึกษาธิการ,โรงเรียนบ้านใหม่สามัคคี สพป.กำแพงเพชร เขต 1 สำนักงานคณะกรรมการการศึกษาขั้นพื้นฐาน (สพฐ.) กระทรวงศึกษาธิการ (ต.หนองทอง)
20941,โรงเรียนบ้านใหม่สามัคคี สพป.กำแพงเพชร เขต 1 สำนักงานคณะกรรมการการศึกษาขั้นพื้นฐาน (สพฐ.) กระทรวงศึกษาธิการ,โรงเรียนบ้านใหม่สามัคคี สพป.กำแพงเพชร เขต 1 สำนักงานคณะกรรมการการศึกษาขั้นพื้นฐาน (สพฐ.) กระทรวงศึกษาธิการ (ต.หนองหลวง),ต่อท้ายชื่อแก้ชื่อซ้ำ (Name Suffix),เติม  (ต.หนองหลวง) ต่อท้ายชื่อเพื่อป้องกันชื่อซ้ำในระดับเดียวกัน,โรงเรียนบ้านใหม่สามัคคี สพป.กำแพงเพชร เขต 1 สำนักงานคณะกรรมการการศึกษาขั้นพื้นฐาน (สพฐ.) กระทรวงศึกษาธิการ,โรงเรียนบ้านใหม่สามัคคี สพป.กำแพงเพชร เขต 1 สำนักงานคณะกรรมการการศึกษาขั้นพื้นฐาน (สพฐ.) กระทรวงศึกษาธิการ (ต.หนองหลวง)
21049,โรงเรียนศึกษาพิเศษตาก สำนักบริหารงานการศึกษาพิเศษ สำนักงานคณะกรรมการการศึกษาขั้นพื้นฐาน (สพฐ.) กระทรวงศึกษาธิการ,โรงเรียนศึกษาพิเศษตาก สำนักบริหารงานการศึกษาพิเศษ สำนักงานคณะกรรมการการศึกษาขั้นพื้นฐาน (สพฐ.) กระทรวงศึกษาธิการ,ใช้พิกัดจุดศูนย์กลางตำบล (Subdistrict Center Fallback),เนื่องจากพิกัดเดิมว่างหรือผิดรูปแบบ จึงดึงพิกัดกึ่งกลางตำบลจาก DB มาใช้แทน,ค่าว่าง (ไม่มีพิกัด),"Lat: 16.70909724, Long: 98.57117943 (ต.แม่สอด อ.แม่สอด)"
21303,โรงเรียนศูนย์การศึกษาพิเศษ ประจำจังหวัดตาก (แห่งที่2) สำนักบริหารงานการศึกษาพิเศษ สำนักงานคณะกรรมการการศึกษาขั้นพื้นฐาน (สพฐ.) กระทรวงศึกษาธิการ,โรงเรียนศูนย์การศึกษาพิเศษ ประจำจังหวัดตาก (แห่งที่2) สำนักบริหารงานการศึกษาพิเศษ สำนักงานคณะกรรมการการศึกษาขั้นพื้นฐาน (สพฐ.) กระทรวงศึกษาธิการ,ใช้พิกัดจุดศูนย์กลางตำบล (Subdistrict Center Fallback),เนื่องจากพิกัดเดิมว่างหรือผิดรูปแบบ จึงดึงพิกัดกึ่งกลางตำบลจาก DB มาใช้แทน,ค่าว่าง (ไม่มีพิกัด),"Lat: 16.91330118, Long: 98.9423307 (ต.ป่ามะม่วง อ.เมืองตาก)"
21476,โรงเรียนบ้านหนองบัว สพป.สุโขทัย เขต 2 สำนักงานคณะกรรมการการศึกษาขั้นพื้นฐาน (สพฐ.) กระทรวงศึกษาธิการ,โรงเรียนบ้านหนองบัว สพป.สุโขทัย เขต 2 สำนักงานคณะกรรมการการศึกษาขั้นพื้นฐาน (สพฐ.) กระทรวงศึกษาธิการ (ต.ท่าชัย),ต่อท้ายชื่อแก้ชื่อซ้ำ (Name Suffix),เติม  (ต.ท่าชัย) ต่อท้ายชื่อเพื่อป้องกันชื่อซ้ำในระดับเดียวกัน,โรงเรียนบ้านหนองบัว สพป.สุโขทัย เขต 2 สำนักงานคณะกรรมการการศึกษาขั้นพื้นฐาน (สพฐ.) กระทรวงศึกษาธิการ,โรงเรียนบ้านหนองบัว สพป.สุโขทัย เขต 2 สำนักงานคณะกรรมการการศึกษาขั้นพื้นฐาน (สพฐ.) กระทรวงศึกษาธิการ (ต.ท่าชัย)
21524,โรงเรียนบ้านหนองแหน สพป.สุโขทัย เขต 2 สำนักงานคณะกรรมการการศึกษาขั้นพื้นฐาน (สพฐ.) กระทรวงศึกษาธิการ,โรงเรียนบ้านหนองแหน สพป.สุโขทัย เขต 2 สำนักงานคณะกรรมการการศึกษาขั้นพื้นฐาน (สพฐ.) กระทรวงศึกษาธิการ (ต.วัดเกาะ),ต่อท้ายชื่อแก้ชื่อซ้ำ (Name Suffix),เติม  (ต.วัดเกาะ) ต่อท้ายชื่อเพื่อป้องกันชื่อซ้ำในระดับเดียวกัน,โรงเรียนบ้านหนองแหน สพป.สุโขทัย เขต 2 สำนักงานคณะกรรมการการศึกษาขั้นพื้นฐาน (สพฐ.) กระทรวงศึกษาธิการ,โรงเรียนบ้านหนองแหน สพป.สุโขทัย เขต 2 สำนักงานคณะกรรมการการศึกษาขั้นพื้นฐาน (สพฐ.) กระทรวงศึกษาธิการ (ต.วัดเกาะ)
21572,โรงเรียนบ้านหนองบัว สพป.สุโขทัย เขต 2 สำนักงานคณะกรรมการการศึกษาขั้นพื้นฐาน (สพฐ.) กระทรวงศึกษาธิการ,โรงเรียนบ้านหนองบัว สพป.สุโขทัย เขต 2 สำนักงานคณะกรรมการการศึกษาขั้นพื้นฐาน (สพฐ.) กระทรวงศึกษาธิการ (ต.หนองบัว),ต่อท้ายชื่อแก้ชื่อซ้ำ (Name Suffix),เติม  (ต.หนองบัว) ต่อท้ายชื่อเพื่อป้องกันชื่อซ้ำในระดับเดียวกัน,โรงเรียนบ้านหนองบัว สพป.สุโขทัย เขต 2 สำนักงานคณะกรรมการการศึกษาขั้นพื้นฐาน (สพฐ.) กระทรวงศึกษาธิการ,โรงเรียนบ้านหนองบัว สพป.สุโขทัย เขต 2 สำนักงานคณะกรรมการการศึกษาขั้นพื้นฐาน (สพฐ.) กระทรวงศึกษาธิการ (ต.หนองบัว)
21575,โรงเรียนบ้านหนองแหน สพป.สุโขทัย เขต 2 สำนักงานคณะกรรมการการศึกษาขั้นพื้นฐาน (สพฐ.) กระทรวงศึกษาธิการ,โรงเรียนบ้านหนองแหน สพป.สุโขทัย เขต 2 สำนักงานคณะกรรมการการศึกษาขั้นพื้นฐาน (สพฐ.) กระทรวงศึกษาธิการ (ต.นครเดิฐ),ต่อท้ายชื่อแก้ชื่อซ้ำ (Name Suffix),เติม  (ต.นครเดิฐ) ต่อท้ายชื่อเพื่อป้องกันชื่อซ้ำในระดับเดียวกัน,โรงเรียนบ้านหนองแหน สพป.สุโขทัย เขต 2 สำนักงานคณะกรรมการการศึกษาขั้นพื้นฐาน (สพฐ.) กระทรวงศึกษาธิการ,โรงเรียนบ้านหนองแหน สพป.สุโขทัย เขต 2 สำนักงานคณะกรรมการการศึกษาขั้นพื้นฐาน (สพฐ.) กระทรวงศึกษาธิการ (ต.นครเดิฐ)
21609,โรงเรียนศูนย์การศึกษาพิเศษ ประจำจังหวัดสุโขทัย สำนักบริหารงานการศึกษาพิเศษ สำนักงานคณะกรรมการการศึกษาขั้นพื้นฐาน (สพฐ.) กระทรวงศึกษาธิการ,โรงเรียนศูนย์การศึกษาพิเศษ ประจำจังหวัดสุโขทัย สำนักบริหารงานการศึกษาพิเศษ สำนักงานคณะกรรมการการศึกษาขั้นพื้นฐาน (สพฐ.) กระทรวงศึกษาธิการ,ใช้พิกัดจุดศูนย์กลางตำบล (Subdistrict Center Fallback),เนื่องจากพิกัดเดิมว่างหรือผิดรูปแบบ จึงดึงพิกัดกึ่งกลางตำบลจาก DB มาใช้แทน,ค่าว่าง (ไม่มีพิกัด),"Lat: 17.04259732, Long: 99.82690008 (ต.ปากแคว อ.เมืองสุโขทัย)"
21737,โรงเรียนบ้านลาดคื้อ สพป.พิษณุโลก เขต 3 สำนักงานคณะกรรมการการศึกษาขั้นพื้นฐาน (สพฐ.) กระทรวงศึกษาธิการ,โรงเรียนบ้านลาดคื้อ สพป.พิษณุโลก เขต 3 สำนักงานคณะกรรมการการศึกษาขั้นพื้นฐาน (สพฐ.) กระทรวงศึกษาธิการ,ใช้พิกัดจุดศูนย์กลางตำบล (Subdistrict Center Fallback),เนื่องจากพิกัดเดิมว่างหรือผิดรูปแบบ จึงดึงพิกัดกึ่งกลางตำบลจาก DB มาใช้แทน,"16.925344,1009285975","Lat: 16.91406177, Long: 100.9313195 (ต.ห้วยเฮี้ย อ.นครไทย)"
22450,โรงเรียนบ้านไทรทอง สพป.เพชรบูรณ์ เขต 3 สำนักงานคณะกรรมการการศึกษาขั้นพื้นฐาน (สพฐ.) กระทรวงศึกษาธิการ,โรงเรียนบ้านไทรทอง สพป.เพชรบูรณ์ เขต 3 สำนักงานคณะกรรมการการศึกษาขั้นพื้นฐาน (สพฐ.) กระทรวงศึกษาธิการ (ต.วังใหญ่),ต่อท้ายชื่อแก้ชื่อซ้ำ (Name Suffix),เติม  (ต.วังใหญ่) ต่อท้ายชื่อเพื่อป้องกันชื่อซ้ำในระดับเดียวกัน,โรงเรียนบ้านไทรทอง สพป.เพชรบูรณ์ เขต 3 สำนักงานคณะกรรมการการศึกษาขั้นพื้นฐาน (สพฐ.) กระทรวงศึกษาธิการ,โรงเรียนบ้านไทรทอง สพป.เพชรบูรณ์ เขต 3 สำนักงานคณะกรรมการการศึกษาขั้นพื้นฐาน (สพฐ.) กระทรวงศึกษาธิการ (ต.วังใหญ่)
22478,โรงเรียนบ้านโคกกรวด สพป.เพชรบูรณ์ เขต 3 สำนักงานคณะกรรมการการศึกษาขั้นพื้นฐาน (สพฐ.) กระทรวงศึกษาธิการ,โรงเรียนบ้านโคกกรวด สพป.เพชรบูรณ์ เขต 3 สำนักงานคณะกรรมการการศึกษาขั้นพื้นฐาน (สพฐ.) กระทรวงศึกษาธิการ (ต.ยางสาว),ต่อท้ายชื่อแก้ชื่อซ้ำ (Name Suffix),เติม  (ต.ยางสาว) ต่อท้ายชื่อเพื่อป้องกันชื่อซ้ำในระดับเดียวกัน,โรงเรียนบ้านโคกกรวด สพป.เพชรบูรณ์ เขต 3 สำนักงานคณะกรรมการการศึกษาขั้นพื้นฐาน (สพฐ.) กระทรวงศึกษาธิการ,โรงเรียนบ้านโคกกรวด สพป.เพชรบูรณ์ เขต 3 สำนักงานคณะกรรมการการศึกษาขั้นพื้นฐาน (สพฐ.) กระทรวงศึกษาธิการ (ต.ยางสาว)
22538,โรงเรียนบ้านไทรทอง สพป.เพชรบูรณ์ เขต 3 สำนักงานคณะกรรมการการศึกษาขั้นพื้นฐาน (สพฐ.) กระทรวงศึกษาธิการ,โรงเรียนบ้านไทรทอง สพป.เพชรบูรณ์ เขต 3 สำนักงานคณะกรรมการการศึกษาขั้นพื้นฐาน (สพฐ.) กระทรวงศึกษาธิการ (ต.วังโบสถ์),ต่อท้ายชื่อแก้ชื่อซ้ำ (Name Suffix),เติม  (ต.วังโบสถ์) ต่อท้ายชื่อเพื่อป้องกันชื่อซ้ำในระดับเดียวกัน,โรงเรียนบ้านไทรทอง สพป.เพชรบูรณ์ เขต 3 สำนักงานคณะกรรมการการศึกษาขั้นพื้นฐาน (สพฐ.) กระทรวงศึกษาธิการ,โรงเรียนบ้านไทรทอง สพป.เพชรบูรณ์ เขต 3 สำนักงานคณะกรรมการการศึกษาขั้นพื้นฐาน (สพฐ.) กระทรวงศึกษาธิการ (ต.วังโบสถ์)
22692,โรงเรียนบ้านโคกกรวด สพป.เพชรบูรณ์ เขต 3 สำนักงานคณะกรรมการการศึกษาขั้นพื้นฐาน (สพฐ.) กระทรวงศึกษาธิการ,โรงเรียนบ้านโคกกรวด สพป.เพชรบูรณ์ เขต 3 สำนักงานคณะกรรมการการศึกษาขั้นพื้นฐาน (สพฐ.) กระทรวงศึกษาธิการ (ต.กันจุ),ต่อท้ายชื่อแก้ชื่อซ้ำ (Name Suffix),เติม  (ต.กันจุ) ต่อท้ายชื่อเพื่อป้องกันชื่อซ้ำในระดับเดียวกัน,โรงเรียนบ้านโคกกรวด สพป.เพชรบูรณ์ เขต 3 สำนักงานคณะกรรมการการศึกษาขั้นพื้นฐาน (สพฐ.) กระทรวงศึกษาธิการ,โรงเรียนบ้านโคกกรวด สพป.เพชรบูรณ์ เขต 3 สำนักงานคณะกรรมการการศึกษาขั้นพื้นฐาน (สพฐ.) กระทรวงศึกษาธิการ (ต.กันจุ)
22996,โรงเรียนบ้านหนองไผ่ สพป.ราชบุรี เขต 1 สำนักงานคณะกรรมการการศึกษาขั้นพื้นฐาน (สพฐ.) กระทรวงศึกษาธิการ,โรงเรียนบ้านหนองไผ่ สพป.ราชบุรี เขต 1 สำนักงานคณะกรรมการการศึกษาขั้นพื้นฐาน (สพฐ.) กระทรวงศึกษาธิการ (ต.ทุ่งหลวง),ต่อท้ายชื่อแก้ชื่อซ้ำ (Name Suffix),เติม  (ต.ทุ่งหลวง) ต่อท้ายชื่อเพื่อป้องกันชื่อซ้ำในระดับเดียวกัน,โรงเรียนบ้านหนองไผ่ สพป.ราชบุรี เขต 1 สำนักงานคณะกรรมการการศึกษาขั้นพื้นฐาน (สพฐ.) กระทรวงศึกษาธิการ,โรงเรียนบ้านหนองไผ่ สพป.ราชบุรี เขต 1 สำนักงานคณะกรรมการการศึกษาขั้นพื้นฐาน (สพฐ.) กระทรวงศึกษาธิการ (ต.ทุ่งหลวง)
23020,โรงเรียนบ้านหนองไผ่ สพป.ราชบุรี เขต 1 สำนักงานคณะกรรมการการศึกษาขั้นพื้นฐาน (สพฐ.) กระทรวงศึกษาธิการ,โรงเรียนบ้านหนองไผ่ สพป.ราชบุรี เขต 1 สำนักงานคณะกรรมการการศึกษาขั้นพื้นฐาน (สพฐ.) กระทรวงศึกษาธิการ (ต.ปากช่อง),ต่อท้ายชื่อแก้ชื่อซ้ำ (Name Suffix),เติม  (ต.ปากช่อง) ต่อท้ายชื่อเพื่อป้องกันชื่อซ้ำในระดับเดียวกัน,โรงเรียนบ้านหนองไผ่ สพป.ราชบุรี เขต 1 สำนักงานคณะกรรมการการศึกษาขั้นพื้นฐาน (สพฐ.) กระทรวงศึกษาธิการ,โรงเรียนบ้านหนองไผ่ สพป.ราชบุรี เขต 1 สำนักงานคณะกรรมการการศึกษาขั้นพื้นฐาน (สพฐ.) กระทรวงศึกษาธิการ (ต.ปากช่อง)
23176,โรงเรียนบ้านหินดาด สพป.กาญจนบุรี เขต 3 สำนักงานคณะกรรมการการศึกษาขั้นพื้นฐาน (สพฐ.) กระทรวงศึกษาธิการ,โรงเรียนบ้านหินดาด สพป.กาญจนบุรี เขต 3 สำนักงานคณะกรรมการการศึกษาขั้นพื้นฐาน (สพฐ.) กระทรวงศึกษาธิการ (ต.หินดาด),ต่อท้ายชื่อแก้ชื่อซ้ำ (Name Suffix),เติม  (ต.หินดาด) ต่อท้ายชื่อเพื่อป้องกันชื่อซ้ำในระดับเดียวกัน,โรงเรียนบ้านหินดาด สพป.กาญจนบุรี เขต 3 สำนักงานคณะกรรมการการศึกษาขั้นพื้นฐาน (สพฐ.) กระทรวงศึกษาธิการ,โรงเรียนบ้านหินดาด สพป.กาญจนบุรี เขต 3 สำนักงานคณะกรรมการการศึกษาขั้นพื้นฐาน (สพฐ.) กระทรวงศึกษาธิการ (ต.หินดาด)
23188,โรงเรียนบ้านท่ามะเดื่อ สพป.กาญจนบุรี เขต 3 สำนักงานคณะกรรมการการศึกษาขั้นพื้นฐาน (สพฐ.) กระทรวงศึกษาธิการ,โรงเรียนบ้านท่ามะเดื่อ สพป.กาญจนบุรี เขต 3 สำนักงานคณะกรรมการการศึกษาขั้นพื้นฐาน (สพฐ.) กระทรวงศึกษาธิการ (ต.ห้วยเขย่ง),ต่อท้ายชื่อแก้ชื่อซ้ำ (Name Suffix),เติม  (ต.ห้วยเขย่ง) ต่อท้ายชื่อเพื่อป้องกันชื่อซ้ำในระดับเดียวกัน,โรงเรียนบ้านท่ามะเดื่อ สพป.กาญจนบุรี เขต 3 สำนักงานคณะกรรมการการศึกษาขั้นพื้นฐาน (สพฐ.) กระทรวงศึกษาธิการ,โรงเรียนบ้านท่ามะเดื่อ สพป.กาญจนบุรี เขต 3 สำนักงานคณะกรรมการการศึกษาขั้นพื้นฐาน (สพฐ.) กระทรวงศึกษาธิการ (ต.ห้วยเขย่ง)
23292,โรงเรียนบ้านท่ามะเดื่อ สพป.กาญจนบุรี เขต 3 สำนักงานคณะกรรมการการศึกษาขั้นพื้นฐาน (สพฐ.) กระทรวงศึกษาธิการ,โรงเรียนบ้านท่ามะเดื่อ สพป.กาญจนบุรี เขต 3 สำนักงานคณะกรรมการการศึกษาขั้นพื้นฐาน (สพฐ.) กระทรวงศึกษาธิการ (ต.ศรีมงคล),ต่อท้ายชื่อแก้ชื่อซ้ำ (Name Suffix),เติม  (ต.ศรีมงคล) ต่อท้ายชื่อเพื่อป้องกันชื่อซ้ำในระดับเดียวกัน,โรงเรียนบ้านท่ามะเดื่อ สพป.กาญจนบุรี เขต 3 สำนักงานคณะกรรมการการศึกษาขั้นพื้นฐาน (สพฐ.) กระทรวงศึกษาธิการ,โรงเรียนบ้านท่ามะเดื่อ สพป.กาญจนบุรี เขต 3 สำนักงานคณะกรรมการการศึกษาขั้นพื้นฐาน (สพฐ.) กระทรวงศึกษาธิการ (ต.ศรีมงคล)
23293,โรงเรียนบ้านหินดาด สพป.กาญจนบุรี เขต 3 สำนักงานคณะกรรมการการศึกษาขั้นพื้นฐาน (สพฐ.) กระทรวงศึกษาธิการ,โรงเรียนบ้านหินดาด สพป.กาญจนบุรี เขต 3 สำนักงานคณะกรรมการการศึกษาขั้นพื้นฐาน (สพฐ.) กระทรวงศึกษาธิการ (ต.ศรีมงคล),ต่อท้ายชื่อแก้ชื่อซ้ำ (Name Suffix),เติม  (ต.ศรีมงคล) ต่อท้ายชื่อเพื่อป้องกันชื่อซ้ำในระดับเดียวกัน,โรงเรียนบ้านหินดาด สพป.กาญจนบุรี เขต 3 สำนักงานคณะกรรมการการศึกษาขั้นพื้นฐาน (สพฐ.) กระทรวงศึกษาธิการ,โรงเรียนบ้านหินดาด สพป.กาญจนบุรี เขต 3 สำนักงานคณะกรรมการการศึกษาขั้นพื้นฐาน (สพฐ.) กระทรวงศึกษาธิการ (ต.ศรีมงคล)
23354,โรงเรียนบ้านหนองหวาย สพป.กาญจนบุรี เขต 4 สำนักงานคณะกรรมการการศึกษาขั้นพื้นฐาน (สพฐ.) กระทรวงศึกษาธิการ,โรงเรียนบ้านหนองหวาย สพป.กาญจนบุรี เขต 4 สำนักงานคณะกรรมการการศึกษาขั้นพื้นฐาน (สพฐ.) กระทรวงศึกษาธิการ (ต.หนองกร่าง),ต่อท้ายชื่อแก้ชื่อซ้ำ (Name Suffix),เติม  (ต.หนองกร่าง) ต่อท้ายชื่อเพื่อป้องกันชื่อซ้ำในระดับเดียวกัน,โรงเรียนบ้านหนองหวาย สพป.กาญจนบุรี เขต 4 สำนักงานคณะกรรมการการศึกษาขั้นพื้นฐาน (สพฐ.) กระทรวงศึกษาธิการ,โรงเรียนบ้านหนองหวาย สพป.กาญจนบุรี เขต 4 สำนักงานคณะกรรมการการศึกษาขั้นพื้นฐาน (สพฐ.) กระทรวงศึกษาธิการ (ต.หนองกร่าง)
23399,โรงเรียนบ้านหนองหวาย สพป.กาญจนบุรี เขต 4 สำนักงานคณะกรรมการการศึกษาขั้นพื้นฐาน (สพฐ.) กระทรวงศึกษาธิการ,โรงเรียนบ้านหนองหวาย สพป.กาญจนบุรี เขต 4 สำนักงานคณะกรรมการการศึกษาขั้นพื้นฐาน (สพฐ.) กระทรวงศึกษาธิการ (ต.ทุ่งกระบ่ำ),ต่อท้ายชื่อแก้ชื่อซ้ำ (Name Suffix),เติม  (ต.ทุ่งกระบ่ำ) ต่อท้ายชื่อเพื่อป้องกันชื่อซ้ำในระดับเดียวกัน,โรงเรียนบ้านหนองหวาย สพป.กาญจนบุรี เขต 4 สำนักงานคณะกรรมการการศึกษาขั้นพื้นฐาน (สพฐ.) กระทรวงศึกษาธิการ,โรงเรียนบ้านหนองหวาย สพป.กาญจนบุรี เขต 4 สำนักงานคณะกรรมการการศึกษาขั้นพื้นฐาน (สพฐ.) กระทรวงศึกษาธิการ (ต.ทุ่งกระบ่ำ)
23424,โรงเรียนบ้านหนองใหญ่ สพป.กาญจนบุรี เขต 4 สำนักงานคณะกรรมการการศึกษาขั้นพื้นฐาน (สพฐ.) กระทรวงศึกษาธิการ,โรงเรียนบ้านหนองใหญ่ สพป.กาญจนบุรี เขต 4 สำนักงานคณะกรรมการการศึกษาขั้นพื้นฐาน (สพฐ.) กระทรวงศึกษาธิการ (ต.หนองปลิง),ต่อท้ายชื่อแก้ชื่อซ้ำ (Name Suffix),เติม  (ต.หนองปลิง) ต่อท้ายชื่อเพื่อป้องกันชื่อซ้ำในระดับเดียวกัน,โรงเรียนบ้านหนองใหญ่ สพป.กาญจนบุรี เขต 4 สำนักงานคณะกรรมการการศึกษาขั้นพื้นฐาน (สพฐ.) กระทรวงศึกษาธิการ,โรงเรียนบ้านหนองใหญ่ สพป.กาญจนบุรี เขต 4 สำนักงานคณะกรรมการการศึกษาขั้นพื้นฐาน (สพฐ.) กระทรวงศึกษาธิการ (ต.หนองปลิง)
23486,โรงเรียนบ้านหนองใหญ่ สพป.กาญจนบุรี เขต 4 สำนักงานคณะกรรมการการศึกษาขั้นพื้นฐาน (สพฐ.) กระทรวงศึกษาธิการ,โรงเรียนบ้านหนองใหญ่ สพป.กาญจนบุรี เขต 4 สำนักงานคณะกรรมการการศึกษาขั้นพื้นฐาน (สพฐ.) กระทรวงศึกษาธิการ (ต.หนองปรือ),ต่อท้ายชื่อแก้ชื่อซ้ำ (Name Suffix),เติม  (ต.หนองปรือ) ต่อท้ายชื่อเพื่อป้องกันชื่อซ้ำในระดับเดียวกัน,โรงเรียนบ้านหนองใหญ่ สพป.กาญจนบุรี เขต 4 สำนักงานคณะกรรมการการศึกษาขั้นพื้นฐาน (สพฐ.) กระทรวงศึกษาธิการ,โรงเรียนบ้านหนองใหญ่ สพป.กาญจนบุรี เขต 4 สำนักงานคณะกรรมการการศึกษาขั้นพื้นฐาน (สพฐ.) กระทรวงศึกษาธิการ (ต.หนองปรือ)
23743,โรงเรียนวัดเสาธงทอง สพป.สุพรรณบุรี เขต 1 สำนักงานคณะกรรมการการศึกษาขั้นพื้นฐาน (สพฐ.) กระทรวงศึกษาธิการ,โรงเรียนวัดเสาธงทอง สพป.สุพรรณบุรี เขต 1 สำนักงานคณะกรรมการการศึกษาขั้นพื้นฐาน (สพฐ.) กระทรวงศึกษาธิการ (ต.สาลี),ต่อท้ายชื่อแก้ชื่อซ้ำ (Name Suffix),เติม  (ต.สาลี) ต่อท้ายชื่อเพื่อป้องกันชื่อซ้ำในระดับเดียวกัน,โรงเรียนวัดเสาธงทอง สพป.สุพรรณบุรี เขต 1 สำนักงานคณะกรรมการการศึกษาขั้นพื้นฐาน (สพฐ.) กระทรวงศึกษาธิการ,โรงเรียนวัดเสาธงทอง สพป.สุพรรณบุรี เขต 1 สำนักงานคณะกรรมการการศึกษาขั้นพื้นฐาน (สพฐ.) กระทรวงศึกษาธิการ (ต.สาลี)
23784,โรงเรียนวัดเสาธงทอง สพป.สุพรรณบุรี เขต 1 สำนักงานคณะกรรมการการศึกษาขั้นพื้นฐาน (สพฐ.) กระทรวงศึกษาธิการ,โรงเรียนวัดเสาธงทอง สพป.สุพรรณบุรี เขต 1 สำนักงานคณะกรรมการการศึกษาขั้นพื้นฐาน (สพฐ.) กระทรวงศึกษาธิการ (ต.มดแดง),ต่อท้ายชื่อแก้ชื่อซ้ำ (Name Suffix),เติม  (ต.มดแดง) ต่อท้ายชื่อเพื่อป้องกันชื่อซ้ำในระดับเดียวกัน,โรงเรียนวัดเสาธงทอง สพป.สุพรรณบุรี เขต 1 สำนักงานคณะกรรมการการศึกษาขั้นพื้นฐาน (สพฐ.) กระทรวงศึกษาธิการ,โรงเรียนวัดเสาธงทอง สพป.สุพรรณบุรี เขต 1 สำนักงานคณะกรรมการการศึกษาขั้นพื้นฐาน (สพฐ.) กระทรวงศึกษาธิการ (ต.มดแดง)
24125,โรงเรียนวัดสว่างอารมณ์ สพป.นครปฐม เขต 2 สำนักงานคณะกรรมการการศึกษาขั้นพื้นฐาน (สพฐ.) กระทรวงศึกษาธิการ,โรงเรียนวัดสว่างอารมณ์ สพป.นครปฐม เขต 2 สำนักงานคณะกรรมการการศึกษาขั้นพื้นฐาน (สพฐ.) กระทรวงศึกษาธิการ (ต.ขุนแก้ว),ต่อท้ายชื่อแก้ชื่อซ้ำ (Name Suffix),เติม  (ต.ขุนแก้ว) ต่อท้ายชื่อเพื่อป้องกันชื่อซ้ำในระดับเดียวกัน,โรงเรียนวัดสว่างอารมณ์ สพป.นครปฐม เขต 2 สำนักงานคณะกรรมการการศึกษาขั้นพื้นฐาน (สพฐ.) กระทรวงศึกษาธิการ,โรงเรียนวัดสว่างอารมณ์ สพป.นครปฐม เขต 2 สำนักงานคณะกรรมการการศึกษาขั้นพื้นฐาน (สพฐ.) กระทรวงศึกษาธิการ (ต.ขุนแก้ว)
24158,โรงเรียนวัดสว่างอารมณ์ สพป.นครปฐม เขต 2 สำนักงานคณะกรรมการการศึกษาขั้นพื้นฐาน (สพฐ.) กระทรวงศึกษาธิการ,โรงเรียนวัดสว่างอารมณ์ สพป.นครปฐม เขต 2 สำนักงานคณะกรรมการการศึกษาขั้นพื้นฐาน (สพฐ.) กระทรวงศึกษาธิการ (ต.นราภิรมย์),ต่อท้ายชื่อแก้ชื่อซ้ำ (Name Suffix),เติม  (ต.นราภิรมย์) ต่อท้ายชื่อเพื่อป้องกันชื่อซ้ำในระดับเดียวกัน,โรงเรียนวัดสว่างอารมณ์ สพป.นครปฐม เขต 2 สำนักงานคณะกรรมการการศึกษาขั้นพื้นฐาน (สพฐ.) กระทรวงศึกษาธิการ,โรงเรียนวัดสว่างอารมณ์ สพป.นครปฐม เขต 2 สำนักงานคณะกรรมการการศึกษาขั้นพื้นฐาน (สพฐ.) กระทรวงศึกษาธิการ (ต.นราภิรมย์)
24905,โรงเรียนวัดน้ำรอบ สพป.นครศรีธรรมราช เขต 1 สำนักงานคณะกรรมการการศึกษาขั้นพื้นฐาน (สพฐ.) กระทรวงศึกษาธิการ,โรงเรียนวัดน้ำรอบ สพป.นครศรีธรรมราช เขต 1 สำนักงานคณะกรรมการการศึกษาขั้นพื้นฐาน (สพฐ.) กระทรวงศึกษาธิการ (ต.ไชยมนตรี),ต่อท้ายชื่อแก้ชื่อซ้ำ (Name Suffix),เติม  (ต.ไชยมนตรี) ต่อท้ายชื่อเพื่อป้องกันชื่อซ้ำในระดับเดียวกัน,โรงเรียนวัดน้ำรอบ สพป.นครศรีธรรมราช เขต 1 สำนักงานคณะกรรมการการศึกษาขั้นพื้นฐาน (สพฐ.) กระทรวงศึกษาธิการ,โรงเรียนวัดน้ำรอบ สพป.นครศรีธรรมราช เขต 1 สำนักงานคณะกรรมการการศึกษาขั้นพื้นฐาน (สพฐ.) กระทรวงศึกษาธิการ (ต.ไชยมนตรี)
24926,โรงเรียนบ้านชะเอียน สพป.นครศรีธรรมราช เขต 1 สำนักงานคณะกรรมการการศึกษาขั้นพื้นฐาน (สพฐ.) กระทรวงศึกษาธิการ,โรงเรียนบ้านชะเอียน สพป.นครศรีธรรมราช เขต 1 สำนักงานคณะกรรมการการศึกษาขั้นพื้นฐาน (สพฐ.) กระทรวงศึกษาธิการ,ใช้พิกัดจุดศูนย์กลางตำบล (Subdistrict Center Fallback),เนื่องจากพิกัดเดิมว่างหรือผิดรูปแบบ จึงดึงพิกัดกึ่งกลางตำบลจาก DB มาใช้แทน,6.05245937415E11,"Lat: 8.532439079, Long: 99.97249833 (ต.ปากพูน อ.เมืองนครศรีธรรมราช)"
24938,โรงเรียนวัดมุขธารา สพป.นครศรีธรรมราช เขต 1 สำนักงานคณะกรรมการการศึกษาขั้นพื้นฐาน (สพฐ.) กระทรวงศึกษาธิการ,โรงเรียนวัดมุขธารา สพป.นครศรีธรรมราช เขต 1 สำนักงานคณะกรรมการการศึกษาขั้นพื้นฐาน (สพฐ.) กระทรวงศึกษาธิการ,ใช้พิกัดจุดศูนย์กลางตำบล (Subdistrict Center Fallback),เนื่องจากพิกัดเดิมว่างหรือผิดรูปแบบ จึงดึงพิกัดกึ่งกลางตำบลจาก DB มาใช้แทน,6.14970936348E11,"Lat: 8.442458347, Long: 100.0099405 (ต.ปากนคร อ.เมืองนครศรีธรรมราช)"
24982,โรงเรียนวัดควนยูง สพป.นครศรีธรรมราช เขต 2 สำนักงานคณะกรรมการการศึกษาขั้นพื้นฐาน (สพฐ.) กระทรวงศึกษาธิการ,โรงเรียนวัดควนยูง สพป.นครศรีธรรมราช เขต 2 สำนักงานคณะกรรมการการศึกษาขั้นพื้นฐาน (สพฐ.) กระทรวงศึกษาธิการ (ต.นาแว),ต่อท้ายชื่อแก้ชื่อซ้ำ (Name Suffix),เติม  (ต.นาแว) ต่อท้ายชื่อเพื่อป้องกันชื่อซ้ำในระดับเดียวกัน,โรงเรียนวัดควนยูง สพป.นครศรีธรรมราช เขต 2 สำนักงานคณะกรรมการการศึกษาขั้นพื้นฐาน (สพฐ.) กระทรวงศึกษาธิการ,โรงเรียนวัดควนยูง สพป.นครศรีธรรมราช เขต 2 สำนักงานคณะกรรมการการศึกษาขั้นพื้นฐาน (สพฐ.) กระทรวงศึกษาธิการ (ต.นาแว)
25197,โรงเรียนวัดควนยูง สพป.นครศรีธรรมราช เขต 2 สำนักงานคณะกรรมการการศึกษาขั้นพื้นฐาน (สพฐ.) กระทรวงศึกษาธิการ,โรงเรียนวัดควนยูง สพป.นครศรีธรรมราช เขต 2 สำนักงานคณะกรรมการการศึกษาขั้นพื้นฐาน (สพฐ.) กระทรวงศึกษาธิการ (ต.ทุ่งสัง),ต่อท้ายชื่อแก้ชื่อซ้ำ (Name Suffix),เติม  (ต.ทุ่งสัง) ต่อท้ายชื่อเพื่อป้องกันชื่อซ้ำในระดับเดียวกัน,โรงเรียนวัดควนยูง สพป.นครศรีธรรมราช เขต 2 สำนักงานคณะกรรมการการศึกษาขั้นพื้นฐาน (สพฐ.) กระทรวงศึกษาธิการ,โรงเรียนวัดควนยูง สพป.นครศรีธรรมราช เขต 2 สำนักงานคณะกรรมการการศึกษาขั้นพื้นฐาน (สพฐ.) กระทรวงศึกษาธิการ (ต.ทุ่งสัง)
25296,โรงเรียนราษฎร์บำรุง สพป.นครศรีธรรมราช เขต 1 สำนักงานคณะกรรมการการศึกษาขั้นพื้นฐาน (สพฐ.) กระทรวงศึกษาธิการ,โรงเรียนราษฎร์บำรุง สพป.นครศรีธรรมราช เขต 1 สำนักงานคณะกรรมการการศึกษาขั้นพื้นฐาน (สพฐ.) กระทรวงศึกษาธิการ (ต.ขุนทะเล),ต่อท้ายชื่อแก้ชื่อซ้ำ (Name Suffix),เติม  (ต.ขุนทะเล) ต่อท้ายชื่อเพื่อป้องกันชื่อซ้ำในระดับเดียวกัน,โรงเรียนราษฎร์บำรุง สพป.นครศรีธรรมราช เขต 1 สำนักงานคณะกรรมการการศึกษาขั้นพื้นฐาน (สพฐ.) กระทรวงศึกษาธิการ,โรงเรียนราษฎร์บำรุง สพป.นครศรีธรรมราช เขต 1 สำนักงานคณะกรรมการการศึกษาขั้นพื้นฐาน (สพฐ.) กระทรวงศึกษาธิการ (ต.ขุนทะเล)
25303,โรงเรียนวัดน้ำรอบ สพป.นครศรีธรรมราช เขต 1 สำนักงานคณะกรรมการการศึกษาขั้นพื้นฐาน (สพฐ.) กระทรวงศึกษาธิการ,โรงเรียนวัดน้ำรอบ สพป.นครศรีธรรมราช เขต 1 สำนักงานคณะกรรมการการศึกษาขั้นพื้นฐาน (สพฐ.) กระทรวงศึกษาธิการ (ต.ลานสกา),ต่อท้ายชื่อแก้ชื่อซ้ำ (Name Suffix),เติม  (ต.ลานสกา) ต่อท้ายชื่อเพื่อป้องกันชื่อซ้ำในระดับเดียวกัน,โรงเรียนวัดน้ำรอบ สพป.นครศรีธรรมราช เขต 1 สำนักงานคณะกรรมการการศึกษาขั้นพื้นฐาน (สพฐ.) กระทรวงศึกษาธิการ,โรงเรียนวัดน้ำรอบ สพป.นครศรีธรรมราช เขต 1 สำนักงานคณะกรรมการการศึกษาขั้นพื้นฐาน (สพฐ.) กระทรวงศึกษาธิการ (ต.ลานสกา)
25344,โรงเรียนวัดกลาง สพป.นครศรีธรรมราช เขต 4 สำนักงานคณะกรรมการการศึกษาขั้นพื้นฐาน (สพฐ.) กระทรวงศึกษาธิการ,โรงเรียนวัดกลาง สพป.นครศรีธรรมราช เขต 4 สำนักงานคณะกรรมการการศึกษาขั้นพื้นฐาน (สพฐ.) กระทรวงศึกษาธิการ,ใช้พิกัดจุดศูนย์กลางตำบล (Subdistrict Center Fallback),เนื่องจากพิกัดเดิมว่างหรือผิดรูปแบบ จึงดึงพิกัดกึ่งกลางตำบลจาก DB มาใช้แทน,"89.999997,-167.999685","Lat: 8.922876395, Long: 99.82747657 (ต.ฉลอง อ.สิชล)"
25509,โรงเรียนวัดจันดี สพป.นครศรีธรรมราช เขต 2 สำนักงานคณะกรรมการการศึกษาขั้นพื้นฐาน (สพฐ.) กระทรวงศึกษาธิการ,โรงเรียนวัดจันดี สพป.นครศรีธรรมราช เขต 2 สำนักงานคณะกรรมการการศึกษาขั้นพื้นฐาน (สพฐ.) กระทรวงศึกษาธิการ,ใช้พิกัดจุดศูนย์กลางตำบล (Subdistrict Center Fallback),เนื่องจากพิกัดเดิมว่างหรือผิดรูปแบบ จึงดึงพิกัดกึ่งกลางตำบลจาก DB มาใช้แทน,"19.231614,91.18689","Lat: 8.349507507, Long: 99.55121481 (ต.หลักช้าง อ.ช้างกลาง)"
25526,โรงเรียนราษฎร์บำรุง สพป.นครศรีธรรมราช เขต 1 สำนักงานคณะกรรมการการศึกษาขั้นพื้นฐาน (สพฐ.) กระทรวงศึกษาธิการ,โรงเรียนราษฎร์บำรุง สพป.นครศรีธรรมราช เขต 1 สำนักงานคณะกรรมการการศึกษาขั้นพื้นฐาน (สพฐ.) กระทรวงศึกษาธิการ (ต.ทางพูน),ต่อท้ายชื่อแก้ชื่อซ้ำ (Name Suffix),เติม  (ต.ทางพูน) ต่อท้ายชื่อเพื่อป้องกันชื่อซ้ำในระดับเดียวกัน,โรงเรียนราษฎร์บำรุง สพป.นครศรีธรรมราช เขต 1 สำนักงานคณะกรรมการการศึกษาขั้นพื้นฐาน (สพฐ.) กระทรวงศึกษาธิการ,โรงเรียนราษฎร์บำรุง สพป.นครศรีธรรมราช เขต 1 สำนักงานคณะกรรมการการศึกษาขั้นพื้นฐาน (สพฐ.) กระทรวงศึกษาธิการ (ต.ทางพูน)
25670,โรงเรียนบ้านคลองแรด สพป.กระบี่ สำนักงานคณะกรรมการการศึกษาขั้นพื้นฐาน (สพฐ.) กระทรวงศึกษาธิการ,โรงเรียนบ้านคลองแรด สพป.กระบี่ สำนักงานคณะกรรมการการศึกษาขั้นพื้นฐาน (สพฐ.) กระทรวงศึกษาธิการ (ต.คลองพน),ต่อท้ายชื่อแก้ชื่อซ้ำ (Name Suffix),เติม  (ต.คลองพน) ต่อท้ายชื่อเพื่อป้องกันชื่อซ้ำในระดับเดียวกัน,โรงเรียนบ้านคลองแรด สพป.กระบี่ สำนักงานคณะกรรมการการศึกษาขั้นพื้นฐาน (สพฐ.) กระทรวงศึกษาธิการ,โรงเรียนบ้านคลองแรด สพป.กระบี่ สำนักงานคณะกรรมการการศึกษาขั้นพื้นฐาน (สพฐ.) กระทรวงศึกษาธิการ (ต.คลองพน)
25687,โรงเรียนบ้านคลองแรด สพป.กระบี่ สำนักงานคณะกรรมการการศึกษาขั้นพื้นฐาน (สพฐ.) กระทรวงศึกษาธิการ,โรงเรียนบ้านคลองแรด สพป.กระบี่ สำนักงานคณะกรรมการการศึกษาขั้นพื้นฐาน (สพฐ.) กระทรวงศึกษาธิการ (ต.แหลมสัก),ต่อท้ายชื่อแก้ชื่อซ้ำ (Name Suffix),เติม  (ต.แหลมสัก) ต่อท้ายชื่อเพื่อป้องกันชื่อซ้ำในระดับเดียวกัน,โรงเรียนบ้านคลองแรด สพป.กระบี่ สำนักงานคณะกรรมการการศึกษาขั้นพื้นฐาน (สพฐ.) กระทรวงศึกษาธิการ,โรงเรียนบ้านคลองแรด สพป.กระบี่ สำนักงานคณะกรรมการการศึกษาขั้นพื้นฐาน (สพฐ.) กระทรวงศึกษาธิการ (ต.แหลมสัก)
25708,โรงเรียนบ้านคลองหิน สพป.กระบี่ สำนักงานคณะกรรมการการศึกษาขั้นพื้นฐาน (สพฐ.) กระทรวงศึกษาธิการ,โรงเรียนบ้านคลองหิน สพป.กระบี่ สำนักงานคณะกรรมการการศึกษาขั้นพื้นฐาน (สพฐ.) กระทรวงศึกษาธิการ (ต.คลองหิน),ต่อท้ายชื่อแก้ชื่อซ้ำ (Name Suffix),เติม  (ต.คลองหิน) ต่อท้ายชื่อเพื่อป้องกันชื่อซ้ำในระดับเดียวกัน,โรงเรียนบ้านคลองหิน สพป.กระบี่ สำนักงานคณะกรรมการการศึกษาขั้นพื้นฐาน (สพฐ.) กระทรวงศึกษาธิการ,โรงเรียนบ้านคลองหิน สพป.กระบี่ สำนักงานคณะกรรมการการศึกษาขั้นพื้นฐาน (สพฐ.) กระทรวงศึกษาธิการ (ต.คลองหิน)
25748,โรงเรียนบ้านคลองหิน สพป.กระบี่ สำนักงานคณะกรรมการการศึกษาขั้นพื้นฐาน (สพฐ.) กระทรวงศึกษาธิการ,โรงเรียนบ้านคลองหิน สพป.กระบี่ สำนักงานคณะกรรมการการศึกษาขั้นพื้นฐาน (สพฐ.) กระทรวงศึกษาธิการ (ต.เกาะลันตาใหญ่),ต่อท้ายชื่อแก้ชื่อซ้ำ (Name Suffix),เติม  (ต.เกาะลันตาใหญ่) ต่อท้ายชื่อเพื่อป้องกันชื่อซ้ำในระดับเดียวกัน,โรงเรียนบ้านคลองหิน สพป.กระบี่ สำนักงานคณะกรรมการการศึกษาขั้นพื้นฐาน (สพฐ.) กระทรวงศึกษาธิการ,โรงเรียนบ้านคลองหิน สพป.กระบี่ สำนักงานคณะกรรมการการศึกษาขั้นพื้นฐาน (สพฐ.) กระทรวงศึกษาธิการ (ต.เกาะลันตาใหญ่)
25777,โรงเรียนบ้านเกาะไทร สพป.กระบี่ สำนักงานคณะกรรมการการศึกษาขั้นพื้นฐาน (สพฐ.) กระทรวงศึกษาธิการ,โรงเรียนบ้านเกาะไทร สพป.กระบี่ สำนักงานคณะกรรมการการศึกษาขั้นพื้นฐาน (สพฐ.) กระทรวงศึกษาธิการ (ต.ทุ่งไทรทอง),ต่อท้ายชื่อแก้ชื่อซ้ำ (Name Suffix),เติม  (ต.ทุ่งไทรทอง) ต่อท้ายชื่อเพื่อป้องกันชื่อซ้ำในระดับเดียวกัน,โรงเรียนบ้านเกาะไทร สพป.กระบี่ สำนักงานคณะกรรมการการศึกษาขั้นพื้นฐาน (สพฐ.) กระทรวงศึกษาธิการ,โรงเรียนบ้านเกาะไทร สพป.กระบี่ สำนักงานคณะกรรมการการศึกษาขั้นพื้นฐาน (สพฐ.) กระทรวงศึกษาธิการ (ต.ทุ่งไทรทอง)
25809,โรงเรียนบ้านเกาะไทร สพป.กระบี่ สำนักงานคณะกรรมการการศึกษาขั้นพื้นฐาน (สพฐ.) กระทรวงศึกษาธิการ,โรงเรียนบ้านเกาะไทร สพป.กระบี่ สำนักงานคณะกรรมการการศึกษาขั้นพื้นฐาน (สพฐ.) กระทรวงศึกษาธิการ (ต.ปกาสัย),ต่อท้ายชื่อแก้ชื่อซ้ำ (Name Suffix),เติม  (ต.ปกาสัย) ต่อท้ายชื่อเพื่อป้องกันชื่อซ้ำในระดับเดียวกัน,โรงเรียนบ้านเกาะไทร สพป.กระบี่ สำนักงานคณะกรรมการการศึกษาขั้นพื้นฐาน (สพฐ.) กระทรวงศึกษาธิการ,โรงเรียนบ้านเกาะไทร สพป.กระบี่ สำนักงานคณะกรรมการการศึกษาขั้นพื้นฐาน (สพฐ.) กระทรวงศึกษาธิการ (ต.ปกาสัย)
26210,โรงเรียนบ้านไทรงาม สพป.สุราษฎร์ธานี เขต 2 สำนักงานคณะกรรมการการศึกษาขั้นพื้นฐาน (สพฐ.) กระทรวงศึกษาธิการ,โรงเรียนบ้านไทรงาม สพป.สุราษฎร์ธานี เขต 2 สำนักงานคณะกรรมการการศึกษาขั้นพื้นฐาน (สพฐ.) กระทรวงศึกษาธิการ (ต.เลม็ด),ต่อท้ายชื่อแก้ชื่อซ้ำ (Name Suffix),เติม  (ต.เลม็ด) ต่อท้ายชื่อเพื่อป้องกันชื่อซ้ำในระดับเดียวกัน,โรงเรียนบ้านไทรงาม สพป.สุราษฎร์ธานี เขต 2 สำนักงานคณะกรรมการการศึกษาขั้นพื้นฐาน (สพฐ.) กระทรวงศึกษาธิการ,โรงเรียนบ้านไทรงาม สพป.สุราษฎร์ธานี เขต 2 สำนักงานคณะกรรมการการศึกษาขั้นพื้นฐาน (สพฐ.) กระทรวงศึกษาธิการ (ต.เลม็ด)
26289,โรงเรียนบ้านควนมหาชัย สพป.สุราษฎร์ธานี เขต 3 สำนักงานคณะกรรมการการศึกษาขั้นพื้นฐาน (สพฐ.) กระทรวงศึกษาธิการ,โรงเรียนบ้านควนมหาชัย สพป.สุราษฎร์ธานี เขต 3 สำนักงานคณะกรรมการการศึกษาขั้นพื้นฐาน (สพฐ.) กระทรวงศึกษาธิการ (ต.ควนศรี),ต่อท้ายชื่อแก้ชื่อซ้ำ (Name Suffix),เติม  (ต.ควนศรี) ต่อท้ายชื่อเพื่อป้องกันชื่อซ้ำในระดับเดียวกัน,โรงเรียนบ้านควนมหาชัย สพป.สุราษฎร์ธานี เขต 3 สำนักงานคณะกรรมการการศึกษาขั้นพื้นฐาน (สพฐ.) กระทรวงศึกษาธิการ,โรงเรียนบ้านควนมหาชัย สพป.สุราษฎร์ธานี เขต 3 สำนักงานคณะกรรมการการศึกษาขั้นพื้นฐาน (สพฐ.) กระทรวงศึกษาธิการ (ต.ควนศรี)
26298,โรงเรียนบ้านยูงงาม สพป.สุราษฎร์ธานี เขต 3 สำนักงานคณะกรรมการการศึกษาขั้นพื้นฐาน (สพฐ.) กระทรวงศึกษาธิการ,โรงเรียนบ้านยูงงาม สพป.สุราษฎร์ธานี เขต 3 สำนักงานคณะกรรมการการศึกษาขั้นพื้นฐาน (สพฐ.) กระทรวงศึกษาธิการ (ต.ท่าชี),ต่อท้ายชื่อแก้ชื่อซ้ำ (Name Suffix),เติม  (ต.ท่าชี) ต่อท้ายชื่อเพื่อป้องกันชื่อซ้ำในระดับเดียวกัน,โรงเรียนบ้านยูงงาม สพป.สุราษฎร์ธานี เขต 3 สำนักงานคณะกรรมการการศึกษาขั้นพื้นฐาน (สพฐ.) กระทรวงศึกษาธิการ,โรงเรียนบ้านยูงงาม สพป.สุราษฎร์ธานี เขต 3 สำนักงานคณะกรรมการการศึกษาขั้นพื้นฐาน (สพฐ.) กระทรวงศึกษาธิการ (ต.ท่าชี)
26315,โรงเรียนบ้านไสดง สพป.สุราษฎร์ธานี เขต 3 สำนักงานคณะกรรมการการศึกษาขั้นพื้นฐาน (สพฐ.) กระทรวงศึกษาธิการ,โรงเรียนบ้านไสดง สพป.สุราษฎร์ธานี เขต 3 สำนักงานคณะกรรมการการศึกษาขั้นพื้นฐาน (สพฐ.) กระทรวงศึกษาธิการ (ต.ทุ่งเตาใหม่),ต่อท้ายชื่อแก้ชื่อซ้ำ (Name Suffix),เติม  (ต.ทุ่งเตาใหม่) ต่อท้ายชื่อเพื่อป้องกันชื่อซ้ำในระดับเดียวกัน,โรงเรียนบ้านไสดง สพป.สุราษฎร์ธานี เขต 3 สำนักงานคณะกรรมการการศึกษาขั้นพื้นฐาน (สพฐ.) กระทรวงศึกษาธิการ,โรงเรียนบ้านไสดง สพป.สุราษฎร์ธานี เขต 3 สำนักงานคณะกรรมการการศึกษาขั้นพื้นฐาน (สพฐ.) กระทรวงศึกษาธิการ (ต.ทุ่งเตาใหม่)
26356,โรงเรียนบ้านไสดง สพป.สุราษฎร์ธานี เขต 3 สำนักงานคณะกรรมการการศึกษาขั้นพื้นฐาน (สพฐ.) กระทรวงศึกษาธิการ,โรงเรียนบ้านไสดง สพป.สุราษฎร์ธานี เขต 3 สำนักงานคณะกรรมการการศึกษาขั้นพื้นฐาน (สพฐ.) กระทรวงศึกษาธิการ (ต.ไทรขึง),ต่อท้ายชื่อแก้ชื่อซ้ำ (Name Suffix),เติม  (ต.ไทรขึง) ต่อท้ายชื่อเพื่อป้องกันชื่อซ้ำในระดับเดียวกัน,โรงเรียนบ้านไสดง สพป.สุราษฎร์ธานี เขต 3 สำนักงานคณะกรรมการการศึกษาขั้นพื้นฐาน (สพฐ.) กระทรวงศึกษาธิการ,โรงเรียนบ้านไสดง สพป.สุราษฎร์ธานี เขต 3 สำนักงานคณะกรรมการการศึกษาขั้นพื้นฐาน (สพฐ.) กระทรวงศึกษาธิการ (ต.ไทรขึง)
26368,โรงเรียนบ้านควนนิยม สพป.สุราษฎร์ธานี เขต 3 สำนักงานคณะกรรมการการศึกษาขั้นพื้นฐาน (สพฐ.) กระทรวงศึกษาธิการ,โรงเรียนบ้านควนนิยม สพป.สุราษฎร์ธานี เขต 3 สำนักงานคณะกรรมการการศึกษาขั้นพื้นฐาน (สพฐ.) กระทรวงศึกษาธิการ,ใช้พิกัดจุดศูนย์กลางตำบล (Subdistrict Center Fallback),เนื่องจากพิกัดเดิมว่างหรือผิดรูปแบบ จึงดึงพิกัดกึ่งกลางตำบลจาก DB มาใช้แทน,"8486075,99.230417","Lat: 8.519423199, Long: 99.24558692 (ต.สินปุน อ.พระแสง)"
26369,โรงเรียนบ้านควนมหาชัย สพป.สุราษฎร์ธานี เขต 3 สำนักงานคณะกรรมการการศึกษาขั้นพื้นฐาน (สพฐ.) กระทรวงศึกษาธิการ,โรงเรียนบ้านควนมหาชัย สพป.สุราษฎร์ธานี เขต 3 สำนักงานคณะกรรมการการศึกษาขั้นพื้นฐาน (สพฐ.) กระทรวงศึกษาธิการ (ต.สินปุน),ต่อท้ายชื่อแก้ชื่อซ้ำ (Name Suffix),เติม  (ต.สินปุน) ต่อท้ายชื่อเพื่อป้องกันชื่อซ้ำในระดับเดียวกัน,โรงเรียนบ้านควนมหาชัย สพป.สุราษฎร์ธานี เขต 3 สำนักงานคณะกรรมการการศึกษาขั้นพื้นฐาน (สพฐ.) กระทรวงศึกษาธิการ,โรงเรียนบ้านควนมหาชัย สพป.สุราษฎร์ธานี เขต 3 สำนักงานคณะกรรมการการศึกษาขั้นพื้นฐาน (สพฐ.) กระทรวงศึกษาธิการ (ต.สินปุน)
26411,โรงเรียนบ้านไทรงาม สพป.สุราษฎร์ธานี เขต 2 สำนักงานคณะกรรมการการศึกษาขั้นพื้นฐาน (สพฐ.) กระทรวงศึกษาธิการ,โรงเรียนบ้านไทรงาม สพป.สุราษฎร์ธานี เขต 2 สำนักงานคณะกรรมการการศึกษาขั้นพื้นฐาน (สพฐ.) กระทรวงศึกษาธิการ (ต.ท่าข้าม),ต่อท้ายชื่อแก้ชื่อซ้ำ (Name Suffix),เติม  (ต.ท่าข้าม) ต่อท้ายชื่อเพื่อป้องกันชื่อซ้ำในระดับเดียวกัน,โรงเรียนบ้านไทรงาม สพป.สุราษฎร์ธานี เขต 2 สำนักงานคณะกรรมการการศึกษาขั้นพื้นฐาน (สพฐ.) กระทรวงศึกษาธิการ,โรงเรียนบ้านไทรงาม สพป.สุราษฎร์ธานี เขต 2 สำนักงานคณะกรรมการการศึกษาขั้นพื้นฐาน (สพฐ.) กระทรวงศึกษาธิการ (ต.ท่าข้าม)
26419,โรงเรียนบ้านยูงงาม สพป.สุราษฎร์ธานี เขต 3 สำนักงานคณะกรรมการการศึกษาขั้นพื้นฐาน (สพฐ.) กระทรวงศึกษาธิการ,โรงเรียนบ้านยูงงาม สพป.สุราษฎร์ธานี เขต 3 สำนักงานคณะกรรมการการศึกษาขั้นพื้นฐาน (สพฐ.) กระทรวงศึกษาธิการ (ต.คลองฉนวน),ต่อท้ายชื่อแก้ชื่อซ้ำ (Name Suffix),เติม  (ต.คลองฉนวน) ต่อท้ายชื่อเพื่อป้องกันชื่อซ้ำในระดับเดียวกัน,โรงเรียนบ้านยูงงาม สพป.สุราษฎร์ธานี เขต 3 สำนักงานคณะกรรมการการศึกษาขั้นพื้นฐาน (สพฐ.) กระทรวงศึกษาธิการ,โรงเรียนบ้านยูงงาม สพป.สุราษฎร์ธานี เขต 3 สำนักงานคณะกรรมการการศึกษาขั้นพื้นฐาน (สพฐ.) กระทรวงศึกษาธิการ (ต.คลองฉนวน)
26775,โรงเรียนบ้านหนองปลา สพป.ชุมพร เขต 2 สำนักงานคณะกรรมการการศึกษาขั้นพื้นฐาน (สพฐ.) กระทรวงศึกษาธิการ,โรงเรียนบ้านหนองปลา สพป.ชุมพร เขต 2 สำนักงานคณะกรรมการการศึกษาขั้นพื้นฐาน (สพฐ.) กระทรวงศึกษาธิการ (ต.ท่าหิน),ต่อท้ายชื่อแก้ชื่อซ้ำ (Name Suffix),เติม  (ต.ท่าหิน) ต่อท้ายชื่อเพื่อป้องกันชื่อซ้ำในระดับเดียวกัน,โรงเรียนบ้านหนองปลา สพป.ชุมพร เขต 2 สำนักงานคณะกรรมการการศึกษาขั้นพื้นฐาน (สพฐ.) กระทรวงศึกษาธิการ,โรงเรียนบ้านหนองปลา สพป.ชุมพร เขต 2 สำนักงานคณะกรรมการการศึกษาขั้นพื้นฐาน (สพฐ.) กระทรวงศึกษาธิการ (ต.ท่าหิน)
26813,โรงเรียนบ้านหนองปลา สพป.ชุมพร เขต 2 สำนักงานคณะกรรมการการศึกษาขั้นพื้นฐาน (สพฐ.) กระทรวงศึกษาธิการ,โรงเรียนบ้านหนองปลา สพป.ชุมพร เขต 2 สำนักงานคณะกรรมการการศึกษาขั้นพื้นฐาน (สพฐ.) กระทรวงศึกษาธิการ (ต.นาขา),ต่อท้ายชื่อแก้ชื่อซ้ำ (Name Suffix),เติม  (ต.นาขา) ต่อท้ายชื่อเพื่อป้องกันชื่อซ้ำในระดับเดียวกัน,โรงเรียนบ้านหนองปลา สพป.ชุมพร เขต 2 สำนักงานคณะกรรมการการศึกษาขั้นพื้นฐาน (สพฐ.) กระทรวงศึกษาธิการ,โรงเรียนบ้านหนองปลา สพป.ชุมพร เขต 2 สำนักงานคณะกรรมการการศึกษาขั้นพื้นฐาน (สพฐ.) กระทรวงศึกษาธิการ (ต.นาขา)
27044,โรงเรียนบ้านใหม่ สพป.สงขลา เขต 3 สำนักงานคณะกรรมการการศึกษาขั้นพื้นฐาน (สพฐ.) กระทรวงศึกษาธิการ,โรงเรียนบ้านใหม่ สพป.สงขลา เขต 3 สำนักงานคณะกรรมการการศึกษาขั้นพื้นฐาน (สพฐ.) กระทรวงศึกษาธิการ (ต.ท่าม่วง),ต่อท้ายชื่อแก้ชื่อซ้ำ (Name Suffix),เติม  (ต.ท่าม่วง) ต่อท้ายชื่อเพื่อป้องกันชื่อซ้ำในระดับเดียวกัน,โรงเรียนบ้านใหม่ สพป.สงขลา เขต 3 สำนักงานคณะกรรมการการศึกษาขั้นพื้นฐาน (สพฐ.) กระทรวงศึกษาธิการ,โรงเรียนบ้านใหม่ สพป.สงขลา เขต 3 สำนักงานคณะกรรมการการศึกษาขั้นพื้นฐาน (สพฐ.) กระทรวงศึกษาธิการ (ต.ท่าม่วง)
27045,โรงเรียนบ้านควนหรัน สพป.สงขลา เขต 3 สำนักงานคณะกรรมการการศึกษาขั้นพื้นฐาน (สพฐ.) กระทรวงศึกษาธิการ,โรงเรียนบ้านควนหรัน สพป.สงขลา เขต 3 สำนักงานคณะกรรมการการศึกษาขั้นพื้นฐาน (สพฐ.) กระทรวงศึกษาธิการ (ต.ท่าม่วง),ต่อท้ายชื่อแก้ชื่อซ้ำ (Name Suffix),เติม  (ต.ท่าม่วง) ต่อท้ายชื่อเพื่อป้องกันชื่อซ้ำในระดับเดียวกัน,โรงเรียนบ้านควนหรัน สพป.สงขลา เขต 3 สำนักงานคณะกรรมการการศึกษาขั้นพื้นฐาน (สพฐ.) กระทรวงศึกษาธิการ,โรงเรียนบ้านควนหรัน สพป.สงขลา เขต 3 สำนักงานคณะกรรมการการศึกษาขั้นพื้นฐาน (สพฐ.) กระทรวงศึกษาธิการ (ต.ท่าม่วง)
27104,โรงเรียนบ้านคลองแงะ สพป.สงขลา เขต 3 สำนักงานคณะกรรมการการศึกษาขั้นพื้นฐาน (สพฐ.) กระทรวงศึกษาธิการ,โรงเรียนบ้านคลองแงะ สพป.สงขลา เขต 3 สำนักงานคณะกรรมการการศึกษาขั้นพื้นฐาน (สพฐ.) กระทรวงศึกษาธิการ (ต.น้ำขาว),ต่อท้ายชื่อแก้ชื่อซ้ำ (Name Suffix),เติม  (ต.น้ำขาว) ต่อท้ายชื่อเพื่อป้องกันชื่อซ้ำในระดับเดียวกัน,โรงเรียนบ้านคลองแงะ สพป.สงขลา เขต 3 สำนักงานคณะกรรมการการศึกษาขั้นพื้นฐาน (สพฐ.) กระทรวงศึกษาธิการ,โรงเรียนบ้านคลองแงะ สพป.สงขลา เขต 3 สำนักงานคณะกรรมการการศึกษาขั้นพื้นฐาน (สพฐ.) กระทรวงศึกษาธิการ (ต.น้ำขาว)
27146,โรงเรียนบ้านเก่า สพป.สงขลา เขต 3 สำนักงานคณะกรรมการการศึกษาขั้นพื้นฐาน (สพฐ.) กระทรวงศึกษาธิการ,โรงเรียนบ้านเก่า สพป.สงขลา เขต 3 สำนักงานคณะกรรมการการศึกษาขั้นพื้นฐาน (สพฐ.) กระทรวงศึกษาธิการ (ต.คลองกวาง),ต่อท้ายชื่อแก้ชื่อซ้ำ (Name Suffix),เติม  (ต.คลองกวาง) ต่อท้ายชื่อเพื่อป้องกันชื่อซ้ำในระดับเดียวกัน,โรงเรียนบ้านเก่า สพป.สงขลา เขต 3 สำนักงานคณะกรรมการการศึกษาขั้นพื้นฐาน (สพฐ.) กระทรวงศึกษาธิการ,โรงเรียนบ้านเก่า สพป.สงขลา เขต 3 สำนักงานคณะกรรมการการศึกษาขั้นพื้นฐาน (สพฐ.) กระทรวงศึกษาธิการ (ต.คลองกวาง)
27161,โรงเรียนบ้านควนหรัน สพป.สงขลา เขต 3 สำนักงานคณะกรรมการการศึกษาขั้นพื้นฐาน (สพฐ.) กระทรวงศึกษาธิการ,โรงเรียนบ้านควนหรัน สพป.สงขลา เขต 3 สำนักงานคณะกรรมการการศึกษาขั้นพื้นฐาน (สพฐ.) กระทรวงศึกษาธิการ (ต.เปียน),ต่อท้ายชื่อแก้ชื่อซ้ำ (Name Suffix),เติม  (ต.เปียน) ต่อท้ายชื่อเพื่อป้องกันชื่อซ้ำในระดับเดียวกัน,โรงเรียนบ้านควนหรัน สพป.สงขลา เขต 3 สำนักงานคณะกรรมการการศึกษาขั้นพื้นฐาน (สพฐ.) กระทรวงศึกษาธิการ,โรงเรียนบ้านควนหรัน สพป.สงขลา เขต 3 สำนักงานคณะกรรมการการศึกษาขั้นพื้นฐาน (สพฐ.) กระทรวงศึกษาธิการ (ต.เปียน)
27162,โรงเรียนบ้านเก่า สพป.สงขลา เขต 3 สำนักงานคณะกรรมการการศึกษาขั้นพื้นฐาน (สพฐ.) กระทรวงศึกษาธิการ,โรงเรียนบ้านเก่า สพป.สงขลา เขต 3 สำนักงานคณะกรรมการการศึกษาขั้นพื้นฐาน (สพฐ.) กระทรวงศึกษาธิการ (ต.เปียน),ต่อท้ายชื่อแก้ชื่อซ้ำ (Name Suffix),เติม  (ต.เปียน) ต่อท้ายชื่อเพื่อป้องกันชื่อซ้ำในระดับเดียวกัน,โรงเรียนบ้านเก่า สพป.สงขลา เขต 3 สำนักงานคณะกรรมการการศึกษาขั้นพื้นฐาน (สพฐ.) กระทรวงศึกษาธิการ,โรงเรียนบ้านเก่า สพป.สงขลา เขต 3 สำนักงานคณะกรรมการการศึกษาขั้นพื้นฐาน (สพฐ.) กระทรวงศึกษาธิการ (ต.เปียน)
27201,โรงเรียนบ้านคลองแงะ สพป.สงขลา เขต 3 สำนักงานคณะกรรมการการศึกษาขั้นพื้นฐาน (สพฐ.) กระทรวงศึกษาธิการ,โรงเรียนบ้านคลองแงะ สพป.สงขลา เขต 3 สำนักงานคณะกรรมการการศึกษาขั้นพื้นฐาน (สพฐ.) กระทรวงศึกษาธิการ (ต.พังลา),ต่อท้ายชื่อแก้ชื่อซ้ำ (Name Suffix),เติม  (ต.พังลา) ต่อท้ายชื่อเพื่อป้องกันชื่อซ้ำในระดับเดียวกัน,โรงเรียนบ้านคลองแงะ สพป.สงขลา เขต 3 สำนักงานคณะกรรมการการศึกษาขั้นพื้นฐาน (สพฐ.) กระทรวงศึกษาธิการ,โรงเรียนบ้านคลองแงะ สพป.สงขลา เขต 3 สำนักงานคณะกรรมการการศึกษาขั้นพื้นฐาน (สพฐ.) กระทรวงศึกษาธิการ (ต.พังลา)
27223,โรงเรียนบ้านใหม่ สพป.สงขลา เขต 3 สำนักงานคณะกรรมการการศึกษาขั้นพื้นฐาน (สพฐ.) กระทรวงศึกษาธิการ,โรงเรียนบ้านใหม่ สพป.สงขลา เขต 3 สำนักงานคณะกรรมการการศึกษาขั้นพื้นฐาน (สพฐ.) กระทรวงศึกษาธิการ (ต.ปริก),ต่อท้ายชื่อแก้ชื่อซ้ำ (Name Suffix),เติม  (ต.ปริก) ต่อท้ายชื่อเพื่อป้องกันชื่อซ้ำในระดับเดียวกัน,โรงเรียนบ้านใหม่ สพป.สงขลา เขต 3 สำนักงานคณะกรรมการการศึกษาขั้นพื้นฐาน (สพฐ.) กระทรวงศึกษาธิการ,โรงเรียนบ้านใหม่ สพป.สงขลา เขต 3 สำนักงานคณะกรรมการการศึกษาขั้นพื้นฐาน (สพฐ.) กระทรวงศึกษาธิการ (ต.ปริก)
27246,โรงเรียนบ้านยางงาม สพป.สงขลา เขต 2 สำนักงานคณะกรรมการการศึกษาขั้นพื้นฐาน (สพฐ.) กระทรวงศึกษาธิการ,โรงเรียนบ้านยางงาม สพป.สงขลา เขต 2 สำนักงานคณะกรรมการการศึกษาขั้นพื้นฐาน (สพฐ.) กระทรวงศึกษาธิการ (ต.รัตภูมิ),ต่อท้ายชื่อแก้ชื่อซ้ำ (Name Suffix),เติม  (ต.รัตภูมิ) ต่อท้ายชื่อเพื่อป้องกันชื่อซ้ำในระดับเดียวกัน,โรงเรียนบ้านยางงาม สพป.สงขลา เขต 2 สำนักงานคณะกรรมการการศึกษาขั้นพื้นฐาน (สพฐ.) กระทรวงศึกษาธิการ,โรงเรียนบ้านยางงาม สพป.สงขลา เขต 2 สำนักงานคณะกรรมการการศึกษาขั้นพื้นฐาน (สพฐ.) กระทรวงศึกษาธิการ (ต.รัตภูมิ)
27274,โรงเรียนบ้านยางงาม สพป.สงขลา เขต 2 สำนักงานคณะกรรมการการศึกษาขั้นพื้นฐาน (สพฐ.) กระทรวงศึกษาธิการ,โรงเรียนบ้านยางงาม สพป.สงขลา เขต 2 สำนักงานคณะกรรมการการศึกษาขั้นพื้นฐาน (สพฐ.) กระทรวงศึกษาธิการ (ต.ท่าช้าง),ต่อท้ายชื่อแก้ชื่อซ้ำ (Name Suffix),เติม  (ต.ท่าช้าง) ต่อท้ายชื่อเพื่อป้องกันชื่อซ้ำในระดับเดียวกัน,โรงเรียนบ้านยางงาม สพป.สงขลา เขต 2 สำนักงานคณะกรรมการการศึกษาขั้นพื้นฐาน (สพฐ.) กระทรวงศึกษาธิการ,โรงเรียนบ้านยางงาม สพป.สงขลา เขต 2 สำนักงานคณะกรรมการการศึกษาขั้นพื้นฐาน (สพฐ.) กระทรวงศึกษาธิการ (ต.ท่าช้าง)
27562,โรงเรียนบ้านทุ่งนา สพป.ตรัง เขต 1 สำนักงานคณะกรรมการการศึกษาขั้นพื้นฐาน (สพฐ.) กระทรวงศึกษาธิการ,โรงเรียนบ้านทุ่งนา สพป.ตรัง เขต 1 สำนักงานคณะกรรมการการศึกษาขั้นพื้นฐาน (สพฐ.) กระทรวงศึกษาธิการ (ต.น้ำผุด),ต่อท้ายชื่อแก้ชื่อซ้ำ (Name Suffix),เติม  (ต.น้ำผุด) ต่อท้ายชื่อเพื่อป้องกันชื่อซ้ำในระดับเดียวกัน,โรงเรียนบ้านทุ่งนา สพป.ตรัง เขต 1 สำนักงานคณะกรรมการการศึกษาขั้นพื้นฐาน (สพฐ.) กระทรวงศึกษาธิการ,โรงเรียนบ้านทุ่งนา สพป.ตรัง เขต 1 สำนักงานคณะกรรมการการศึกษาขั้นพื้นฐาน (สพฐ.) กระทรวงศึกษาธิการ (ต.น้ำผุด)
27581,โรงเรียนบ้านไร่ใหญ่ สพป.ตรัง เขต 2 สำนักงานคณะกรรมการการศึกษาขั้นพื้นฐาน (สพฐ.) กระทรวงศึกษาธิการ,โรงเรียนบ้านไร่ใหญ่ สพป.ตรัง เขต 2 สำนักงานคณะกรรมการการศึกษาขั้นพื้นฐาน (สพฐ.) กระทรวงศึกษาธิการ (ต.บางหมาก),ต่อท้ายชื่อแก้ชื่อซ้ำ (Name Suffix),เติม  (ต.บางหมาก) ต่อท้ายชื่อเพื่อป้องกันชื่อซ้ำในระดับเดียวกัน,โรงเรียนบ้านไร่ใหญ่ สพป.ตรัง เขต 2 สำนักงานคณะกรรมการการศึกษาขั้นพื้นฐาน (สพฐ.) กระทรวงศึกษาธิการ,โรงเรียนบ้านไร่ใหญ่ สพป.ตรัง เขต 2 สำนักงานคณะกรรมการการศึกษาขั้นพื้นฐาน (สพฐ.) กระทรวงศึกษาธิการ (ต.บางหมาก)
27725,โรงเรียนบ้านทุ่งนา สพป.ตรัง เขต 1 สำนักงานคณะกรรมการการศึกษาขั้นพื้นฐาน (สพฐ.) กระทรวงศึกษาธิการ,โรงเรียนบ้านทุ่งนา สพป.ตรัง เขต 1 สำนักงานคณะกรรมการการศึกษาขั้นพื้นฐาน (สพฐ.) กระทรวงศึกษาธิการ (ต.เกาะเปียะ),ต่อท้ายชื่อแก้ชื่อซ้ำ (Name Suffix),เติม  (ต.เกาะเปียะ) ต่อท้ายชื่อเพื่อป้องกันชื่อซ้ำในระดับเดียวกัน,โรงเรียนบ้านทุ่งนา สพป.ตรัง เขต 1 สำนักงานคณะกรรมการการศึกษาขั้นพื้นฐาน (สพฐ.) กระทรวงศึกษาธิการ,โรงเรียนบ้านทุ่งนา สพป.ตรัง เขต 1 สำนักงานคณะกรรมการการศึกษาขั้นพื้นฐาน (สพฐ.) กระทรวงศึกษาธิการ (ต.เกาะเปียะ)
27779,โรงเรียนบ้านไร่ใหญ่ สพป.ตรัง เขต 2 สำนักงานคณะกรรมการการศึกษาขั้นพื้นฐาน (สพฐ.) กระทรวงศึกษาธิการ,โรงเรียนบ้านไร่ใหญ่ สพป.ตรัง เขต 2 สำนักงานคณะกรรมการการศึกษาขั้นพื้นฐาน (สพฐ.) กระทรวงศึกษาธิการ (ต.ควนเมา),ต่อท้ายชื่อแก้ชื่อซ้ำ (Name Suffix),เติม  (ต.ควนเมา) ต่อท้ายชื่อเพื่อป้องกันชื่อซ้ำในระดับเดียวกัน,โรงเรียนบ้านไร่ใหญ่ สพป.ตรัง เขต 2 สำนักงานคณะกรรมการการศึกษาขั้นพื้นฐาน (สพฐ.) กระทรวงศึกษาธิการ,โรงเรียนบ้านไร่ใหญ่ สพป.ตรัง เขต 2 สำนักงานคณะกรรมการการศึกษาขั้นพื้นฐาน (สพฐ.) กระทรวงศึกษาธิการ (ต.ควนเมา)
28121,โรงเรียนบ้านท่าคลอง สพป.ปัตตานี เขต 2 สำนักงานคณะกรรมการการศึกษาขั้นพื้นฐาน (สพฐ.) กระทรวงศึกษาธิการ,โรงเรียนบ้านท่าคลอง สพป.ปัตตานี เขต 2 สำนักงานคณะกรรมการการศึกษาขั้นพื้นฐาน (สพฐ.) กระทรวงศึกษาธิการ,ใช้พิกัดจุดศูนย์กลางตำบล (Subdistrict Center Fallback),เนื่องจากพิกัดเดิมว่างหรือผิดรูปแบบ จึงดึงพิกัดกึ่งกลางตำบลจาก DB มาใช้แทน,7.27555742428E11,"Lat: 6.737007684, Long: 101.0567965 (ต.โคกโพธิ์ อ.โคกโพธิ์)"
28128,โรงเรียนบ้านคลองช้าง สพป.ปัตตานี เขต 2 สำนักงานคณะกรรมการการศึกษาขั้นพื้นฐาน (สพฐ.) กระทรวงศึกษาธิการ,โรงเรียนบ้านคลองช้าง สพป.ปัตตานี เขต 2 สำนักงานคณะกรรมการการศึกษาขั้นพื้นฐาน (สพฐ.) กระทรวงศึกษาธิการ (ต.นาเกตุ),ต่อท้ายชื่อแก้ชื่อซ้ำ (Name Suffix),เติม  (ต.นาเกตุ) ต่อท้ายชื่อเพื่อป้องกันชื่อซ้ำในระดับเดียวกัน,โรงเรียนบ้านคลองช้าง สพป.ปัตตานี เขต 2 สำนักงานคณะกรรมการการศึกษาขั้นพื้นฐาน (สพฐ.) กระทรวงศึกษาธิการ,โรงเรียนบ้านคลองช้าง สพป.ปัตตานี เขต 2 สำนักงานคณะกรรมการการศึกษาขั้นพื้นฐาน (สพฐ.) กระทรวงศึกษาธิการ (ต.นาเกตุ)
28206,โรงเรียนบ้านคลองช้าง สพป.ปัตตานี เขต 2 สำนักงานคณะกรรมการการศึกษาขั้นพื้นฐาน (สพฐ.) กระทรวงศึกษาธิการ,โรงเรียนบ้านคลองช้าง สพป.ปัตตานี เขต 2 สำนักงานคณะกรรมการการศึกษาขั้นพื้นฐาน (สพฐ.) กระทรวงศึกษาธิการ (ต.เกาะจัน),ต่อท้ายชื่อแก้ชื่อซ้ำ (Name Suffix),เติม  (ต.เกาะจัน) ต่อท้ายชื่อเพื่อป้องกันชื่อซ้ำในระดับเดียวกัน,โรงเรียนบ้านคลองช้าง สพป.ปัตตานี เขต 2 สำนักงานคณะกรรมการการศึกษาขั้นพื้นฐาน (สพฐ.) กระทรวงศึกษาธิการ,โรงเรียนบ้านคลองช้าง สพป.ปัตตานี เขต 2 สำนักงานคณะกรรมการการศึกษาขั้นพื้นฐาน (สพฐ.) กระทรวงศึกษาธิการ (ต.เกาะจัน)
28505,โรงเรียนนิคมสร้างตนเองพัฒนาภาคใต้ 6 สพป.ยะลา เขต 2 สำนักงานคณะกรรมการการศึกษาขั้นพื้นฐาน (สพฐ.) กระทรวงศึกษาธิการ,โรงเรียนนิคมสร้างตนเองพัฒนาภาคใต้ 6 สพป.ยะลา เขต 2 สำนักงานคณะกรรมการการศึกษาขั้นพื้นฐาน (สพฐ.) กระทรวงศึกษาธิการ,ใช้พิกัดจุดศูนย์กลางตำบล (Subdistrict Center Fallback),เนื่องจากพิกัดเดิมว่างหรือผิดรูปแบบ จึงดึงพิกัดกึ่งกลางตำบลจาก DB มาใช้แทน,"66.241701,101.370996","Lat: 6.282035426, Long: 101.3517745 (ต.ตลิ่งชัน อ.บันนังสตา)"
28765,โรงเรียนบ้านกูยิ สพป.นราธิวาส เขต 1 สำนักงานคณะกรรมการการศึกษาขั้นพื้นฐาน (สพฐ.) กระทรวงศึกษาธิการ,โรงเรียนบ้านกูยิ สพป.นราธิวาส เขต 1 สำนักงานคณะกรรมการการศึกษาขั้นพื้นฐาน (สพฐ.) กระทรวงศึกษาธิการ (ต.ตะปอเยาะ),ต่อท้ายชื่อแก้ชื่อซ้ำ (Name Suffix),เติม  (ต.ตะปอเยาะ) ต่อท้ายชื่อเพื่อป้องกันชื่อซ้ำในระดับเดียวกัน,โรงเรียนบ้านกูยิ สพป.นราธิวาส เขต 1 สำนักงานคณะกรรมการการศึกษาขั้นพื้นฐาน (สพฐ.) กระทรวงศึกษาธิการ,โรงเรียนบ้านกูยิ สพป.นราธิวาส เขต 1 สำนักงานคณะกรรมการการศึกษาขั้นพื้นฐาน (สพฐ.) กระทรวงศึกษาธิการ (ต.ตะปอเยาะ)
28832,โรงเรียนบ้านกูยิ สพป.นราธิวาส เขต 1 สำนักงานคณะกรรมการการศึกษาขั้นพื้นฐาน (สพฐ.) กระทรวงศึกษาธิการ,โรงเรียนบ้านกูยิ สพป.นราธิวาส เขต 1 สำนักงานคณะกรรมการการศึกษาขั้นพื้นฐาน (สพฐ.) กระทรวงศึกษาธิการ (ต.ลาโละ),ต่อท้ายชื่อแก้ชื่อซ้ำ (Name Suffix),เติม  (ต.ลาโละ) ต่อท้ายชื่อเพื่อป้องกันชื่อซ้ำในระดับเดียวกัน,โรงเรียนบ้านกูยิ สพป.นราธิวาส เขต 1 สำนักงานคณะกรรมการการศึกษาขั้นพื้นฐาน (สพฐ.) กระทรวงศึกษาธิการ,โรงเรียนบ้านกูยิ สพป.นราธิวาส เขต 1 สำนักงานคณะกรรมการการศึกษาขั้นพื้นฐาน (สพฐ.) กระทรวงศึกษาธิการ (ต.ลาโละ)
28865,โรงเรียนบ้านกูวา สพป.นราธิวาส เขต 2 สำนักงานคณะกรรมการการศึกษาขั้นพื้นฐาน (สพฐ.) กระทรวงศึกษาธิการ,โรงเรียนบ้านกูวา สพป.นราธิวาส เขต 2 สำนักงานคณะกรรมการการศึกษาขั้นพื้นฐาน (สพฐ.) กระทรวงศึกษาธิการ (ต.แว้ง),ต่อท้ายชื่อแก้ชื่อซ้ำ (Name Suffix),เติม  (ต.แว้ง) ต่อท้ายชื่อเพื่อป้องกันชื่อซ้ำในระดับเดียวกัน,โรงเรียนบ้านกูวา สพป.นราธิวาส เขต 2 สำนักงานคณะกรรมการการศึกษาขั้นพื้นฐาน (สพฐ.) กระทรวงศึกษาธิการ,โรงเรียนบ้านกูวา สพป.นราธิวาส เขต 2 สำนักงานคณะกรรมการการศึกษาขั้นพื้นฐาน (สพฐ.) กระทรวงศึกษาธิการ (ต.แว้ง)
28918,โรงเรียนบ้านกูวา สพป.นราธิวาส เขต 2 สำนักงานคณะกรรมการการศึกษาขั้นพื้นฐาน (สพฐ.) กระทรวงศึกษาธิการ,โรงเรียนบ้านกูวา สพป.นราธิวาส เขต 2 สำนักงานคณะกรรมการการศึกษาขั้นพื้นฐาน (สพฐ.) กระทรวงศึกษาธิการ (ต.ริโก๋),ต่อท้ายชื่อแก้ชื่อซ้ำ (Name Suffix),เติม  (ต.ริโก๋) ต่อท้ายชื่อเพื่อป้องกันชื่อซ้ำในระดับเดียวกัน,โรงเรียนบ้านกูวา สพป.นราธิวาส เขต 2 สำนักงานคณะกรรมการการศึกษาขั้นพื้นฐาน (สพฐ.) กระทรวงศึกษาธิการ,โรงเรียนบ้านกูวา สพป.นราธิวาส เขต 2 สำนักงานคณะกรรมการการศึกษาขั้นพื้นฐาน (สพฐ.) กระทรวงศึกษาธิการ (ต.ริโก๋)
29362,วิทยาลัยเทคนิคเลิงนกทา ยโสธร สำนักงานคณะกรรมการการอาชีวศึกษา (สอศ.) กระทรวงศึกษาธิการ,วิทยาลัยเทคนิคเลิงนกทา ยโสธร สำนักงานคณะกรรมการการอาชีวศึกษา (สอศ.) กระทรวงศึกษาธิการ,ใช้พิกัดจุดศูนย์กลางตำบล (Subdistrict Center Fallback),เนื่องจากพิกัดเดิมว่างหรือผิดรูปแบบ จึงดึงพิกัดกึ่งกลางตำบลจาก DB มาใช้แทน,"104.515212,16.187887","Lat: 16.16236363, Long: 104.5158201 (ต.สวาท อ.เลิงนกทา)"
29367,วิทยาลัยเกษตรและเทคโนโลยีชัยภูมิ ชัยภูมิ สำนักงานคณะกรรมการการอาชีวศึกษา (สอศ.) กระทรวงศึกษาธิการ,วิทยาลัยเกษตรและเทคโนโลยีชัยภูมิ ชัยภูมิ สำนักงานคณะกรรมการการอาชีวศึกษา (สอศ.) กระทรวงศึกษาธิการ,ใช้พิกัดจุดศูนย์กลางตำบล (Subdistrict Center Fallback),เนื่องจากพิกัดเดิมว่างหรือผิดรูปแบบ จึงดึงพิกัดกึ่งกลางตำบลจาก DB มาใช้แทน,"102.041874,15.82281","Lat: 15.80723316, Long: 102.0353683 (ต.ในเมือง อ.เมืองชัยภูมิ)"
29449,วิทยาลัยเทคนิคกาญจนาภิเษกอุดรธานี อุดรธานี สำนักงานคณะกรรมการการอาชีวศึกษา (สอศ.) กระทรวงศึกษาธิการ,วิทยาลัยเทคนิคกาญจนาภิเษกอุดรธานี อุดรธานี สำนักงานคณะกรรมการการอาชีวศึกษา (สอศ.) กระทรวงศึกษาธิการ,ใช้พิกัดจุดศูนย์กลางตำบล (Subdistrict Center Fallback),เนื่องจากพิกัดเดิมว่างหรือผิดรูปแบบ จึงดึงพิกัดกึ่งกลางตำบลจาก DB มาใช้แทน,"102.887049,17.259105","Lat: 17.25623081, Long: 102.8925173 (ต.หนองไผ่ อ.เมืองอุดรธานี)"
29551,วิทยาลัยเทคโนโลยีเอ็น-เทคบริหารธุรกิจ สกลนคร สำนักงานคณะกรรมการการอาชีวศึกษา (สอศ.) กระทรวงศึกษาธิการ,วิทยาลัยเทคโนโลยีเอ็น-เทคบริหารธุรกิจ สกลนคร สำนักงานคณะกรรมการการอาชีวศึกษา (สอศ.) กระทรวงศึกษาธิการ,ใช้พิกัดจุดศูนย์กลางตำบล (Subdistrict Center Fallback),เนื่องจากพิกัดเดิมว่างหรือผิดรูปแบบ จึงดึงพิกัดกึ่งกลางตำบลจาก DB มาใช้แทน,"17.60352787257817,17.603527872578171","Lat: 17.58840672, Long: 103.7413004 (ต.คอนสวรรค์ อ.วานรนิวาส)"
29799,วิทยาลัยเกษตรและเทคโนโลยีพังงา พังงา สำนักงานคณะกรรมการการอาชีวศึกษา (สอศ.) กระทรวงศึกษาธิการ,วิทยาลัยเกษตรและเทคโนโลยีพังงา พังงา สำนักงานคณะกรรมการการอาชีวศึกษา (สอศ.) กระทรวงศึกษาธิการ,ใช้พิกัดจุดศูนย์กลางตำบล (Subdistrict Center Fallback),เนื่องจากพิกัดเดิมว่างหรือผิดรูปแบบ จึงดึงพิกัดกึ่งกลางตำบลจาก DB มาใช้แทน,"8.24469,982542.13","Lat: 8.4012915, Long: 98.40934009 (ต.ถ้ำ อ.ตะกั่วทุ่ง)"
29813,วิทยาลัยเทคนิคกาญจนดิษฐ์ สุราษฎร์ธานี สำนักงานคณะกรรมการการอาชีวศึกษา (สอศ.) กระทรวงศึกษาธิการ,วิทยาลัยเทคนิคกาญจนดิษฐ์ สุราษฎร์ธานี สำนักงานคณะกรรมการการอาชีวศึกษา (สอศ.) กระทรวงศึกษาธิการ,ใช้พิกัดจุดศูนย์กลางตำบล (Subdistrict Center Fallback),เนื่องจากพิกัดเดิมว่างหรือผิดรูปแบบ จึงดึงพิกัดกึ่งกลางตำบลจาก DB มาใช้แทน,"561531.443,1011654.24","Lat: 9.184954683, Long: 99.51417021 (ต.พลายวาส อ.กาญจนดิษฐ์)"
29945,โรงเรียนอนุบาลเด็กสากล กรุงเทพมหานคร สำนักงานคณะกรรมการส่งเสริมการศึกษาเอกชน (สช.) กระทรวงศึกษาธิการ,โรงเรียนอนุบาลเด็กสากล กรุงเทพมหานคร สำนักงานคณะกรรมการส่งเสริมการศึกษาเอกชน (สช.) กระทรวงศึกษาธิการ,ใช้พิกัดจุดศูนย์กลางตำบล (Subdistrict Center Fallback),เนื่องจากพิกัดเดิมว่างหรือผิดรูปแบบ จึงดึงพิกัดกึ่งกลางตำบลจาก DB มาใช้แทน,ค่าว่าง (ไม่มีพิกัด),"Lat: 13.75512249, Long: 100.6437997 (ต.หัวหมาก อ.บางกะปิ)"
30097,โรงเรียนบางอ้อศึกษา กรุงเทพมหานคร สำนักงานคณะกรรมการส่งเสริมการศึกษาเอกชน (สช.) กระทรวงศึกษาธิการ,โรงเรียนบางอ้อศึกษา กรุงเทพมหานคร สำนักงานคณะกรรมการส่งเสริมการศึกษาเอกชน (สช.) กระทรวงศึกษาธิการ,ใช้พิกัดจุดศูนย์กลางตำบล (Subdistrict Center Fallback),เนื่องจากพิกัดเดิมว่างหรือผิดรูปแบบ จึงดึงพิกัดกึ่งกลางตำบลจาก DB มาใช้แทน,ค่าว่าง (ไม่มีพิกัด),"Lat: 13.80020967, Long: 100.5085883 (ต.บางอ้อ อ.บางพลัด)"
30421,โรงเรียนอนุบาลผลิตปัญญา กรุงเทพมหานคร สำนักงานคณะกรรมการส่งเสริมการศึกษาเอกชน (สช.) กระทรวงศึกษาธิการ,โรงเรียนอนุบาลผลิตปัญญา กรุงเทพมหานคร สำนักงานคณะกรรมการส่งเสริมการศึกษาเอกชน (สช.) กระทรวงศึกษาธิการ,ใช้พิกัดจุดศูนย์กลางตำบล (Subdistrict Center Fallback),เนื่องจากพิกัดเดิมว่างหรือผิดรูปแบบ จึงดึงพิกัดกึ่งกลางตำบลจาก DB มาใช้แทน,ค่าว่าง (ไม่มีพิกัด),"Lat: 13.8193193, Long: 100.5811365 (ต.จันทรเกษม อ.จตุจักร)"
30422,โรงเรียนอรุณลดา กรุงเทพมหานคร สำนักงานคณะกรรมการส่งเสริมการศึกษาเอกชน (สช.) กระทรวงศึกษาธิการ,โรงเรียนอรุณลดา กรุงเทพมหานคร สำนักงานคณะกรรมการส่งเสริมการศึกษาเอกชน (สช.) กระทรวงศึกษาธิการ,ใช้พิกัดจุดศูนย์กลางตำบล (Subdistrict Center Fallback),เนื่องจากพิกัดเดิมว่างหรือผิดรูปแบบ จึงดึงพิกัดกึ่งกลางตำบลจาก DB มาใช้แทน,ค่าว่าง (ไม่มีพิกัด),"Lat: 13.61730374, Long: 100.4974243 (ต.ทุ่งครุ อ.ทุ่งครุ)"
30527,โรงเรียนอนุบาลนานาชาติต้าตี้-ไทย ศรีนครินทร์ กรุงเทพมหานคร สำนักงานคณะกรรมการส่งเสริมการศึกษาเอกชน (สช.) กระทรวงศึกษาธิการ,โรงเรียนอนุบาลนานาชาติต้าตี้-ไทย ศรีนครินทร์ กรุงเทพมหานคร สำนักงานคณะกรรมการส่งเสริมการศึกษาเอกชน (สช.) กระทรวงศึกษาธิการ,ใช้พิกัดจุดศูนย์กลางตำบล (Subdistrict Center Fallback),เนื่องจากพิกัดเดิมว่างหรือผิดรูปแบบ จึงดึงพิกัดกึ่งกลางตำบลจาก DB มาใช้แทน,ค่าว่าง (ไม่มีพิกัด),"Lat: 13.68686917, Long: 100.6558218 (ต.หนองบอน อ.ประเวศ)"
30529,โรงเรียนนานาชาติจีน กรุงเทพมหานคร สำนักงานคณะกรรมการส่งเสริมการศึกษาเอกชน (สช.) กระทรวงศึกษาธิการ,โรงเรียนนานาชาติจีน กรุงเทพมหานคร สำนักงานคณะกรรมการส่งเสริมการศึกษาเอกชน (สช.) กระทรวงศึกษาธิการ,ใช้พิกัดจุดศูนย์กลางตำบล (Subdistrict Center Fallback),เนื่องจากพิกัดเดิมว่างหรือผิดรูปแบบ จึงดึงพิกัดกึ่งกลางตำบลจาก DB มาใช้แทน,ค่าว่าง (ไม่มีพิกัด),"Lat: 13.793488, Long: 100.663551 (ต.คลองกุ่ม อ.บึงกุ่ม)"
30530,โรงเรียนนานาชาติอคาเซีย พรีสคูล กรุงเทพ กรุงเทพมหานคร สำนักงานคณะกรรมการส่งเสริมการศึกษาเอกชน (สช.) กระทรวงศึกษาธิการ,โรงเรียนนานาชาติอคาเซีย พรีสคูล กรุงเทพ กรุงเทพมหานคร สำนักงานคณะกรรมการส่งเสริมการศึกษาเอกชน (สช.) กระทรวงศึกษาธิการ,ใช้พิกัดจุดศูนย์กลางตำบล (Subdistrict Center Fallback),เนื่องจากพิกัดเดิมว่างหรือผิดรูปแบบ จึงดึงพิกัดกึ่งกลางตำบลจาก DB มาใช้แทน,ค่าว่าง (ไม่มีพิกัด),"Lat: 13.69662885, Long: 100.544068 (ต.ช่องนนทรี อ.ยานนาวา)"
30531,โรงเรียนอนุบาลนานาชาติต้าตี้ ธนบุรี กรุงเทพมหานคร สำนักงานคณะกรรมการส่งเสริมการศึกษาเอกชน (สช.) กระทรวงศึกษาธิการ,โรงเรียนอนุบาลนานาชาติต้าตี้ ธนบุรี กรุงเทพมหานคร สำนักงานคณะกรรมการส่งเสริมการศึกษาเอกชน (สช.) กระทรวงศึกษาธิการ,ใช้พิกัดจุดศูนย์กลางตำบล (Subdistrict Center Fallback),เนื่องจากพิกัดเดิมว่างหรือผิดรูปแบบ จึงดึงพิกัดกึ่งกลางตำบลจาก DB มาใช้แทน,ค่าว่าง (ไม่มีพิกัด),"Lat: 13.74780693, Long: 100.4266246 (ต.บางเชือกหนัง อ.ตลิ่งชัน)"
30532,โรงเรียนนานาชาติแอสทรา อะคาเดมี่ กรุงเทพมหานคร สำนักงานคณะกรรมการส่งเสริมการศึกษาเอกชน (สช.) กระทรวงศึกษาธิการ,โรงเรียนนานาชาติแอสทรา อะคาเดมี่ กรุงเทพมหานคร สำนักงานคณะกรรมการส่งเสริมการศึกษาเอกชน (สช.) กระทรวงศึกษาธิการ,ใช้พิกัดจุดศูนย์กลางตำบล (Subdistrict Center Fallback),เนื่องจากพิกัดเดิมว่างหรือผิดรูปแบบ จึงดึงพิกัดกึ่งกลางตำบลจาก DB มาใช้แทน,ค่าว่าง (ไม่มีพิกัด),"Lat: 13.71909931, Long: 100.596294 (ต.พระโขนงเหนือ อ.วัฒนา)"
30533,โรงเรียนนานาชาติรัชต์ภาคย์ กรุงเทพมหานคร สำนักงานคณะกรรมการส่งเสริมการศึกษาเอกชน (สช.) กระทรวงศึกษาธิการ,โรงเรียนนานาชาติรัชต์ภาคย์ กรุงเทพมหานคร สำนักงานคณะกรรมการส่งเสริมการศึกษาเอกชน (สช.) กระทรวงศึกษาธิการ,ใช้พิกัดจุดศูนย์กลางตำบล (Subdistrict Center Fallback),เนื่องจากพิกัดเดิมว่างหรือผิดรูปแบบ จึงดึงพิกัดกึ่งกลางตำบลจาก DB มาใช้แทน,ค่าว่าง (ไม่มีพิกัด),"Lat: 13.77124, Long: 100.615083 (ต.พลับพลา อ.วังทองหลาง)"
30534,โรงเรียนนานาชาติฟินแลนด์แห่งประเทศไทย เฮย์กรุงเทพ (สุขุมวิท) กรุงเทพมหานคร สำนักงานคณะกรรมการส่งเสริมการศึกษาเอกชน (สช.) กระทรวงศึกษาธิการ,โรงเรียนนานาชาติฟินแลนด์แห่งประเทศไทย เฮย์กรุงเทพ (สุขุมวิท) กรุงเทพมหานคร สำนักงานคณะกรรมการส่งเสริมการศึกษาเอกชน (สช.) กระทรวงศึกษาธิการ,ใช้พิกัดจุดศูนย์กลางตำบล (Subdistrict Center Fallback),เนื่องจากพิกัดเดิมว่างหรือผิดรูปแบบ จึงดึงพิกัดกึ่งกลางตำบลจาก DB มาใช้แทน,ค่าว่าง (ไม่มีพิกัด),"Lat: 13.7227635, Long: 100.5707943 (ต.คลองตัน อ.คลองเตย)"
30535,โรงเรียนอนุบาลนานาชาติดับเบิลทรี พระราม 3 กรุงเทพมหานคร สำนักงานคณะกรรมการส่งเสริมการศึกษาเอกชน (สช.) กระทรวงศึกษาธิการ,โรงเรียนอนุบาลนานาชาติดับเบิลทรี พระราม 3 กรุงเทพมหานคร สำนักงานคณะกรรมการส่งเสริมการศึกษาเอกชน (สช.) กระทรวงศึกษาธิการ,ใช้พิกัดจุดศูนย์กลางตำบล (Subdistrict Center Fallback),เนื่องจากพิกัดเดิมว่างหรือผิดรูปแบบ จึงดึงพิกัดกึ่งกลางตำบลจาก DB มาใช้แทน,ค่าว่าง (ไม่มีพิกัด),"Lat: 13.69662885, Long: 100.544068 (ต.ช่องนนทรี อ.ยานนาวา)"
30536,โรงเรียนอนุบาลนานาชาติลิตเติ้ลโคอาล่า กรุงเทพมหานคร สำนักงานคณะกรรมการส่งเสริมการศึกษาเอกชน (สช.) กระทรวงศึกษาธิการ,โรงเรียนอนุบาลนานาชาติลิตเติ้ลโคอาล่า กรุงเทพมหานคร สำนักงานคณะกรรมการส่งเสริมการศึกษาเอกชน (สช.) กระทรวงศึกษาธิการ,ใช้พิกัดจุดศูนย์กลางตำบล (Subdistrict Center Fallback),เนื่องจากพิกัดเดิมว่างหรือผิดรูปแบบ จึงดึงพิกัดกึ่งกลางตำบลจาก DB มาใช้แทน,ค่าว่าง (ไม่มีพิกัด),"Lat: 13.71001589, Long: 100.5875254 (ต.พระโขนง อ.คลองเตย)"
30537,โรงเรียนนานาชาติเพ็ญสมิทธ์ กรุงเทพมหานคร สำนักงานคณะกรรมการส่งเสริมการศึกษาเอกชน (สช.) กระทรวงศึกษาธิการ,โรงเรียนนานาชาติเพ็ญสมิทธ์ กรุงเทพมหานคร สำนักงานคณะกรรมการส่งเสริมการศึกษาเอกชน (สช.) กระทรวงศึกษาธิการ,ใช้พิกัดจุดศูนย์กลางตำบล (Subdistrict Center Fallback),เนื่องจากพิกัดเดิมว่างหรือผิดรูปแบบ จึงดึงพิกัดกึ่งกลางตำบลจาก DB มาใช้แทน,ค่าว่าง (ไม่มีพิกัด),"Lat: 13.75512249, Long: 100.6437997 (ต.หัวหมาก อ.บางกะปิ)"
30538,โรงเรียนนานาชาติโอ๊คบิวรี่ กรุงเทพมหานคร สำนักงานคณะกรรมการส่งเสริมการศึกษาเอกชน (สช.) กระทรวงศึกษาธิการ,โรงเรียนนานาชาติโอ๊คบิวรี่ กรุงเทพมหานคร สำนักงานคณะกรรมการส่งเสริมการศึกษาเอกชน (สช.) กระทรวงศึกษาธิการ,ใช้พิกัดจุดศูนย์กลางตำบล (Subdistrict Center Fallback),เนื่องจากพิกัดเดิมว่างหรือผิดรูปแบบ จึงดึงพิกัดกึ่งกลางตำบลจาก DB มาใช้แทน,ค่าว่าง (ไม่มีพิกัด),"Lat: 13.8193193, Long: 100.5811365 (ต.จันทรเกษม อ.จตุจักร)"
30539,โรงเรียนนานาชาติรีเจ้นท์-หลังสวน กรุงเทพมหานคร สำนักงานคณะกรรมการส่งเสริมการศึกษาเอกชน (สช.) กระทรวงศึกษาธิการ,โรงเรียนนานาชาติรีเจ้นท์-หลังสวน กรุงเทพมหานคร สำนักงานคณะกรรมการส่งเสริมการศึกษาเอกชน (สช.) กระทรวงศึกษาธิการ,ใช้พิกัดจุดศูนย์กลางตำบล (Subdistrict Center Fallback),เนื่องจากพิกัดเดิมว่างหรือผิดรูปแบบ จึงดึงพิกัดกึ่งกลางตำบลจาก DB มาใช้แทน,ค่าว่าง (ไม่มีพิกัด),"Lat: 13.73627407, Long: 100.545479 (ต.ลุมพินี อ.ปทุมวัน)"
30540,โรงเรียนนานาชาติกรแก้วมอนเตสซอรี่ กรุงเทพมหานคร สำนักงานคณะกรรมการส่งเสริมการศึกษาเอกชน (สช.) กระทรวงศึกษาธิการ,โรงเรียนนานาชาติกรแก้วมอนเตสซอรี่ กรุงเทพมหานคร สำนักงานคณะกรรมการส่งเสริมการศึกษาเอกชน (สช.) กระทรวงศึกษาธิการ,ใช้พิกัดจุดศูนย์กลางตำบล (Subdistrict Center Fallback),เนื่องจากพิกัดเดิมว่างหรือผิดรูปแบบ จึงดึงพิกัดกึ่งกลางตำบลจาก DB มาใช้แทน,ค่าว่าง (ไม่มีพิกัด),"Lat: 13.78500291264153, Long: 100.53953284653879 (ต.พญาไท อ.พญาไท)"
30542,โรงเรียนนานาชาติเซนต์มาร์ค ออสเตรเลีย กรุงเทพมหานคร สำนักงานคณะกรรมการส่งเสริมการศึกษาเอกชน (สช.) กระทรวงศึกษาธิการ,โรงเรียนนานาชาติเซนต์มาร์ค ออสเตรเลีย กรุงเทพมหานคร สำนักงานคณะกรรมการส่งเสริมการศึกษาเอกชน (สช.) กระทรวงศึกษาธิการ,ใช้พิกัดจุดศูนย์กลางตำบล (Subdistrict Center Fallback),เนื่องจากพิกัดเดิมว่างหรือผิดรูปแบบ จึงดึงพิกัดกึ่งกลางตำบลจาก DB มาใช้แทน,ค่าว่าง (ไม่มีพิกัด),"Lat: 13.709114025110956, Long: 100.62756036183785 (ต.อ่อนนุช อ.สวนหลวง)"
30543,โรงเรียนนานาชาติกลอรี่สิงคโปร์ รามอินทรา กรุงเทพมหานคร สำนักงานคณะกรรมการส่งเสริมการศึกษาเอกชน (สช.) กระทรวงศึกษาธิการ,โรงเรียนนานาชาติกลอรี่สิงคโปร์ รามอินทรา กรุงเทพมหานคร สำนักงานคณะกรรมการส่งเสริมการศึกษาเอกชน (สช.) กระทรวงศึกษาธิการ,ใช้พิกัดจุดศูนย์กลางตำบล (Subdistrict Center Fallback),เนื่องจากพิกัดเดิมว่างหรือผิดรูปแบบ จึงดึงพิกัดกึ่งกลางตำบลจาก DB มาใช้แทน,ค่าว่าง (ไม่มีพิกัด),"Lat: 13.8444752, Long: 100.7060575 (ต.บางชัน อ.คลองสามวา)"
30544,โรงเรียนนานาชาติ เอสบีเอส แบงค์คอก กรุงเทพมหานคร สำนักงานคณะกรรมการส่งเสริมการศึกษาเอกชน (สช.) กระทรวงศึกษาธิการ,โรงเรียนนานาชาติ เอสบีเอส แบงค์คอก กรุงเทพมหานคร สำนักงานคณะกรรมการส่งเสริมการศึกษาเอกชน (สช.) กระทรวงศึกษาธิการ,ใช้พิกัดจุดศูนย์กลางตำบล (Subdistrict Center Fallback),เนื่องจากพิกัดเดิมว่างหรือผิดรูปแบบ จึงดึงพิกัดกึ่งกลางตำบลจาก DB มาใช้แทน,ค่าว่าง (ไม่มีพิกัด),"Lat: 13.73574688, Long: 100.8234979 (ต.ทับยาว อ.ลาดกระบัง)"
30627,โรงเรียนเซนต์ยอร์ช อนุสรณ์ สมุทรปราการ สำนักงานคณะกรรมการส่งเสริมการศึกษาเอกชน (สช.) กระทรวงศึกษาธิการ,โรงเรียนเซนต์ยอร์ช อนุสรณ์ สมุทรปราการ สำนักงานคณะกรรมการส่งเสริมการศึกษาเอกชน (สช.) กระทรวงศึกษาธิการ,ใช้พิกัดจุดศูนย์กลางตำบล (Subdistrict Center Fallback),เนื่องจากพิกัดเดิมว่างหรือผิดรูปแบบ จึงดึงพิกัดกึ่งกลางตำบลจาก DB มาใช้แทน,ค่าว่าง (ไม่มีพิกัด),"Lat: 13.61138362, Long: 100.8620417 (ต.บางบ่อ อ.บางบ่อ)"
30704,โรงเรียนวรนาถวิทยา นนทบุรี สำนักงานคณะกรรมการส่งเสริมการศึกษาเอกชน (สช.) กระทรวงศึกษาธิการ,โรงเรียนวรนาถวิทยา นนทบุรี สำนักงานคณะกรรมการส่งเสริมการศึกษาเอกชน (สช.) กระทรวงศึกษาธิการ,ใช้พิกัดจุดศูนย์กลางตำบล (Subdistrict Center Fallback),เนื่องจากพิกัดเดิมว่างหรือผิดรูปแบบ จึงดึงพิกัดกึ่งกลางตำบลจาก DB มาใช้แทน,ค่าว่าง (ไม่มีพิกัด),"Lat: 13.84963744, Long: 100.5082139 (ต.ตลาดขวัญ อ.เมืองนนทบุรี)"
30716,โรงเรียนอนุบาลศรีวิภา นนทบุรี สำนักงานคณะกรรมการส่งเสริมการศึกษาเอกชน (สช.) กระทรวงศึกษาธิการ,โรงเรียนอนุบาลศรีวิภา นนทบุรี สำนักงานคณะกรรมการส่งเสริมการศึกษาเอกชน (สช.) กระทรวงศึกษาธิการ,ใช้พิกัดจุดศูนย์กลางตำบล (Subdistrict Center Fallback),เนื่องจากพิกัดเดิมว่างหรือผิดรูปแบบ จึงดึงพิกัดกึ่งกลางตำบลจาก DB มาใช้แทน,ค่าว่าง (ไม่มีพิกัด),"Lat: 13.97744212, Long: 100.3353359 (ต.ไทรน้อย อ.ไทรน้อย)"
30717,โรงเรียนอนุบาลนวพัฒน์ นนทบุรี สำนักงานคณะกรรมการส่งเสริมการศึกษาเอกชน (สช.) กระทรวงศึกษาธิการ,โรงเรียนอนุบาลนวพัฒน์ นนทบุรี สำนักงานคณะกรรมการส่งเสริมการศึกษาเอกชน (สช.) กระทรวงศึกษาธิการ,ใช้พิกัดจุดศูนย์กลางตำบล (Subdistrict Center Fallback),เนื่องจากพิกัดเดิมว่างหรือผิดรูปแบบ จึงดึงพิกัดกึ่งกลางตำบลจาก DB มาใช้แทน,ค่าว่าง (ไม่มีพิกัด),"Lat: 13.89672871, Long: 100.4696037 (ต.ท่าอิฐ อ.ปากเกร็ด)"
30718,โรงเรียนนนทบุรีมอนเทสซอรี นนทบุรี สำนักงานคณะกรรมการส่งเสริมการศึกษาเอกชน (สช.) กระทรวงศึกษาธิการ,โรงเรียนนนทบุรีมอนเทสซอรี นนทบุรี สำนักงานคณะกรรมการส่งเสริมการศึกษาเอกชน (สช.) กระทรวงศึกษาธิการ,ใช้พิกัดจุดศูนย์กลางตำบล (Subdistrict Center Fallback),เนื่องจากพิกัดเดิมว่างหรือผิดรูปแบบ จึงดึงพิกัดกึ่งกลางตำบลจาก DB มาใช้แทน,ค่าว่าง (ไม่มีพิกัด),"Lat: 13.87518931, Long: 100.4030958 (ต.เสาธงหิน อ.บางใหญ่)"
30727,โรงเรียนนานาชาติสาธิตคริสเตียนนนทบุรี นนทบุรี สำนักงานคณะกรรมการส่งเสริมการศึกษาเอกชน (สช.) กระทรวงศึกษาธิการ,โรงเรียนนานาชาติสาธิตคริสเตียนนนทบุรี นนทบุรี สำนักงานคณะกรรมการส่งเสริมการศึกษาเอกชน (สช.) กระทรวงศึกษาธิการ,ใช้พิกัดจุดศูนย์กลางตำบล (Subdistrict Center Fallback),เนื่องจากพิกัดเดิมว่างหรือผิดรูปแบบ จึงดึงพิกัดกึ่งกลางตำบลจาก DB มาใช้แทน,ค่าว่าง (ไม่มีพิกัด),"Lat: 13.84963744, Long: 100.5082139 (ต.ตลาดขวัญ อ.เมืองนนทบุรี)"
30728,โรงเรียนนานาชาติสิงคโปร์นนทบุรี นนทบุรี สำนักงานคณะกรรมการส่งเสริมการศึกษาเอกชน (สช.) กระทรวงศึกษาธิการ,โรงเรียนนานาชาติสิงคโปร์นนทบุรี นนทบุรี สำนักงานคณะกรรมการส่งเสริมการศึกษาเอกชน (สช.) กระทรวงศึกษาธิการ,ใช้พิกัดจุดศูนย์กลางตำบล (Subdistrict Center Fallback),เนื่องจากพิกัดเดิมว่างหรือผิดรูปแบบ จึงดึงพิกัดกึ่งกลางตำบลจาก DB มาใช้แทน,ค่าว่าง (ไม่มีพิกัด),"Lat: 13.92814996, Long: 100.4786169 (ต.คลองพระอุดม อ.ปากเกร็ด)"
30729,โรงเรียนนานาชาติแอสเพนไชน์ นนทบุรี สำนักงานคณะกรรมการส่งเสริมการศึกษาเอกชน (สช.) กระทรวงศึกษาธิการ,โรงเรียนนานาชาติแอสเพนไชน์ นนทบุรี สำนักงานคณะกรรมการส่งเสริมการศึกษาเอกชน (สช.) กระทรวงศึกษาธิการ,ใช้พิกัดจุดศูนย์กลางตำบล (Subdistrict Center Fallback),เนื่องจากพิกัดเดิมว่างหรือผิดรูปแบบ จึงดึงพิกัดกึ่งกลางตำบลจาก DB มาใช้แทน,ค่าว่าง (ไม่มีพิกัด),"Lat: 13.89436632, Long: 100.525398 (ต.บางตลาด อ.ปากเกร็ด)"
30730,โรงเรียนเด่นหล้า พระราม 5 (นานาชาติ) เป็นโรงเรียนเดียวกับสามัญ นนทบุรี สำนักงานคณะกรรมการส่งเสริมการศึกษาเอกชน (สช.) กระทรวงศึกษาธิการ,โรงเรียนเด่นหล้า พระราม 5 (นานาชาติ) เป็นโรงเรียนเดียวกับสามัญ นนทบุรี สำนักงานคณะกรรมการส่งเสริมการศึกษาเอกชน (สช.) กระทรวงศึกษาธิการ,ใช้พิกัดจุดศูนย์กลางตำบล (Subdistrict Center Fallback),เนื่องจากพิกัดเดิมว่างหรือผิดรูปแบบ จึงดึงพิกัดกึ่งกลางตำบลจาก DB มาใช้แทน,ค่าว่าง (ไม่มีพิกัด),"Lat: 13.82146306, Long: 100.4441129 (ต.บางขุนกอง อ.บางกรวย)"
30731,โรงเรียนนานาชาติไนทส์บริดจ์เฮ้าส์ นนทบุรี นนทบุรี สำนักงานคณะกรรมการส่งเสริมการศึกษาเอกชน (สช.) กระทรวงศึกษาธิการ,โรงเรียนนานาชาติไนทส์บริดจ์เฮ้าส์ นนทบุรี นนทบุรี สำนักงานคณะกรรมการส่งเสริมการศึกษาเอกชน (สช.) กระทรวงศึกษาธิการ,ใช้พิกัดจุดศูนย์กลางตำบล (Subdistrict Center Fallback),เนื่องจากพิกัดเดิมว่างหรือผิดรูปแบบ จึงดึงพิกัดกึ่งกลางตำบลจาก DB มาใช้แทน,ค่าว่าง (ไม่มีพิกัด),"Lat: 13.92716695, Long: 100.5157844 (ต.บางพูด อ.ปากเกร็ด)"
30732,โรงเรียนทดสอบโรงเรียนนนทบุรี นานาชาติ นนทบุรี สำนักงานคณะกรรมการส่งเสริมการศึกษาเอกชน (สช.) กระทรวงศึกษาธิการ,โรงเรียนทดสอบโรงเรียนนนทบุรี นานาชาติ นนทบุรี สำนักงานคณะกรรมการส่งเสริมการศึกษาเอกชน (สช.) กระทรวงศึกษาธิการ,ใช้พิกัดจุดศูนย์กลางตำบล (Subdistrict Center Fallback),เนื่องจากพิกัดเดิมว่างหรือผิดรูปแบบ จึงดึงพิกัดกึ่งกลางตำบลจาก DB มาใช้แทน,ค่าว่าง (ไม่มีพิกัด),"Lat: 13.95194536, Long: 100.3827881 (ต.บางบัวทอง อ.บางบัวทอง)"
30813,โรงเรียนมัธยมลินคอล์นศึกษา ปทุมธานี สำนักงานคณะกรรมการส่งเสริมการศึกษาเอกชน (สช.) กระทรวงศึกษาธิการ,โรงเรียนมัธยมลินคอล์นศึกษา ปทุมธานี สำนักงานคณะกรรมการส่งเสริมการศึกษาเอกชน (สช.) กระทรวงศึกษาธิการ,ใช้พิกัดจุดศูนย์กลางตำบล (Subdistrict Center Fallback),เนื่องจากพิกัดเดิมว่างหรือผิดรูปแบบ จึงดึงพิกัดกึ่งกลางตำบลจาก DB มาใช้แทน,ค่าว่าง (ไม่มีพิกัด),"Lat: 13.98788528, Long: 100.6335107 (ต.ประชาธิปัตย์ อ.ธัญบุรี)"
30818,โรงเรียนนานาชาติเคไอเอสเรนวูดปาร์ค ปทุมธานี สำนักงานคณะกรรมการส่งเสริมการศึกษาเอกชน (สช.) กระทรวงศึกษาธิการ,โรงเรียนนานาชาติเคไอเอสเรนวูดปาร์ค ปทุมธานี สำนักงานคณะกรรมการส่งเสริมการศึกษาเอกชน (สช.) กระทรวงศึกษาธิการ,ใช้พิกัดจุดศูนย์กลางตำบล (Subdistrict Center Fallback),เนื่องจากพิกัดเดิมว่างหรือผิดรูปแบบ จึงดึงพิกัดกึ่งกลางตำบลจาก DB มาใช้แทน,ค่าว่าง (ไม่มีพิกัด),"Lat: 13.97300563, Long: 100.8617034 (ต.ลำไทร อ.ลำลูกกา)"
30852,โรงเรียนอนุบาลธารธารา พระนครศรีอยุธยา สำนักงานคณะกรรมการส่งเสริมการศึกษาเอกชน (สช.) กระทรวงศึกษาธิการ,โรงเรียนอนุบาลธารธารา พระนครศรีอยุธยา สำนักงานคณะกรรมการส่งเสริมการศึกษาเอกชน (สช.) กระทรวงศึกษาธิการ,ใช้พิกัดจุดศูนย์กลางตำบล (Subdistrict Center Fallback),เนื่องจากพิกัดเดิมว่างหรือผิดรูปแบบ จึงดึงพิกัดกึ่งกลางตำบลจาก DB มาใช้แทน,ค่าว่าง (ไม่มีพิกัด),"Lat: 14.35379076, Long: 100.6243508 (ต.ธนู อ.อุทัย)"
30853,โรงเรียนธารพัฒนา พระนครศรีอยุธยา สำนักงานคณะกรรมการส่งเสริมการศึกษาเอกชน (สช.) กระทรวงศึกษาธิการ,โรงเรียนธารพัฒนา พระนครศรีอยุธยา สำนักงานคณะกรรมการส่งเสริมการศึกษาเอกชน (สช.) กระทรวงศึกษาธิการ,ใช้พิกัดจุดศูนย์กลางตำบล (Subdistrict Center Fallback),เนื่องจากพิกัดเดิมว่างหรือผิดรูปแบบ จึงดึงพิกัดกึ่งกลางตำบลจาก DB มาใช้แทน,ค่าว่าง (ไม่มีพิกัด),"Lat: 14.27372421, Long: 100.7079729 (ต.ลำตาเสา อ.วังน้อย)"
30854,โรงเรียนอัลอิศลาห์ศึกษา พระนครศรีอยุธยา สำนักงานคณะกรรมการส่งเสริมการศึกษาเอกชน (สช.) กระทรวงศึกษาธิการ,โรงเรียนอัลอิศลาห์ศึกษา พระนครศรีอยุธยา สำนักงานคณะกรรมการส่งเสริมการศึกษาเอกชน (สช.) กระทรวงศึกษาธิการ,ใช้พิกัดจุดศูนย์กลางตำบล (Subdistrict Center Fallback),เนื่องจากพิกัดเดิมว่างหรือผิดรูปแบบ จึงดึงพิกัดกึ่งกลางตำบลจาก DB มาใช้แทน,ค่าว่าง (ไม่มีพิกัด),"Lat: 14.37690996, Long: 100.5510936 (ต.ลุมพลี อ.พระนครศรีอยุธยา)"
30898,โรงเรียนสามารถคิด ลพบุรี สำนักงานคณะกรรมการส่งเสริมการศึกษาเอกชน (สช.) กระทรวงศึกษาธิการ,โรงเรียนสามารถคิด ลพบุรี สำนักงานคณะกรรมการส่งเสริมการศึกษาเอกชน (สช.) กระทรวงศึกษาธิการ,ใช้พิกัดจุดศูนย์กลางตำบล (Subdistrict Center Fallback),เนื่องจากพิกัดเดิมว่างหรือผิดรูปแบบ จึงดึงพิกัดกึ่งกลางตำบลจาก DB มาใช้แทน,ค่าว่าง (ไม่มีพิกัด),"Lat: 14.79809577, Long: 100.682691 (ต.ท่าศาลา อ.เมืองลพบุรี)"
31057,โรงเรียนเกรซคริสเตียน ชลบุรี สำนักงานคณะกรรมการส่งเสริมการศึกษาเอกชน (สช.) กระทรวงศึกษาธิการ,โรงเรียนเกรซคริสเตียน ชลบุรี สำนักงานคณะกรรมการส่งเสริมการศึกษาเอกชน (สช.) กระทรวงศึกษาธิการ,ใช้พิกัดจุดศูนย์กลางตำบล (Subdistrict Center Fallback),เนื่องจากพิกัดเดิมว่างหรือผิดรูปแบบ จึงดึงพิกัดกึ่งกลางตำบลจาก DB มาใช้แทน,ค่าว่าง (ไม่มีพิกัด),"Lat: 13.05697913, Long: 101.0776703 (ต.บ่อวิน อ.ศรีราชา)"
31069,โรงเรียนนานาชาติเวลล์ส ชลบุรี ชลบุรี สำนักงานคณะกรรมการส่งเสริมการศึกษาเอกชน (สช.) กระทรวงศึกษาธิการ,โรงเรียนนานาชาติเวลล์ส ชลบุรี ชลบุรี สำนักงานคณะกรรมการส่งเสริมการศึกษาเอกชน (สช.) กระทรวงศึกษาธิการ,ใช้พิกัดจุดศูนย์กลางตำบล (Subdistrict Center Fallback),เนื่องจากพิกัดเดิมว่างหรือผิดรูปแบบ จึงดึงพิกัดกึ่งกลางตำบลจาก DB มาใช้แทน,ค่าว่าง (ไม่มีพิกัด),"Lat: 13.2939882, Long: 101.1024675 (ต.บ้านบึง อ.บ้านบึง)"
31070,โรงเรียนนานาชาติเลิฟเวลล์ ชลบุรี สำนักงานคณะกรรมการส่งเสริมการศึกษาเอกชน (สช.) กระทรวงศึกษาธิการ,โรงเรียนนานาชาติเลิฟเวลล์ ชลบุรี สำนักงานคณะกรรมการส่งเสริมการศึกษาเอกชน (สช.) กระทรวงศึกษาธิการ,ใช้พิกัดจุดศูนย์กลางตำบล (Subdistrict Center Fallback),เนื่องจากพิกัดเดิมว่างหรือผิดรูปแบบ จึงดึงพิกัดกึ่งกลางตำบลจาก DB มาใช้แทน,ค่าว่าง (ไม่มีพิกัด),"Lat: 12.91657098, Long: 100.7786034 (ต.นาเกลือ อ.บางละมุง)"
31071,โรงเรียนนานาชาติเอลดรีมคริสเตียน ชลบุรี สำนักงานคณะกรรมการส่งเสริมการศึกษาเอกชน (สช.) กระทรวงศึกษาธิการ,โรงเรียนนานาชาติเอลดรีมคริสเตียน ชลบุรี สำนักงานคณะกรรมการส่งเสริมการศึกษาเอกชน (สช.) กระทรวงศึกษาธิการ,ใช้พิกัดจุดศูนย์กลางตำบล (Subdistrict Center Fallback),เนื่องจากพิกัดเดิมว่างหรือผิดรูปแบบ จึงดึงพิกัดกึ่งกลางตำบลจาก DB มาใช้แทน,ค่าว่าง (ไม่มีพิกัด),"Lat: 12.97841122, Long: 100.9586609 (ต.หนองปลาไหล อ.บางละมุง)"
31072,โรงเรียนนานาชาติหัสดิน ชลบุรี สำนักงานคณะกรรมการส่งเสริมการศึกษาเอกชน (สช.) กระทรวงศึกษาธิการ,โรงเรียนนานาชาติหัสดิน ชลบุรี สำนักงานคณะกรรมการส่งเสริมการศึกษาเอกชน (สช.) กระทรวงศึกษาธิการ,ใช้พิกัดจุดศูนย์กลางตำบล (Subdistrict Center Fallback),เนื่องจากพิกัดเดิมว่างหรือผิดรูปแบบ จึงดึงพิกัดกึ่งกลางตำบลจาก DB มาใช้แทน,ค่าว่าง (ไม่มีพิกัด),"Lat: 12.9321994, Long: 100.9907248 (ต.โป่ง อ.บางละมุง)"
31103,โรงเรียนเอมเฌอพัฒน์ ตรัยนุสรณ์ ระยอง สำนักงานคณะกรรมการส่งเสริมการศึกษาเอกชน (สช.) กระทรวงศึกษาธิการ,โรงเรียนเอมเฌอพัฒน์ ตรัยนุสรณ์ ระยอง สำนักงานคณะกรรมการส่งเสริมการศึกษาเอกชน (สช.) กระทรวงศึกษาธิการ,ใช้พิกัดจุดศูนย์กลางตำบล (Subdistrict Center Fallback),เนื่องจากพิกัดเดิมว่างหรือผิดรูปแบบ จึงดึงพิกัดกึ่งกลางตำบลจาก DB มาใช้แทน,ค่าว่าง (ไม่มีพิกัด),"Lat: 12.64760639, Long: 101.1705258 (ต.เนินพระ อ.เมืองระยอง)"
31104,โรงเรียนไตรนิธิวิทยา ระยอง สำนักงานคณะกรรมการส่งเสริมการศึกษาเอกชน (สช.) กระทรวงศึกษาธิการ,โรงเรียนไตรนิธิวิทยา ระยอง สำนักงานคณะกรรมการส่งเสริมการศึกษาเอกชน (สช.) กระทรวงศึกษาธิการ,ใช้พิกัดจุดศูนย์กลางตำบล (Subdistrict Center Fallback),เนื่องจากพิกัดเดิมว่างหรือผิดรูปแบบ จึงดึงพิกัดกึ่งกลางตำบลจาก DB มาใช้แทน,ค่าว่าง (ไม่มีพิกัด),"Lat: 12.97288896, Long: 101.1381699 (ต.มาบยางพร อ.ปลวกแดง)"
31105,โรงเรียนมารีวิทย์ระยอง ระยอง สำนักงานคณะกรรมการส่งเสริมการศึกษาเอกชน (สช.) กระทรวงศึกษาธิการ,โรงเรียนมารีวิทย์ระยอง ระยอง สำนักงานคณะกรรมการส่งเสริมการศึกษาเอกชน (สช.) กระทรวงศึกษาธิการ,ใช้พิกัดจุดศูนย์กลางตำบล (Subdistrict Center Fallback),เนื่องจากพิกัดเดิมว่างหรือผิดรูปแบบ จึงดึงพิกัดกึ่งกลางตำบลจาก DB มาใช้แทน,ค่าว่าง (ไม่มีพิกัด),"Lat: 12.84548412, Long: 101.1808585 (ต.นิคมพัฒนา อ.นิคมพัฒนา)"
31106,โรงเรียนอนุบาลบ้านทอรุ้ง ระยอง สำนักงานคณะกรรมการส่งเสริมการศึกษาเอกชน (สช.) กระทรวงศึกษาธิการ,โรงเรียนอนุบาลบ้านทอรุ้ง ระยอง สำนักงานคณะกรรมการส่งเสริมการศึกษาเอกชน (สช.) กระทรวงศึกษาธิการ,ใช้พิกัดจุดศูนย์กลางตำบล (Subdistrict Center Fallback),เนื่องจากพิกัดเดิมว่างหรือผิดรูปแบบ จึงดึงพิกัดกึ่งกลางตำบลจาก DB มาใช้แทน,ค่าว่าง (ไม่มีพิกัด),"Lat: 12.69045706, Long: 101.0279121 (ต.พลา อ.บ้านฉาง)"
31107,โรงเรียนมารีวิทย์บ้านฉาง ระยอง สำนักงานคณะกรรมการส่งเสริมการศึกษาเอกชน (สช.) กระทรวงศึกษาธิการ,โรงเรียนมารีวิทย์บ้านฉาง ระยอง สำนักงานคณะกรรมการส่งเสริมการศึกษาเอกชน (สช.) กระทรวงศึกษาธิการ,ใช้พิกัดจุดศูนย์กลางตำบล (Subdistrict Center Fallback),เนื่องจากพิกัดเดิมว่างหรือผิดรูปแบบ จึงดึงพิกัดกึ่งกลางตำบลจาก DB มาใช้แทน,ค่าว่าง (ไม่มีพิกัด),"Lat: 12.72873615, Long: 101.0786609 (ต.บ้านฉาง อ.บ้านฉาง)"
31110,โรงเรียนนานาชาติเบลฟริย์ ระยอง สำนักงานคณะกรรมการส่งเสริมการศึกษาเอกชน (สช.) กระทรวงศึกษาธิการ,โรงเรียนนานาชาติเบลฟริย์ ระยอง สำนักงานคณะกรรมการส่งเสริมการศึกษาเอกชน (สช.) กระทรวงศึกษาธิการ,ใช้พิกัดจุดศูนย์กลางตำบล (Subdistrict Center Fallback),เนื่องจากพิกัดเดิมว่างหรือผิดรูปแบบ จึงดึงพิกัดกึ่งกลางตำบลจาก DB มาใช้แทน,ค่าว่าง (ไม่มีพิกัด),"Lat: 12.75188127, Long: 101.2610626 (ต.หนองตะพาน อ.บ้านค่าย)"
31111,โรงเรียนนานาชาติสิงคโปร์ระยอง ระยอง สำนักงานคณะกรรมการส่งเสริมการศึกษาเอกชน (สช.) กระทรวงศึกษาธิการ,โรงเรียนนานาชาติสิงคโปร์ระยอง ระยอง สำนักงานคณะกรรมการส่งเสริมการศึกษาเอกชน (สช.) กระทรวงศึกษาธิการ,ใช้พิกัดจุดศูนย์กลางตำบล (Subdistrict Center Fallback),เนื่องจากพิกัดเดิมว่างหรือผิดรูปแบบ จึงดึงพิกัดกึ่งกลางตำบลจาก DB มาใช้แทน,ค่าว่าง (ไม่มีพิกัด),"Lat: 12.75188127, Long: 101.2610626 (ต.หนองตะพาน อ.บ้านค่าย)"
31189,โรงเรียนอริสสานุสรณ์ ปราจีนบุรี สำนักงานคณะกรรมการส่งเสริมการศึกษาเอกชน (สช.) กระทรวงศึกษาธิการ,โรงเรียนอริสสานุสรณ์ ปราจีนบุรี สำนักงานคณะกรรมการส่งเสริมการศึกษาเอกชน (สช.) กระทรวงศึกษาธิการ,ใช้พิกัดจุดศูนย์กลางตำบล (Subdistrict Center Fallback),เนื่องจากพิกัดเดิมว่างหรือผิดรูปแบบ จึงดึงพิกัดกึ่งกลางตำบลจาก DB มาใช้แทน,ค่าว่าง (ไม่มีพิกัด),"Lat: 14.20084104, Long: 101.3849701 (ต.เนินหอม อ.เมืองปราจีนบุรี)"
31205,โรงเรียนบารออีย์อิสลาม นครนายก สำนักงานคณะกรรมการส่งเสริมการศึกษาเอกชน (สช.) กระทรวงศึกษาธิการ,โรงเรียนบารออีย์อิสลาม นครนายก สำนักงานคณะกรรมการส่งเสริมการศึกษาเอกชน (สช.) กระทรวงศึกษาธิการ,ใช้พิกัดจุดศูนย์กลางตำบล (Subdistrict Center Fallback),เนื่องจากพิกัดเดิมว่างหรือผิดรูปแบบ จึงดึงพิกัดกึ่งกลางตำบลจาก DB มาใช้แทน,ค่าว่าง (ไม่มีพิกัด),"Lat: 13.9975066, Long: 101.008718 (ต.พระอาจารย์ อ.องครักษ์)"
31323,โรงเรียนอนุบาลคีตคราม มอนเทสซอรี นครราชสีมา สำนักงานคณะกรรมการส่งเสริมการศึกษาเอกชน (สช.) กระทรวงศึกษาธิการ,โรงเรียนอนุบาลคีตคราม มอนเทสซอรี นครราชสีมา สำนักงานคณะกรรมการส่งเสริมการศึกษาเอกชน (สช.) กระทรวงศึกษาธิการ,ใช้พิกัดจุดศูนย์กลางตำบล (Subdistrict Center Fallback),เนื่องจากพิกัดเดิมว่างหรือผิดรูปแบบ จึงดึงพิกัดกึ่งกลางตำบลจาก DB มาใช้แทน,ค่าว่าง (ไม่มีพิกัด),"Lat: 14.97515943, Long: 102.0841891 (ต.ในเมือง อ.เมืองนครราชสีมา)"
31324,โรงเรียนปัญญาภัทร นครราชสีมา สำนักงานคณะกรรมการส่งเสริมการศึกษาเอกชน (สช.) กระทรวงศึกษาธิการ,โรงเรียนปัญญาภัทร นครราชสีมา สำนักงานคณะกรรมการส่งเสริมการศึกษาเอกชน (สช.) กระทรวงศึกษาธิการ,ใช้พิกัดจุดศูนย์กลางตำบล (Subdistrict Center Fallback),เนื่องจากพิกัดเดิมว่างหรือผิดรูปแบบ จึงดึงพิกัดกึ่งกลางตำบลจาก DB มาใช้แทน,ค่าว่าง (ไม่มีพิกัด),"Lat: 15.1837694, Long: 102.2577618 (ต.โนนสูง อ.โนนสูง)"
31325,โรงเรียนสอนคนตาบอดมกุฏคีรีวันเขาใหญ่ นครราชสีมา สำนักงานคณะกรรมการส่งเสริมการศึกษาเอกชน (สช.) กระทรวงศึกษาธิการ,โรงเรียนสอนคนตาบอดมกุฏคีรีวันเขาใหญ่ นครราชสีมา สำนักงานคณะกรรมการส่งเสริมการศึกษาเอกชน (สช.) กระทรวงศึกษาธิการ,ใช้พิกัดจุดศูนย์กลางตำบล (Subdistrict Center Fallback),เนื่องจากพิกัดเดิมว่างหรือผิดรูปแบบ จึงดึงพิกัดกึ่งกลางตำบลจาก DB มาใช้แทน,ค่าว่าง (ไม่มีพิกัด),"Lat: 14.48776143, Long: 101.5563603 (ต.โป่งตาลอง อ.ปากช่อง)"
31326,โรงเรียนปรีชาชาญ นครราชสีมา สำนักงานคณะกรรมการส่งเสริมการศึกษาเอกชน (สช.) กระทรวงศึกษาธิการ,โรงเรียนปรีชาชาญ นครราชสีมา สำนักงานคณะกรรมการส่งเสริมการศึกษาเอกชน (สช.) กระทรวงศึกษาธิการ,ใช้พิกัดจุดศูนย์กลางตำบล (Subdistrict Center Fallback),เนื่องจากพิกัดเดิมว่างหรือผิดรูปแบบ จึงดึงพิกัดกึ่งกลางตำบลจาก DB มาใช้แทน,ค่าว่าง (ไม่มีพิกัด),"Lat: 14.72446225, Long: 102.0322452 (ต.เมืองปัก อ.ปักธงชัย)"
31327,โรงเรียนอนุบาลแสงไทยไตรลิงกัวคิดส์ นครราชสีมา สำนักงานคณะกรรมการส่งเสริมการศึกษาเอกชน (สช.) กระทรวงศึกษาธิการ,โรงเรียนอนุบาลแสงไทยไตรลิงกัวคิดส์ นครราชสีมา สำนักงานคณะกรรมการส่งเสริมการศึกษาเอกชน (สช.) กระทรวงศึกษาธิการ,ใช้พิกัดจุดศูนย์กลางตำบล (Subdistrict Center Fallback),เนื่องจากพิกัดเดิมว่างหรือผิดรูปแบบ จึงดึงพิกัดกึ่งกลางตำบลจาก DB มาใช้แทน,ค่าว่าง (ไม่มีพิกัด),"Lat: 14.97515943, Long: 102.0841891 (ต.ในเมือง อ.เมืองนครราชสีมา)"
31348,โรงเรียนวัดพระพุทธบาทเขากระโดง บุรีรัมย์ สำนักงานคณะกรรมการส่งเสริมการศึกษาเอกชน (สช.) กระทรวงศึกษาธิการ,โรงเรียนวัดพระพุทธบาทเขากระโดง บุรีรัมย์ สำนักงานคณะกรรมการส่งเสริมการศึกษาเอกชน (สช.) กระทรวงศึกษาธิการ,ใช้พิกัดจุดศูนย์กลางตำบล (Subdistrict Center Fallback),เนื่องจากพิกัดเดิมว่างหรือผิดรูปแบบ จึงดึงพิกัดกึ่งกลางตำบลจาก DB มาใช้แทน,ค่าว่าง (ไม่มีพิกัด),"Lat: 14.88814346, Long: 103.0588802 (ต.เสม็ด อ.เมืองบุรีรัมย์)"
31370,โรงเรียนบุรีรัมย์อินเตอร์สคูล บุรีรัมย์ สำนักงานคณะกรรมการส่งเสริมการศึกษาเอกชน (สช.) กระทรวงศึกษาธิการ,โรงเรียนบุรีรัมย์อินเตอร์สคูล บุรีรัมย์ สำนักงานคณะกรรมการส่งเสริมการศึกษาเอกชน (สช.) กระทรวงศึกษาธิการ,ใช้พิกัดจุดศูนย์กลางตำบล (Subdistrict Center Fallback),เนื่องจากพิกัดเดิมว่างหรือผิดรูปแบบ จึงดึงพิกัดกึ่งกลางตำบลจาก DB มาใช้แทน,ค่าว่าง (ไม่มีพิกัด),"Lat: 14.97726029, Long: 103.1027064 (ต.อิสาณ อ.เมืองบุรีรัมย์)"
31372,โรงเรียนภาวุธวิทยา บุรีรัมย์ สำนักงานคณะกรรมการส่งเสริมการศึกษาเอกชน (สช.) กระทรวงศึกษาธิการ,โรงเรียนภาวุธวิทยา บุรีรัมย์ สำนักงานคณะกรรมการส่งเสริมการศึกษาเอกชน (สช.) กระทรวงศึกษาธิการ,ใช้พิกัดจุดศูนย์กลางตำบล (Subdistrict Center Fallback),เนื่องจากพิกัดเดิมว่างหรือผิดรูปแบบ จึงดึงพิกัดกึ่งกลางตำบลจาก DB มาใช้แทน,ค่าว่าง (ไม่มีพิกัด),"Lat: 14.68317579, Long: 102.5902273 (ต.ทุ่งกระเต็น อ.หนองกี่)"
31373,โรงเรียนธรรมภัสสร บุรีรัมย์ สำนักงานคณะกรรมการส่งเสริมการศึกษาเอกชน (สช.) กระทรวงศึกษาธิการ,โรงเรียนธรรมภัสสร บุรีรัมย์ สำนักงานคณะกรรมการส่งเสริมการศึกษาเอกชน (สช.) กระทรวงศึกษาธิการ,ใช้พิกัดจุดศูนย์กลางตำบล (Subdistrict Center Fallback),เนื่องจากพิกัดเดิมว่างหรือผิดรูปแบบ จึงดึงพิกัดกึ่งกลางตำบลจาก DB มาใช้แทน,ค่าว่าง (ไม่มีพิกัด),"Lat: 14.97726029, Long: 103.1027064 (ต.อิสาณ อ.เมืองบุรีรัมย์)"
31412,โรงเรียนอนุบาลป้อมปัญญาศึกษา ศรีสะเกษ สำนักงานคณะกรรมการส่งเสริมการศึกษาเอกชน (สช.) กระทรวงศึกษาธิการ,โรงเรียนอนุบาลป้อมปัญญาศึกษา ศรีสะเกษ สำนักงานคณะกรรมการส่งเสริมการศึกษาเอกชน (สช.) กระทรวงศึกษาธิการ,ใช้พิกัดจุดศูนย์กลางตำบล (Subdistrict Center Fallback),เนื่องจากพิกัดเดิมว่างหรือผิดรูปแบบ จึงดึงพิกัดกึ่งกลางตำบลจาก DB มาใช้แทน,ค่าว่าง (ไม่มีพิกัด),"Lat: 15.52822808, Long: 104.1100593 (ต.คลีกลิ้ง อ.ศิลาลาด)"
31413,โรงเรียนอนุบาลหลวงปู่สรวง ศรีสะเกษ สำนักงานคณะกรรมการส่งเสริมการศึกษาเอกชน (สช.) กระทรวงศึกษาธิการ,โรงเรียนอนุบาลหลวงปู่สรวง ศรีสะเกษ สำนักงานคณะกรรมการส่งเสริมการศึกษาเอกชน (สช.) กระทรวงศึกษาธิการ,ใช้พิกัดจุดศูนย์กลางตำบล (Subdistrict Center Fallback),เนื่องจากพิกัดเดิมว่างหรือผิดรูปแบบ จึงดึงพิกัดกึ่งกลางตำบลจาก DB มาใช้แทน,ค่าว่าง (ไม่มีพิกัด),"Lat: 14.42294936, Long: 104.0986351 (ต.ไพรพัฒนา อ.ภูสิงห์)"
31457,โรงเรียนวัดไชยมงคลวิทยาคม อุบลราชธานี สำนักงานคณะกรรมการส่งเสริมการศึกษาเอกชน (สช.) กระทรวงศึกษาธิการ,โรงเรียนวัดไชยมงคลวิทยาคม อุบลราชธานี สำนักงานคณะกรรมการส่งเสริมการศึกษาเอกชน (สช.) กระทรวงศึกษาธิการ,แก้ไขตัวสะกดตำบล (Subdistrict Typo),แก้ไขคำสะกดตำบลให้ตรงกับตารางมาตรฐาน DB,ตระการ,ตระการพืชผล
31495,โรงเรียนอนุบาลพุทธเมตตาเขมราฐ อุบลราชธานี สำนักงานคณะกรรมการส่งเสริมการศึกษาเอกชน (สช.) กระทรวงศึกษาธิการ,โรงเรียนอนุบาลพุทธเมตตาเขมราฐ อุบลราชธานี สำนักงานคณะกรรมการส่งเสริมการศึกษาเอกชน (สช.) กระทรวงศึกษาธิการ,ใช้พิกัดจุดศูนย์กลางตำบล (Subdistrict Center Fallback),เนื่องจากพิกัดเดิมว่างหรือผิดรูปแบบ จึงดึงพิกัดกึ่งกลางตำบลจาก DB มาใช้แทน,ค่าว่าง (ไม่มีพิกัด),"Lat: 16.0508989, Long: 105.1581856 (ต.เขมราฐ อ.เขมราฐ)"
31496,โรงเรียนดรงค์พรคริสเตียน อุบลราชธานี สำนักงานคณะกรรมการส่งเสริมการศึกษาเอกชน (สช.) กระทรวงศึกษาธิการ,โรงเรียนดรงค์พรคริสเตียน อุบลราชธานี สำนักงานคณะกรรมการส่งเสริมการศึกษาเอกชน (สช.) กระทรวงศึกษาธิการ,ใช้พิกัดจุดศูนย์กลางตำบล (Subdistrict Center Fallback),เนื่องจากพิกัดเดิมว่างหรือผิดรูปแบบ จึงดึงพิกัดกึ่งกลางตำบลจาก DB มาใช้แทน,ค่าว่าง (ไม่มีพิกัด),"Lat: 15.83188167, Long: 105.3432001 (ต.สองคอน อ.โพธิ์ไทร)"
31497,โรงเรียนเตรียมบัณฑิต 2 อุบลราชธานี สำนักงานคณะกรรมการส่งเสริมการศึกษาเอกชน (สช.) กระทรวงศึกษาธิการ,โรงเรียนเตรียมบัณฑิต 2 อุบลราชธานี สำนักงานคณะกรรมการส่งเสริมการศึกษาเอกชน (สช.) กระทรวงศึกษาธิการ,ใช้พิกัดจุดศูนย์กลางตำบล (Subdistrict Center Fallback),เนื่องจากพิกัดเดิมว่างหรือผิดรูปแบบ จึงดึงพิกัดกึ่งกลางตำบลจาก DB มาใช้แทน,ค่าว่าง (ไม่มีพิกัด),"Lat: 14.73860485, Long: 105.3806842 (ต.บัวงาม อ.บุณฑริก)"
31499,โรงเรียนนานาชาติบีกิน อุบลราชธานี สำนักงานคณะกรรมการส่งเสริมการศึกษาเอกชน (สช.) กระทรวงศึกษาธิการ,โรงเรียนนานาชาติบีกิน อุบลราชธานี สำนักงานคณะกรรมการส่งเสริมการศึกษาเอกชน (สช.) กระทรวงศึกษาธิการ,ใช้พิกัดจุดศูนย์กลางตำบล (Subdistrict Center Fallback),เนื่องจากพิกัดเดิมว่างหรือผิดรูปแบบ จึงดึงพิกัดกึ่งกลางตำบลจาก DB มาใช้แทน,ค่าว่าง (ไม่มีพิกัด),"Lat: 15.24061349, Long: 104.8543619 (ต.ในเมือง อ.เมืองอุบลราชธานี)"
31506,โรงเรียนผ่องแผ้วศึกษาปัญญานุสรณ์ ยโสธร สำนักงานคณะกรรมการส่งเสริมการศึกษาเอกชน (สช.) กระทรวงศึกษาธิการ,โรงเรียนผ่องแผ้วศึกษาปัญญานุสรณ์ ยโสธร สำนักงานคณะกรรมการส่งเสริมการศึกษาเอกชน (สช.) กระทรวงศึกษาธิการ,ใช้พิกัดจุดศูนย์กลางตำบล (Subdistrict Center Fallback),เนื่องจากพิกัดเดิมว่างหรือผิดรูปแบบ จึงดึงพิกัดกึ่งกลางตำบลจาก DB มาใช้แทน,"41.8347,171.7361","Lat: 15.50374271, Long: 104.2442995 (ต.ฟ้าหยาด อ.มหาชนะชัย)"
31519,โรงเรียนอนุบาลชื่นใจกุดชุม ยโสธร สำนักงานคณะกรรมการส่งเสริมการศึกษาเอกชน (สช.) กระทรวงศึกษาธิการ,โรงเรียนอนุบาลชื่นใจกุดชุม ยโสธร สำนักงานคณะกรรมการส่งเสริมการศึกษาเอกชน (สช.) กระทรวงศึกษาธิการ,ใช้พิกัดจุดศูนย์กลางตำบล (Subdistrict Center Fallback),เนื่องจากพิกัดเดิมว่างหรือผิดรูปแบบ จึงดึงพิกัดกึ่งกลางตำบลจาก DB มาใช้แทน,ค่าว่าง (ไม่มีพิกัด),"Lat: 16.07867475, Long: 104.3317676 (ต.กุดชุม อ.กุดชุม)"
31521,โรงเรียนณภัทรพิทยานุกูล ยโสธร สำนักงานคณะกรรมการส่งเสริมการศึกษาเอกชน (สช.) กระทรวงศึกษาธิการ,โรงเรียนณภัทรพิทยานุกูล ยโสธร สำนักงานคณะกรรมการส่งเสริมการศึกษาเอกชน (สช.) กระทรวงศึกษาธิการ,ใช้พิกัดจุดศูนย์กลางตำบล (Subdistrict Center Fallback),เนื่องจากพิกัดเดิมว่างหรือผิดรูปแบบ จึงดึงพิกัดกึ่งกลางตำบลจาก DB มาใช้แทน,ค่าว่าง (ไม่มีพิกัด),"Lat: 15.36262197, Long: 104.3409726 (ต.ค้อวัง อ.ค้อวัง)"
31552,โรงเรียนศรีเทพบาล บำเหน็จณรงค์ ชัยภูมิ สำนักงานคณะกรรมการส่งเสริมการศึกษาเอกชน (สช.) กระทรวงศึกษาธิการ,โรงเรียนศรีเทพบาล บำเหน็จณรงค์ ชัยภูมิ สำนักงานคณะกรรมการส่งเสริมการศึกษาเอกชน (สช.) กระทรวงศึกษาธิการ,ใช้พิกัดจุดศูนย์กลางตำบล (Subdistrict Center Fallback),เนื่องจากพิกัดเดิมว่างหรือผิดรูปแบบ จึงดึงพิกัดกึ่งกลางตำบลจาก DB มาใช้แทน,ค่าว่าง (ไม่มีพิกัด),"Lat: 15.51589664, Long: 101.6556177 (ต.บ้านชวน อ.บำเหน็จณรงค์)"
31553,โรงเรียนบุญสมประสงค์ ชัยภูมิ สำนักงานคณะกรรมการส่งเสริมการศึกษาเอกชน (สช.) กระทรวงศึกษาธิการ,โรงเรียนบุญสมประสงค์ ชัยภูมิ สำนักงานคณะกรรมการส่งเสริมการศึกษาเอกชน (สช.) กระทรวงศึกษาธิการ,ใช้พิกัดจุดศูนย์กลางตำบล (Subdistrict Center Fallback),เนื่องจากพิกัดเดิมว่างหรือผิดรูปแบบ จึงดึงพิกัดกึ่งกลางตำบลจาก DB มาใช้แทน,ค่าว่าง (ไม่มีพิกัด),"Lat: 15.54799909, Long: 101.8620148 (ต.บ้านกอก อ.จัตุรัส)"
31565,โรงเรียนอนุบาลยศวดีเสนางคนิคม อำนาจเจริญ สำนักงานคณะกรรมการส่งเสริมการศึกษาเอกชน (สช.) กระทรวงศึกษาธิการ,โรงเรียนอนุบาลยศวดีเสนางคนิคม อำนาจเจริญ สำนักงานคณะกรรมการส่งเสริมการศึกษาเอกชน (สช.) กระทรวงศึกษาธิการ,ใช้พิกัดจุดศูนย์กลางตำบล (Subdistrict Center Fallback),เนื่องจากพิกัดเดิมว่างหรือผิดรูปแบบ จึงดึงพิกัดกึ่งกลางตำบลจาก DB มาใช้แทน,ค่าว่าง (ไม่มีพิกัด),"Lat: 16.0553141, Long: 104.684527 (ต.เสนางคนิคม อ.เสนางคนิคม)"
31719,โรงเรียนบัวแดงวัฒนา ขอนแก่น สำนักงานคณะกรรมการส่งเสริมการศึกษาเอกชน (สช.) กระทรวงศึกษาธิการ,โรงเรียนบัวแดงวัฒนา ขอนแก่น สำนักงานคณะกรรมการส่งเสริมการศึกษาเอกชน (สช.) กระทรวงศึกษาธิการ,ใช้พิกัดจุดศูนย์กลางตำบล (Subdistrict Center Fallback),เนื่องจากพิกัดเดิมว่างหรือผิดรูปแบบ จึงดึงพิกัดกึ่งกลางตำบลจาก DB มาใช้แทน,ค่าว่าง (ไม่มีพิกัด),"Lat: 16.43853499, Long: 102.8358636 (ต.ในเมือง อ.เมืองขอนแก่น)"
31720,โรงเรียนพรินต์ศึกษา ขอนแก่น สำนักงานคณะกรรมการส่งเสริมการศึกษาเอกชน (สช.) กระทรวงศึกษาธิการ,โรงเรียนพรินต์ศึกษา ขอนแก่น สำนักงานคณะกรรมการส่งเสริมการศึกษาเอกชน (สช.) กระทรวงศึกษาธิการ,ใช้พิกัดจุดศูนย์กลางตำบล (Subdistrict Center Fallback),เนื่องจากพิกัดเดิมว่างหรือผิดรูปแบบ จึงดึงพิกัดกึ่งกลางตำบลจาก DB มาใช้แทน,ค่าว่าง (ไม่มีพิกัด),"Lat: 16.70469713, Long: 102.6133758 (ต.เขื่อนอุบลรัตน์ อ.อุบลรัตน์)"
31721,โรงเรียนบ้านต้นคิด ขอนแก่น สำนักงานคณะกรรมการส่งเสริมการศึกษาเอกชน (สช.) กระทรวงศึกษาธิการ,โรงเรียนบ้านต้นคิด ขอนแก่น สำนักงานคณะกรรมการส่งเสริมการศึกษาเอกชน (สช.) กระทรวงศึกษาธิการ,ใช้พิกัดจุดศูนย์กลางตำบล (Subdistrict Center Fallback),เนื่องจากพิกัดเดิมว่างหรือผิดรูปแบบ จึงดึงพิกัดกึ่งกลางตำบลจาก DB มาใช้แทน,ค่าว่าง (ไม่มีพิกัด),"Lat: 16.44764985, Long: 102.6988445 (ต.บ้านทุ่ม อ.เมืองขอนแก่น)"
31723,โรงเรียนนานาชาติรัตน์ฉัตร ขอนแก่น สำนักงานคณะกรรมการส่งเสริมการศึกษาเอกชน (สช.) กระทรวงศึกษาธิการ,โรงเรียนนานาชาติรัตน์ฉัตร ขอนแก่น สำนักงานคณะกรรมการส่งเสริมการศึกษาเอกชน (สช.) กระทรวงศึกษาธิการ,ใช้พิกัดจุดศูนย์กลางตำบล (Subdistrict Center Fallback),เนื่องจากพิกัดเดิมว่างหรือผิดรูปแบบ จึงดึงพิกัดกึ่งกลางตำบลจาก DB มาใช้แทน,ค่าว่าง (ไม่มีพิกัด),"Lat: 16.4046098, Long: 102.8858862 (ต.พระลับ อ.เมืองขอนแก่น)"
31776,โรงเรียนอนุบาลสรรสร้าง อุดรธานี สำนักงานคณะกรรมการส่งเสริมการศึกษาเอกชน (สช.) กระทรวงศึกษาธิการ,โรงเรียนอนุบาลสรรสร้าง อุดรธานี สำนักงานคณะกรรมการส่งเสริมการศึกษาเอกชน (สช.) กระทรวงศึกษาธิการ,ใช้พิกัดจุดศูนย์กลางตำบล (Subdistrict Center Fallback),เนื่องจากพิกัดเดิมว่างหรือผิดรูปแบบ จึงดึงพิกัดกึ่งกลางตำบลจาก DB มาใช้แทน,ค่าว่าง (ไม่มีพิกัด),"Lat: 17.46834455, Long: 102.7734008 (ต.หมูม่น อ.เมืองอุดรธานี)"
31777,โรงเรียนพิชญพิพัฒน์ อุดรธานี สำนักงานคณะกรรมการส่งเสริมการศึกษาเอกชน (สช.) กระทรวงศึกษาธิการ,โรงเรียนพิชญพิพัฒน์ อุดรธานี สำนักงานคณะกรรมการส่งเสริมการศึกษาเอกชน (สช.) กระทรวงศึกษาธิการ,ใช้พิกัดจุดศูนย์กลางตำบล (Subdistrict Center Fallback),เนื่องจากพิกัดเดิมว่างหรือผิดรูปแบบ จึงดึงพิกัดกึ่งกลางตำบลจาก DB มาใช้แทน,ค่าว่าง (ไม่มีพิกัด),"Lat: 16.97232593, Long: 102.9036592 (ต.โนนสะอาด อ.โนนสะอาด)"
31778,โรงเรียนอนุบาลอิสยารักษ์ อุดรธานี สำนักงานคณะกรรมการส่งเสริมการศึกษาเอกชน (สช.) กระทรวงศึกษาธิการ,โรงเรียนอนุบาลอิสยารักษ์ อุดรธานี สำนักงานคณะกรรมการส่งเสริมการศึกษาเอกชน (สช.) กระทรวงศึกษาธิการ,ใช้พิกัดจุดศูนย์กลางตำบล (Subdistrict Center Fallback),เนื่องจากพิกัดเดิมว่างหรือผิดรูปแบบ จึงดึงพิกัดกึ่งกลางตำบลจาก DB มาใช้แทน,ค่าว่าง (ไม่มีพิกัด),"Lat: 17.74641565, Long: 102.9407282 (ต.โคกกลาง อ.เพ็ญ)"
31781,โรงเรียนอนุบาลนานาชาติ เฮย์ สคูล อุดรธานี อุดรธานี สำนักงานคณะกรรมการส่งเสริมการศึกษาเอกชน (สช.) กระทรวงศึกษาธิการ,โรงเรียนอนุบาลนานาชาติ เฮย์ สคูล อุดรธานี อุดรธานี สำนักงานคณะกรรมการส่งเสริมการศึกษาเอกชน (สช.) กระทรวงศึกษาธิการ,ใช้พิกัดจุดศูนย์กลางตำบล (Subdistrict Center Fallback),เนื่องจากพิกัดเดิมว่างหรือผิดรูปแบบ จึงดึงพิกัดกึ่งกลางตำบลจาก DB มาใช้แทน,ค่าว่าง (ไม่มีพิกัด),"Lat: 17.36170969, Long: 102.8390584 (ต.หนองขอนกว้าง อ.เมืองอุดรธานี)"
31805,โรงเรียนคูนธนาทิพย์วิทยา เลย สำนักงานคณะกรรมการส่งเสริมการศึกษาเอกชน (สช.) กระทรวงศึกษาธิการ,โรงเรียนคูนธนาทิพย์วิทยา เลย สำนักงานคณะกรรมการส่งเสริมการศึกษาเอกชน (สช.) กระทรวงศึกษาธิการ,ใช้พิกัดจุดศูนย์กลางตำบล (Subdistrict Center Fallback),เนื่องจากพิกัดเดิมว่างหรือผิดรูปแบบ จึงดึงพิกัดกึ่งกลางตำบลจาก DB มาใช้แทน,ค่าว่าง (ไม่มีพิกัด),"Lat: 17.25648538, Long: 101.7941314 (ต.ศรีสงคราม อ.วังสะพุง)"
31864,โรงเรียนประถมอนันตญา มหาสารคาม สำนักงานคณะกรรมการส่งเสริมการศึกษาเอกชน (สช.) กระทรวงศึกษาธิการ,โรงเรียนประถมอนันตญา มหาสารคาม สำนักงานคณะกรรมการส่งเสริมการศึกษาเอกชน (สช.) กระทรวงศึกษาธิการ,ใช้พิกัดจุดศูนย์กลางตำบล (Subdistrict Center Fallback),เนื่องจากพิกัดเดิมว่างหรือผิดรูปแบบ จึงดึงพิกัดกึ่งกลางตำบลจาก DB มาใช้แทน,ค่าว่าง (ไม่มีพิกัด),"Lat: 16.13353234, Long: 103.3194681 (ต.แวงน่าง อ.เมืองมหาสารคาม)"
31865,โรงเรียนอภิสดาศึกษา มหาสารคาม สำนักงานคณะกรรมการส่งเสริมการศึกษาเอกชน (สช.) กระทรวงศึกษาธิการ,โรงเรียนอภิสดาศึกษา มหาสารคาม สำนักงานคณะกรรมการส่งเสริมการศึกษาเอกชน (สช.) กระทรวงศึกษาธิการ,ใช้พิกัดจุดศูนย์กลางตำบล (Subdistrict Center Fallback),เนื่องจากพิกัดเดิมว่างหรือผิดรูปแบบ จึงดึงพิกัดกึ่งกลางตำบลจาก DB มาใช้แทน,ค่าว่าง (ไม่มีพิกัด),"Lat: 16.09728417, Long: 103.1114933 (ต.บรบือ อ.บรบือ)"
31922,โรงเรียนอนุบาลมิ่งเมืองโพธิ์ชัยพัฒน์ ร้อยเอ็ด สำนักงานคณะกรรมการส่งเสริมการศึกษาเอกชน (สช.) กระทรวงศึกษาธิการ,โรงเรียนอนุบาลมิ่งเมืองโพธิ์ชัยพัฒน์ ร้อยเอ็ด สำนักงานคณะกรรมการส่งเสริมการศึกษาเอกชน (สช.) กระทรวงศึกษาธิการ,ใช้พิกัดจุดศูนย์กลางตำบล (Subdistrict Center Fallback),เนื่องจากพิกัดเดิมว่างหรือผิดรูปแบบ จึงดึงพิกัดกึ่งกลางตำบลจาก DB มาใช้แทน,ค่าว่าง (ไม่มีพิกัด),"Lat: 16.34003211, Long: 103.7647929 (ต.ขามเปี้ย อ.โพธิ์ชัย)"
31973,โรงเรียนธนวินท์วิทยา กาฬสินธุ์ สำนักงานคณะกรรมการส่งเสริมการศึกษาเอกชน (สช.) กระทรวงศึกษาธิการ,โรงเรียนธนวินท์วิทยา กาฬสินธุ์ สำนักงานคณะกรรมการส่งเสริมการศึกษาเอกชน (สช.) กระทรวงศึกษาธิการ,ใช้พิกัดจุดศูนย์กลางตำบล (Subdistrict Center Fallback),เนื่องจากพิกัดเดิมว่างหรือผิดรูปแบบ จึงดึงพิกัดกึ่งกลางตำบลจาก DB มาใช้แทน,ค่าว่าง (ไม่มีพิกัด),"Lat: 16.43354277, Long: 103.5084109 (ต.กาฬสินธุ์ อ.เมืองกาฬสินธุ์)"
32018,โรงเรียนสองภาษาสกลนคร สกลนคร สำนักงานคณะกรรมการส่งเสริมการศึกษาเอกชน (สช.) กระทรวงศึกษาธิการ,โรงเรียนสองภาษาสกลนคร สกลนคร สำนักงานคณะกรรมการส่งเสริมการศึกษาเอกชน (สช.) กระทรวงศึกษาธิการ,ใช้พิกัดจุดศูนย์กลางตำบล (Subdistrict Center Fallback),เนื่องจากพิกัดเดิมว่างหรือผิดรูปแบบ จึงดึงพิกัดกึ่งกลางตำบลจาก DB มาใช้แทน,ค่าว่าง (ไม่มีพิกัด),"Lat: 17.06147721, Long: 104.1087734 (ต.ดงมะไฟ อ.เมืองสกลนคร)"
32019,โรงเรียนธารปัญญา สกลนคร สำนักงานคณะกรรมการส่งเสริมการศึกษาเอกชน (สช.) กระทรวงศึกษาธิการ,โรงเรียนธารปัญญา สกลนคร สำนักงานคณะกรรมการส่งเสริมการศึกษาเอกชน (สช.) กระทรวงศึกษาธิการ,ใช้พิกัดจุดศูนย์กลางตำบล (Subdistrict Center Fallback),เนื่องจากพิกัดเดิมว่างหรือผิดรูปแบบ จึงดึงพิกัดกึ่งกลางตำบลจาก DB มาใช้แทน,ค่าว่าง (ไม่มีพิกัด),"Lat: 17.63634521, Long: 103.9289368 (ต.วาใหญ่ อ.อากาศอำนวย)"
32041,โรงเรียนเซนต์ยอแซฟบ้านแพง นครพนม สำนักงานคณะกรรมการส่งเสริมการศึกษาเอกชน (สช.) กระทรวงศึกษาธิการ,โรงเรียนเซนต์ยอแซฟบ้านแพง นครพนม สำนักงานคณะกรรมการส่งเสริมการศึกษาเอกชน (สช.) กระทรวงศึกษาธิการ,ใช้พิกัดจุดศูนย์กลางตำบล (Subdistrict Center Fallback),เนื่องจากพิกัดเดิมว่างหรือผิดรูปแบบ จึงดึงพิกัดกึ่งกลางตำบลจาก DB มาใช้แทน,ค่าว่าง (ไม่มีพิกัด),"Lat: 17.94617061, Long: 104.1841635 (ต.บ้านแพง อ.บ้านแพง)"
32182,โรงเรียนอนุบาลเอี่ยมสะอาด เชียงใหม่ สำนักงานคณะกรรมการส่งเสริมการศึกษาเอกชน (สช.) กระทรวงศึกษาธิการ,โรงเรียนอนุบาลเอี่ยมสะอาด เชียงใหม่ สำนักงานคณะกรรมการส่งเสริมการศึกษาเอกชน (สช.) กระทรวงศึกษาธิการ,ใช้พิกัดจุดศูนย์กลางตำบล (Subdistrict Center Fallback),เนื่องจากพิกัดเดิมว่างหรือผิดรูปแบบ จึงดึงพิกัดกึ่งกลางตำบลจาก DB มาใช้แทน,ค่าว่าง (ไม่มีพิกัด),"Lat: 18.85756157, Long: 98.94578061 (ต.ดอนแก้ว อ.แม่ริม)"
32205,โรงเรียนนานาชาติฝรั่งเศสวินฟิลด์ เชียงใหม่ เชียงใหม่ สำนักงานคณะกรรมการส่งเสริมการศึกษาเอกชน (สช.) กระทรวงศึกษาธิการ,โรงเรียนนานาชาติฝรั่งเศสวินฟิลด์ เชียงใหม่ เชียงใหม่ สำนักงานคณะกรรมการส่งเสริมการศึกษาเอกชน (สช.) กระทรวงศึกษาธิการ,ใช้พิกัดจุดศูนย์กลางตำบล (Subdistrict Center Fallback),เนื่องจากพิกัดเดิมว่างหรือผิดรูปแบบ จึงดึงพิกัดกึ่งกลางตำบลจาก DB มาใช้แทน,ค่าว่าง (ไม่มีพิกัด),"Lat: 18.78629401, Long: 99.00918968 (ต.วัดเกต อ.เมืองเชียงใหม่)"
32206,โรงเรียนนานาชาติบอสตัน เชียงใหม่ สำนักงานคณะกรรมการส่งเสริมการศึกษาเอกชน (สช.) กระทรวงศึกษาธิการ,โรงเรียนนานาชาติบอสตัน เชียงใหม่ สำนักงานคณะกรรมการส่งเสริมการศึกษาเอกชน (สช.) กระทรวงศึกษาธิการ,ใช้พิกัดจุดศูนย์กลางตำบล (Subdistrict Center Fallback),เนื่องจากพิกัดเดิมว่างหรือผิดรูปแบบ จึงดึงพิกัดกึ่งกลางตำบลจาก DB มาใช้แทน,ค่าว่าง (ไม่มีพิกัด),"Lat: 18.80498812, Long: 99.06963252 (ต.สันปูเลย อ.ดอยสะเก็ด)"
32207,โรงเรียนนานาชาติมิลล์ฮิลล์ ประเทศไทย เชียงใหม่ สำนักงานคณะกรรมการส่งเสริมการศึกษาเอกชน (สช.) กระทรวงศึกษาธิการ,โรงเรียนนานาชาติมิลล์ฮิลล์ ประเทศไทย เชียงใหม่ สำนักงานคณะกรรมการส่งเสริมการศึกษาเอกชน (สช.) กระทรวงศึกษาธิการ,ใช้พิกัดจุดศูนย์กลางตำบล (Subdistrict Center Fallback),เนื่องจากพิกัดเดิมว่างหรือผิดรูปแบบ จึงดึงพิกัดกึ่งกลางตำบลจาก DB มาใช้แทน,ค่าว่าง (ไม่มีพิกัด),"Lat: 18.80498812, Long: 99.06963252 (ต.สันปูเลย อ.ดอยสะเก็ด)"
32231,โรงเรียนอนุบาลอัมภา ลำพูน สำนักงานคณะกรรมการส่งเสริมการศึกษาเอกชน (สช.) กระทรวงศึกษาธิการ,โรงเรียนอนุบาลอัมภา ลำพูน สำนักงานคณะกรรมการส่งเสริมการศึกษาเอกชน (สช.) กระทรวงศึกษาธิการ,ใช้พิกัดจุดศูนย์กลางตำบล (Subdistrict Center Fallback),เนื่องจากพิกัดเดิมว่างหรือผิดรูปแบบ จึงดึงพิกัดกึ่งกลางตำบลจาก DB มาใช้แทน,ค่าว่าง (ไม่มีพิกัด),"Lat: 18.51895238, Long: 99.0250114 (ต.ป่าสัก อ.เมืองลำพูน)"
32256,โรงเรียนต้นน้ำ ลำปาง สำนักงานคณะกรรมการส่งเสริมการศึกษาเอกชน (สช.) กระทรวงศึกษาธิการ,โรงเรียนต้นน้ำ ลำปาง สำนักงานคณะกรรมการส่งเสริมการศึกษาเอกชน (สช.) กระทรวงศึกษาธิการ,ใช้พิกัดจุดศูนย์กลางตำบล (Subdistrict Center Fallback),เนื่องจากพิกัดเดิมว่างหรือผิดรูปแบบ จึงดึงพิกัดกึ่งกลางตำบลจาก DB มาใช้แทน,ค่าว่าง (ไม่มีพิกัด),"Lat: 19.19149554, Long: 99.57825413 (ต.วังเหนือ อ.วังเหนือ)"
32259,โรงเรียนนานาชาติเซนต์เฮเลียร์-เบรลาร์ด ลำปาง สำนักงานคณะกรรมการส่งเสริมการศึกษาเอกชน (สช.) กระทรวงศึกษาธิการ,โรงเรียนนานาชาติเซนต์เฮเลียร์-เบรลาร์ด ลำปาง สำนักงานคณะกรรมการส่งเสริมการศึกษาเอกชน (สช.) กระทรวงศึกษาธิการ,ใช้พิกัดจุดศูนย์กลางตำบล (Subdistrict Center Fallback),เนื่องจากพิกัดเดิมว่างหรือผิดรูปแบบ จึงดึงพิกัดกึ่งกลางตำบลจาก DB มาใช้แทน,ค่าว่าง (ไม่มีพิกัด),"Lat: 18.25297339, Long: 99.55871248 (ต.พระบาท อ.เมืองลำปาง)"
32269,โรงเรียนวทัญญา อุตรดิตถ์ สำนักงานคณะกรรมการส่งเสริมการศึกษาเอกชน (สช.) กระทรวงศึกษาธิการ,โรงเรียนวทัญญา อุตรดิตถ์ สำนักงานคณะกรรมการส่งเสริมการศึกษาเอกชน (สช.) กระทรวงศึกษาธิการ,ใช้พิกัดจุดศูนย์กลางตำบล (Subdistrict Center Fallback),เนื่องจากพิกัดเดิมว่างหรือผิดรูปแบบ จึงดึงพิกัดกึ่งกลางตำบลจาก DB มาใช้แทน,ค่าว่าง (ไม่มีพิกัด),"Lat: 17.78917811, Long: 100.1243369 (ต.บ้านด่านนาขาม อ.เมืองอุตรดิตถ์)"
32314,โรงเรียนสิทธิไพรวิทยา พะเยา สำนักงานคณะกรรมการส่งเสริมการศึกษาเอกชน (สช.) กระทรวงศึกษาธิการ,โรงเรียนสิทธิไพรวิทยา พะเยา สำนักงานคณะกรรมการส่งเสริมการศึกษาเอกชน (สช.) กระทรวงศึกษาธิการ,ใช้พิกัดจุดศูนย์กลางตำบล (Subdistrict Center Fallback),เนื่องจากพิกัดเดิมว่างหรือผิดรูปแบบ จึงดึงพิกัดกึ่งกลางตำบลจาก DB มาใช้แทน,ค่าว่าง (ไม่มีพิกัด),"Lat: 19.39852264, Long: 99.85716906 (ต.บ้านเหล่า อ.แม่ใจ)"
32315,โรงเรียนอนุบาลดอกรักพะเยา พะเยา สำนักงานคณะกรรมการส่งเสริมการศึกษาเอกชน (สช.) กระทรวงศึกษาธิการ,โรงเรียนอนุบาลดอกรักพะเยา พะเยา สำนักงานคณะกรรมการส่งเสริมการศึกษาเอกชน (สช.) กระทรวงศึกษาธิการ,ใช้พิกัดจุดศูนย์กลางตำบล (Subdistrict Center Fallback),เนื่องจากพิกัดเดิมว่างหรือผิดรูปแบบ จึงดึงพิกัดกึ่งกลางตำบลจาก DB มาใช้แทน,ค่าว่าง (ไม่มีพิกัด),"Lat: 19.01607064, Long: 100.0900075 (ต.หนองหล่ม อ.ดอกคำใต้)"
32385,โรงเรียนทวีเอสซีวิทยา เชียงราย สำนักงานคณะกรรมการส่งเสริมการศึกษาเอกชน (สช.) กระทรวงศึกษาธิการ,โรงเรียนทวีเอสซีวิทยา เชียงราย สำนักงานคณะกรรมการส่งเสริมการศึกษาเอกชน (สช.) กระทรวงศึกษาธิการ,ใช้พิกัดจุดศูนย์กลางตำบล (Subdistrict Center Fallback),เนื่องจากพิกัดเดิมว่างหรือผิดรูปแบบ จึงดึงพิกัดกึ่งกลางตำบลจาก DB มาใช้แทน,ค่าว่าง (ไม่มีพิกัด),"Lat: 19.81007948, Long: 99.80233651 (ต.ป่าอ้อดอนชัย อ.เมืองเชียงราย)"
32387,โรงเรียนปิติศึกษาเชียงราย เชียงราย สำนักงานคณะกรรมการส่งเสริมการศึกษาเอกชน (สช.) กระทรวงศึกษาธิการ,โรงเรียนปิติศึกษาเชียงราย เชียงราย สำนักงานคณะกรรมการส่งเสริมการศึกษาเอกชน (สช.) กระทรวงศึกษาธิการ,ใช้พิกัดจุดศูนย์กลางตำบล (Subdistrict Center Fallback),เนื่องจากพิกัดเดิมว่างหรือผิดรูปแบบ จึงดึงพิกัดกึ่งกลางตำบลจาก DB มาใช้แทน,ค่าว่าง (ไม่มีพิกัด),"Lat: 19.96147433, Long: 99.90012663 (ต.ริมกก อ.เมืองเชียงราย)"
32391,โรงเรียนนานาชาติเกนส์วิลล์ แม่สาย เชียงราย สำนักงานคณะกรรมการส่งเสริมการศึกษาเอกชน (สช.) กระทรวงศึกษาธิการ,โรงเรียนนานาชาติเกนส์วิลล์ แม่สาย เชียงราย สำนักงานคณะกรรมการส่งเสริมการศึกษาเอกชน (สช.) กระทรวงศึกษาธิการ,ใช้พิกัดจุดศูนย์กลางตำบล (Subdistrict Center Fallback),เนื่องจากพิกัดเดิมว่างหรือผิดรูปแบบ จึงดึงพิกัดกึ่งกลางตำบลจาก DB มาใช้แทน,ค่าว่าง (ไม่มีพิกัด),"Lat: 20.4241097, Long: 99.91507732 (ต.แม่สาย อ.แม่สาย)"
32445,โรงเรียนยุวพัฒน์นครสวรรค์ นครสวรรค์ สำนักงานคณะกรรมการส่งเสริมการศึกษาเอกชน (สช.) กระทรวงศึกษาธิการ,โรงเรียนยุวพัฒน์นครสวรรค์ นครสวรรค์ สำนักงานคณะกรรมการส่งเสริมการศึกษาเอกชน (สช.) กระทรวงศึกษาธิการ,แก้ไขตัวสะกดตำบล (Subdistrict Typo),แก้ไขคำสะกดตำบลให้ตรงกับตารางมาตรฐาน DB,วัดไทรย์,วัดไทร
32446,โรงเรียนภูมิบดินทร์ศึกษา นครสวรรค์ สำนักงานคณะกรรมการส่งเสริมการศึกษาเอกชน (สช.) กระทรวงศึกษาธิการ,โรงเรียนภูมิบดินทร์ศึกษา นครสวรรค์ สำนักงานคณะกรรมการส่งเสริมการศึกษาเอกชน (สช.) กระทรวงศึกษาธิการ,ใช้พิกัดจุดศูนย์กลางตำบล (Subdistrict Center Fallback),เนื่องจากพิกัดเดิมว่างหรือผิดรูปแบบ จึงดึงพิกัดกึ่งกลางตำบลจาก DB มาใช้แทน,ค่าว่าง (ไม่มีพิกัด),"Lat: 15.91746694, Long: 100.6044927 (ต.หนองกลับ อ.หนองบัว)"
32447,โรงเรียนหนึ่งฤทัยคินเดอร์การ์เทน นครสวรรค์ สำนักงานคณะกรรมการส่งเสริมการศึกษาเอกชน (สช.) กระทรวงศึกษาธิการ,โรงเรียนหนึ่งฤทัยคินเดอร์การ์เทน นครสวรรค์ สำนักงานคณะกรรมการส่งเสริมการศึกษาเอกชน (สช.) กระทรวงศึกษาธิการ,ใช้พิกัดจุดศูนย์กลางตำบล (Subdistrict Center Fallback),เนื่องจากพิกัดเดิมว่างหรือผิดรูปแบบ จึงดึงพิกัดกึ่งกลางตำบลจาก DB มาใช้แทน,ค่าว่าง (ไม่มีพิกัด),"Lat: 15.70229424, Long: 100.1213205 (ต.ปากน้ำโพ อ.เมืองนครสวรรค์)"
32514,โรงเรียนจักศึกษา ตาก สำนักงานคณะกรรมการส่งเสริมการศึกษาเอกชน (สช.) กระทรวงศึกษาธิการ,โรงเรียนจักศึกษา ตาก สำนักงานคณะกรรมการส่งเสริมการศึกษาเอกชน (สช.) กระทรวงศึกษาธิการ,ใช้พิกัดจุดศูนย์กลางตำบล (Subdistrict Center Fallback),เนื่องจากพิกัดเดิมว่างหรือผิดรูปแบบ จึงดึงพิกัดกึ่งกลางตำบลจาก DB มาใช้แทน,ค่าว่าง (ไม่มีพิกัด),"Lat: 17.11244812, Long: 99.01248578 (ต.เกาะตะเภา อ.บ้านตาก)"
32516,โรงเรียนศรีสุขราษฎร์ศึกษา ตาก สำนักงานคณะกรรมการส่งเสริมการศึกษาเอกชน (สช.) กระทรวงศึกษาธิการ,โรงเรียนศรีสุขราษฎร์ศึกษา ตาก สำนักงานคณะกรรมการส่งเสริมการศึกษาเอกชน (สช.) กระทรวงศึกษาธิการ,ใช้พิกัดจุดศูนย์กลางตำบล (Subdistrict Center Fallback),เนื่องจากพิกัดเดิมว่างหรือผิดรูปแบบ จึงดึงพิกัดกึ่งกลางตำบลจาก DB มาใช้แทน,ค่าว่าง (ไม่มีพิกัด),"Lat: 16.76669115, Long: 98.76670375 (ต.พะวอ อ.แม่สอด)"
32517,โรงเรียนอนุบาลซีดีซี ตาก สำนักงานคณะกรรมการส่งเสริมการศึกษาเอกชน (สช.) กระทรวงศึกษาธิการ,โรงเรียนอนุบาลซีดีซี ตาก สำนักงานคณะกรรมการส่งเสริมการศึกษาเอกชน (สช.) กระทรวงศึกษาธิการ,ใช้พิกัดจุดศูนย์กลางตำบล (Subdistrict Center Fallback),เนื่องจากพิกัดเดิมว่างหรือผิดรูปแบบ จึงดึงพิกัดกึ่งกลางตำบลจาก DB มาใช้แทน,ค่าว่าง (ไม่มีพิกัด),"Lat: 16.72661358, Long: 98.50897085 (ต.ท่าสายลวด อ.แม่สอด)"
32518,โรงเรียนนานาชาติบัยตี ตาก สำนักงานคณะกรรมการส่งเสริมการศึกษาเอกชน (สช.) กระทรวงศึกษาธิการ,โรงเรียนนานาชาติบัยตี ตาก สำนักงานคณะกรรมการส่งเสริมการศึกษาเอกชน (สช.) กระทรวงศึกษาธิการ,ใช้พิกัดจุดศูนย์กลางตำบล (Subdistrict Center Fallback),เนื่องจากพิกัดเดิมว่างหรือผิดรูปแบบ จึงดึงพิกัดกึ่งกลางตำบลจาก DB มาใช้แทน,ค่าว่าง (ไม่มีพิกัด),"Lat: 16.70909724, Long: 98.57117943 (ต.แม่สอด อ.แม่สอด)"
32519,โรงเรียนนานาชาติกาสะลองคิดส์ ตาก สำนักงานคณะกรรมการส่งเสริมการศึกษาเอกชน (สช.) กระทรวงศึกษาธิการ,โรงเรียนนานาชาติกาสะลองคิดส์ ตาก สำนักงานคณะกรรมการส่งเสริมการศึกษาเอกชน (สช.) กระทรวงศึกษาธิการ,ใช้พิกัดจุดศูนย์กลางตำบล (Subdistrict Center Fallback),เนื่องจากพิกัดเดิมว่างหรือผิดรูปแบบ จึงดึงพิกัดกึ่งกลางตำบลจาก DB มาใช้แทน,ค่าว่าง (ไม่มีพิกัด),"Lat: 16.75348334, Long: 98.60273416 (ต.แม่ปะ อ.แม่สอด)"
32530,โรงเรียนร่มฉัตรปัญญา สุโขทัย สำนักงานคณะกรรมการส่งเสริมการศึกษาเอกชน (สช.) กระทรวงศึกษาธิการ,โรงเรียนร่มฉัตรปัญญา สุโขทัย สำนักงานคณะกรรมการส่งเสริมการศึกษาเอกชน (สช.) กระทรวงศึกษาธิการ,ใช้พิกัดจุดศูนย์กลางตำบล (Subdistrict Center Fallback),เนื่องจากพิกัดเดิมว่างหรือผิดรูปแบบ จึงดึงพิกัดกึ่งกลางตำบลจาก DB มาใช้แทน,ค่าว่าง (ไม่มีพิกัด),"Lat: 16.92292703, Long: 99.58808595 (ต.ลานหอย อ.บ้านด่านลานหอย)"
32624,โรงเรียนศิลาริน คริสเตียน เพชรบูรณ์ สำนักงานคณะกรรมการส่งเสริมการศึกษาเอกชน (สช.) กระทรวงศึกษาธิการ,โรงเรียนศิลาริน คริสเตียน เพชรบูรณ์ สำนักงานคณะกรรมการส่งเสริมการศึกษาเอกชน (สช.) กระทรวงศึกษาธิการ,ใช้พิกัดจุดศูนย์กลางตำบล (Subdistrict Center Fallback),เนื่องจากพิกัดเดิมว่างหรือผิดรูปแบบ จึงดึงพิกัดกึ่งกลางตำบลจาก DB มาใช้แทน,ค่าว่าง (ไม่มีพิกัด),"Lat: 16.76307131, Long: 100.9896789 (ต.แคมป์สน อ.เขาค้อ)"
32798,โรงเรียนดารุ้ลญากู๊ตอิสลามศึกษา เพชรบุรี สำนักงานคณะกรรมการส่งเสริมการศึกษาเอกชน (สช.) กระทรวงศึกษาธิการ,โรงเรียนดารุ้ลญากู๊ตอิสลามศึกษา เพชรบุรี สำนักงานคณะกรรมการส่งเสริมการศึกษาเอกชน (สช.) กระทรวงศึกษาธิการ,ใช้พิกัดจุดศูนย์กลางตำบล (Subdistrict Center Fallback),เนื่องจากพิกัดเดิมว่างหรือผิดรูปแบบ จึงดึงพิกัดกึ่งกลางตำบลจาก DB มาใช้แทน,ค่าว่าง (ไม่มีพิกัด),"Lat: 12.74669524, Long: 99.95194638 (ต.ชะอำ อ.ชะอำ)"
32963,โรงเรียนวังม่วงวิทยา นครศรีธรรมราช สำนักงานคณะกรรมการส่งเสริมการศึกษาเอกชน (สช.) กระทรวงศึกษาธิการ,โรงเรียนวังม่วงวิทยา นครศรีธรรมราช สำนักงานคณะกรรมการส่งเสริมการศึกษาเอกชน (สช.) กระทรวงศึกษาธิการ,ใช้พิกัดจุดศูนย์กลางตำบล (Subdistrict Center Fallback),เนื่องจากพิกัดเดิมว่างหรือผิดรูปแบบ จึงดึงพิกัดกึ่งกลางตำบลจาก DB มาใช้แทน,ค่าว่าง (ไม่มีพิกัด),"Lat: 8.388167699, Long: 99.50002934 (ต.ฉวาง อ.ฉวาง)"
32964,โรงเรียนแววตาภัสรนุสรณ์ นครศรีธรรมราช สำนักงานคณะกรรมการส่งเสริมการศึกษาเอกชน (สช.) กระทรวงศึกษาธิการ,โรงเรียนแววตาภัสรนุสรณ์ นครศรีธรรมราช สำนักงานคณะกรรมการส่งเสริมการศึกษาเอกชน (สช.) กระทรวงศึกษาธิการ,ใช้พิกัดจุดศูนย์กลางตำบล (Subdistrict Center Fallback),เนื่องจากพิกัดเดิมว่างหรือผิดรูปแบบ จึงดึงพิกัดกึ่งกลางตำบลจาก DB มาใช้แทน,ค่าว่าง (ไม่มีพิกัด),"Lat: 8.388167699, Long: 99.50002934 (ต.ฉวาง อ.ฉวาง)"
32965,โรงเรียนอนุบาลลูกแพร์ นครศรีธรรมราช สำนักงานคณะกรรมการส่งเสริมการศึกษาเอกชน (สช.) กระทรวงศึกษาธิการ,โรงเรียนอนุบาลลูกแพร์ นครศรีธรรมราช สำนักงานคณะกรรมการส่งเสริมการศึกษาเอกชน (สช.) กระทรวงศึกษาธิการ,ใช้พิกัดจุดศูนย์กลางตำบล (Subdistrict Center Fallback),เนื่องจากพิกัดเดิมว่างหรือผิดรูปแบบ จึงดึงพิกัดกึ่งกลางตำบลจาก DB มาใช้แทน,ค่าว่าง (ไม่มีพิกัด),"Lat: 8.202378823, Long: 100.1666333 (ต.ไสหมาก อ.เชียรใหญ่)"
33012,โรงเรียนอนุบาลรอยยิ้ม กระบี่ สำนักงานคณะกรรมการส่งเสริมการศึกษาเอกชน (สช.) กระทรวงศึกษาธิการ,โรงเรียนอนุบาลรอยยิ้ม กระบี่ สำนักงานคณะกรรมการส่งเสริมการศึกษาเอกชน (สช.) กระทรวงศึกษาธิการ,ใช้พิกัดจุดศูนย์กลางตำบล (Subdistrict Center Fallback),เนื่องจากพิกัดเดิมว่างหรือผิดรูปแบบ จึงดึงพิกัดกึ่งกลางตำบลจาก DB มาใช้แทน,ค่าว่าง (ไม่มีพิกัด),"Lat: 8.068853495, Long: 98.87686912 (ต.ไสไทย อ.เมืองกระบี่)"
33013,โรงเรียนคูเวตวิทยานุสรณ์ กระบี่ สำนักงานคณะกรรมการส่งเสริมการศึกษาเอกชน (สช.) กระทรวงศึกษาธิการ,โรงเรียนคูเวตวิทยานุสรณ์ กระบี่ สำนักงานคณะกรรมการส่งเสริมการศึกษาเอกชน (สช.) กระทรวงศึกษาธิการ,ใช้พิกัดจุดศูนย์กลางตำบล (Subdistrict Center Fallback),เนื่องจากพิกัดเดิมว่างหรือผิดรูปแบบ จึงดึงพิกัดกึ่งกลางตำบลจาก DB มาใช้แทน,ค่าว่าง (ไม่มีพิกัด),"Lat: 8.182446694, Long: 98.72300767 (ต.เขาทอง อ.เมืองกระบี่)"
33017,โรงเรียนนานาชาติเอช้วน กระบี่ สำนักงานคณะกรรมการส่งเสริมการศึกษาเอกชน (สช.) กระทรวงศึกษาธิการ,โรงเรียนนานาชาติเอช้วน กระบี่ สำนักงานคณะกรรมการส่งเสริมการศึกษาเอกชน (สช.) กระทรวงศึกษาธิการ,ใช้พิกัดจุดศูนย์กลางตำบล (Subdistrict Center Fallback),เนื่องจากพิกัดเดิมว่างหรือผิดรูปแบบ จึงดึงพิกัดกึ่งกลางตำบลจาก DB มาใช้แทน,ค่าว่าง (ไม่มีพิกัด),"Lat: 8.197748697, Long: 98.89353547 (ต.ทับปริก อ.เมืองกระบี่)"
33032,โรงเรียนเขาหลักคริสเตียนสองภาษา พังงา สำนักงานคณะกรรมการส่งเสริมการศึกษาเอกชน (สช.) กระทรวงศึกษาธิการ,โรงเรียนเขาหลักคริสเตียนสองภาษา พังงา สำนักงานคณะกรรมการส่งเสริมการศึกษาเอกชน (สช.) กระทรวงศึกษาธิการ,ใช้พิกัดจุดศูนย์กลางตำบล (Subdistrict Center Fallback),เนื่องจากพิกัดเดิมว่างหรือผิดรูปแบบ จึงดึงพิกัดกึ่งกลางตำบลจาก DB มาใช้แทน,ค่าว่าง (ไม่มีพิกัด),"Lat: 8.704076158, Long: 98.28637117 (ต.คึกคัก อ.ตะกั่วป่า)"
33066,โรงเรียนนานาชาติ ร่วมฤดีวิเทศศึกษา ภูเก็ต ภูเก็ต สำนักงานคณะกรรมการส่งเสริมการศึกษาเอกชน (สช.) กระทรวงศึกษาธิการ,โรงเรียนนานาชาติ ร่วมฤดีวิเทศศึกษา ภูเก็ต ภูเก็ต สำนักงานคณะกรรมการส่งเสริมการศึกษาเอกชน (สช.) กระทรวงศึกษาธิการ,ใช้พิกัดจุดศูนย์กลางตำบล (Subdistrict Center Fallback),เนื่องจากพิกัดเดิมว่างหรือผิดรูปแบบ จึงดึงพิกัดกึ่งกลางตำบลจาก DB มาใช้แทน,ค่าว่าง (ไม่มีพิกัด),"Lat: 7.846994416, Long: 98.33518044 (ต.ฉลอง อ.เมืองภูเก็ต)"
33067,โรงเรียนนานาชาติเฮดสตาร์ท เชิงทะเล ภูเก็ต สำนักงานคณะกรรมการส่งเสริมการศึกษาเอกชน (สช.) กระทรวงศึกษาธิการ,โรงเรียนนานาชาติเฮดสตาร์ท เชิงทะเล ภูเก็ต สำนักงานคณะกรรมการส่งเสริมการศึกษาเอกชน (สช.) กระทรวงศึกษาธิการ,ใช้พิกัดจุดศูนย์กลางตำบล (Subdistrict Center Fallback),เนื่องจากพิกัดเดิมว่างหรือผิดรูปแบบ จึงดึงพิกัดกึ่งกลางตำบลจาก DB มาใช้แทน,ค่าว่าง (ไม่มีพิกัด),"Lat: 8.004416655, Long: 98.29928767 (ต.เชิงทะเล อ.ถลาง)"
33068,โรงเรียนนานาชาติ เฮย์ สคูล ภูเก็ต ภูเก็ต สำนักงานคณะกรรมการส่งเสริมการศึกษาเอกชน (สช.) กระทรวงศึกษาธิการ,โรงเรียนนานาชาติ เฮย์ สคูล ภูเก็ต ภูเก็ต สำนักงานคณะกรรมการส่งเสริมการศึกษาเอกชน (สช.) กระทรวงศึกษาธิการ,ใช้พิกัดจุดศูนย์กลางตำบล (Subdistrict Center Fallback),เนื่องจากพิกัดเดิมว่างหรือผิดรูปแบบ จึงดึงพิกัดกึ่งกลางตำบลจาก DB มาใช้แทน,ค่าว่าง (ไม่มีพิกัด),"Lat: 7.982438684, Long: 98.345388 (ต.ศรีสุนทร อ.ถลาง)"
33069,โรงเรียนนานาชาติคินเดอร์วิลล์โนวา ภูเก็ต สำนักงานคณะกรรมการส่งเสริมการศึกษาเอกชน (สช.) กระทรวงศึกษาธิการ,โรงเรียนนานาชาติคินเดอร์วิลล์โนวา ภูเก็ต สำนักงานคณะกรรมการส่งเสริมการศึกษาเอกชน (สช.) กระทรวงศึกษาธิการ,ใช้พิกัดจุดศูนย์กลางตำบล (Subdistrict Center Fallback),เนื่องจากพิกัดเดิมว่างหรือผิดรูปแบบ จึงดึงพิกัดกึ่งกลางตำบลจาก DB มาใช้แทน,ค่าว่าง (ไม่มีพิกัด),"Lat: 7.846994416, Long: 98.33518044 (ต.ฉลอง อ.เมืองภูเก็ต)"
33070,โรงเรียนนานาชาติไลท์เฮ้าส์ แอท ราไวย์ ภูเก็ต สำนักงานคณะกรรมการส่งเสริมการศึกษาเอกชน (สช.) กระทรวงศึกษาธิการ,โรงเรียนนานาชาติไลท์เฮ้าส์ แอท ราไวย์ ภูเก็ต สำนักงานคณะกรรมการส่งเสริมการศึกษาเอกชน (สช.) กระทรวงศึกษาธิการ,ใช้พิกัดจุดศูนย์กลางตำบล (Subdistrict Center Fallback),เนื่องจากพิกัดเดิมว่างหรือผิดรูปแบบ จึงดึงพิกัดกึ่งกลางตำบลจาก DB มาใช้แทน,ค่าว่าง (ไม่มีพิกัด),"Lat: 7.757311559, Long: 98.33144575 (ต.ราไวย์ อ.เมืองภูเก็ต)"
33146,โรงเรียนยุวรัตน์ สุราษฎร์ธานี สำนักงานคณะกรรมการส่งเสริมการศึกษาเอกชน (สช.) กระทรวงศึกษาธิการ,โรงเรียนยุวรัตน์ สุราษฎร์ธานี สำนักงานคณะกรรมการส่งเสริมการศึกษาเอกชน (สช.) กระทรวงศึกษาธิการ,ใช้พิกัดจุดศูนย์กลางตำบล (Subdistrict Center Fallback),เนื่องจากพิกัดเดิมว่างหรือผิดรูปแบบ จึงดึงพิกัดกึ่งกลางตำบลจาก DB มาใช้แทน,ค่าว่าง (ไม่มีพิกัด),"Lat: 9.005549742, Long: 99.47451739 (ต.ช้างขวา อ.กาญจนดิษฐ์)"
33153,โรงเรียนนานาชาติวินฟิลด์ สุราษฎร์ธานี สำนักงานคณะกรรมการส่งเสริมการศึกษาเอกชน (สช.) กระทรวงศึกษาธิการ,โรงเรียนนานาชาติวินฟิลด์ สุราษฎร์ธานี สำนักงานคณะกรรมการส่งเสริมการศึกษาเอกชน (สช.) กระทรวงศึกษาธิการ,ใช้พิกัดจุดศูนย์กลางตำบล (Subdistrict Center Fallback),เนื่องจากพิกัดเดิมว่างหรือผิดรูปแบบ จึงดึงพิกัดกึ่งกลางตำบลจาก DB มาใช้แทน,ค่าว่าง (ไม่มีพิกัด),"Lat: 9.473631532, Long: 100.0288983 (ต.มะเร็ต อ.เกาะสมุย)"
33165,โรงเรียนวิณณ์วัฒนา ระนอง สำนักงานคณะกรรมการส่งเสริมการศึกษาเอกชน (สช.) กระทรวงศึกษาธิการ,โรงเรียนวิณณ์วัฒนา ระนอง สำนักงานคณะกรรมการส่งเสริมการศึกษาเอกชน (สช.) กระทรวงศึกษาธิการ,ใช้พิกัดจุดศูนย์กลางตำบล (Subdistrict Center Fallback),เนื่องจากพิกัดเดิมว่างหรือผิดรูปแบบ จึงดึงพิกัดกึ่งกลางตำบลจาก DB มาใช้แทน,ค่าว่าง (ไม่มีพิกัด),"Lat: 10.00806191, Long: 98.65540208 (ต.บางนอน อ.เมืองระนอง)"
33188,โรงเรียนอนุบาลรังนกน้อย ชุมพร สำนักงานคณะกรรมการส่งเสริมการศึกษาเอกชน (สช.) กระทรวงศึกษาธิการ,โรงเรียนอนุบาลรังนกน้อย ชุมพร สำนักงานคณะกรรมการส่งเสริมการศึกษาเอกชน (สช.) กระทรวงศึกษาธิการ,ใช้พิกัดจุดศูนย์กลางตำบล (Subdistrict Center Fallback),เนื่องจากพิกัดเดิมว่างหรือผิดรูปแบบ จึงดึงพิกัดกึ่งกลางตำบลจาก DB มาใช้แทน,ค่าว่าง (ไม่มีพิกัด),"Lat: 10.44702366, Long: 99.19300854 (ต.บางหมาก อ.เมืองชุมพร)"
33233,โรงเรียนดารุลศาสน์วิทยา สงขลา สำนักงานคณะกรรมการส่งเสริมการศึกษาเอกชน (สช.) กระทรวงศึกษาธิการ,โรงเรียนดารุลศาสน์วิทยา สงขลา สำนักงานคณะกรรมการส่งเสริมการศึกษาเอกชน (สช.) กระทรวงศึกษาธิการ,ใช้พิกัดจุดศูนย์กลางตำบล (Subdistrict Center Fallback),เนื่องจากพิกัดเดิมว่างหรือผิดรูปแบบ จึงดึงพิกัดกึ่งกลางตำบลจาก DB มาใช้แทน,ค่าว่าง (ไม่มีพิกัด),"Lat: 7.106151128, Long: 100.173889 (ต.ท่าชะมวง อ.รัตภูมิ)"
33345,โรงเรียนอนุบาลท่าพระยา สงขลา สำนักงานคณะกรรมการส่งเสริมการศึกษาเอกชน (สช.) กระทรวงศึกษาธิการ,โรงเรียนอนุบาลท่าพระยา สงขลา สำนักงานคณะกรรมการส่งเสริมการศึกษาเอกชน (สช.) กระทรวงศึกษาธิการ,ใช้พิกัดจุดศูนย์กลางตำบล (Subdistrict Center Fallback),เนื่องจากพิกัดเดิมว่างหรือผิดรูปแบบ จึงดึงพิกัดกึ่งกลางตำบลจาก DB มาใช้แทน,ค่าว่าง (ไม่มีพิกัด),"Lat: 6.621697154, Long: 100.9607807 (ต.สะบ้าย้อย อ.สะบ้าย้อย)"
33346,โรงเรียนปัญญะคุณ สงขลา สำนักงานคณะกรรมการส่งเสริมการศึกษาเอกชน (สช.) กระทรวงศึกษาธิการ,โรงเรียนปัญญะคุณ สงขลา สำนักงานคณะกรรมการส่งเสริมการศึกษาเอกชน (สช.) กระทรวงศึกษาธิการ,ใช้พิกัดจุดศูนย์กลางตำบล (Subdistrict Center Fallback),เนื่องจากพิกัดเดิมว่างหรือผิดรูปแบบ จึงดึงพิกัดกึ่งกลางตำบลจาก DB มาใช้แทน,ค่าว่าง (ไม่มีพิกัด),"Lat: 7.101885844, Long: 100.5854143 (ต.พะวง อ.เมืองสงขลา)"
33347,โรงเรียนดารุรอยยาน สงขลา สำนักงานคณะกรรมการส่งเสริมการศึกษาเอกชน (สช.) กระทรวงศึกษาธิการ,โรงเรียนดารุรอยยาน สงขลา สำนักงานคณะกรรมการส่งเสริมการศึกษาเอกชน (สช.) กระทรวงศึกษาธิการ,ใช้พิกัดจุดศูนย์กลางตำบล (Subdistrict Center Fallback),เนื่องจากพิกัดเดิมว่างหรือผิดรูปแบบ จึงดึงพิกัดกึ่งกลางตำบลจาก DB มาใช้แทน,ค่าว่าง (ไม่มีพิกัด),"Lat: 6.621697154, Long: 100.9607807 (ต.สะบ้าย้อย อ.สะบ้าย้อย)"
33348,โรงเรียนหาดใหญ่คริสเตียน สงขลา สำนักงานคณะกรรมการส่งเสริมการศึกษาเอกชน (สช.) กระทรวงศึกษาธิการ,โรงเรียนหาดใหญ่คริสเตียน สงขลา สำนักงานคณะกรรมการส่งเสริมการศึกษาเอกชน (สช.) กระทรวงศึกษาธิการ,ใช้พิกัดจุดศูนย์กลางตำบล (Subdistrict Center Fallback),เนื่องจากพิกัดเดิมว่างหรือผิดรูปแบบ จึงดึงพิกัดกึ่งกลางตำบลจาก DB มาใช้แทน,ค่าว่าง (ไม่มีพิกัด),"Lat: 7.007739109, Long: 100.4698304 (ต.หาดใหญ่ อ.หาดใหญ่)"
33349,โรงเรียนอะเบาท์มอนเทสซอรี่ศึกษา สงขลา สำนักงานคณะกรรมการส่งเสริมการศึกษาเอกชน (สช.) กระทรวงศึกษาธิการ,โรงเรียนอะเบาท์มอนเทสซอรี่ศึกษา สงขลา สำนักงานคณะกรรมการส่งเสริมการศึกษาเอกชน (สช.) กระทรวงศึกษาธิการ,ใช้พิกัดจุดศูนย์กลางตำบล (Subdistrict Center Fallback),เนื่องจากพิกัดเดิมว่างหรือผิดรูปแบบ จึงดึงพิกัดกึ่งกลางตำบลจาก DB มาใช้แทน,ค่าว่าง (ไม่มีพิกัด),"Lat: 6.978694392, Long: 100.4201384 (ต.ควนลัง อ.หาดใหญ่)"
33350,โรงเรียนเพลิน มอนเตสซอรี สงขลา สำนักงานคณะกรรมการส่งเสริมการศึกษาเอกชน (สช.) กระทรวงศึกษาธิการ,โรงเรียนเพลิน มอนเตสซอรี สงขลา สำนักงานคณะกรรมการส่งเสริมการศึกษาเอกชน (สช.) กระทรวงศึกษาธิการ,ใช้พิกัดจุดศูนย์กลางตำบล (Subdistrict Center Fallback),เนื่องจากพิกัดเดิมว่างหรือผิดรูปแบบ จึงดึงพิกัดกึ่งกลางตำบลจาก DB มาใช้แทน,ค่าว่าง (ไม่มีพิกัด),"Lat: 7.007739109, Long: 100.4698304 (ต.หาดใหญ่ อ.หาดใหญ่)"
33351,โรงเรียนอัลมัดรอซะห์อัลอารอบียะห์ สงขลา สำนักงานคณะกรรมการส่งเสริมการศึกษาเอกชน (สช.) กระทรวงศึกษาธิการ,โรงเรียนอัลมัดรอซะห์อัลอารอบียะห์ สงขลา สำนักงานคณะกรรมการส่งเสริมการศึกษาเอกชน (สช.) กระทรวงศึกษาธิการ,ใช้พิกัดจุดศูนย์กลางตำบล (Subdistrict Center Fallback),เนื่องจากพิกัดเดิมว่างหรือผิดรูปแบบ จึงดึงพิกัดกึ่งกลางตำบลจาก DB มาใช้แทน,ค่าว่าง (ไม่มีพิกัด),"Lat: 7.107053452, Long: 100.6360788 (ต.เกาะแต้ว อ.เมืองสงขลา)"
33355,โรงเรียนนานาชาติวันเดอร์แวลี่ย์ สงขลา สำนักงานคณะกรรมการส่งเสริมการศึกษาเอกชน (สช.) กระทรวงศึกษาธิการ,โรงเรียนนานาชาติวันเดอร์แวลี่ย์ สงขลา สำนักงานคณะกรรมการส่งเสริมการศึกษาเอกชน (สช.) กระทรวงศึกษาธิการ,ใช้พิกัดจุดศูนย์กลางตำบล (Subdistrict Center Fallback),เนื่องจากพิกัดเดิมว่างหรือผิดรูปแบบ จึงดึงพิกัดกึ่งกลางตำบลจาก DB มาใช้แทน,ค่าว่าง (ไม่มีพิกัด),"Lat: 6.837913191, Long: 100.5274459 (ต.พะตง อ.หาดใหญ่)"
33384,โรงเรียนศาสนธรรมวิทยา สตูล สำนักงานคณะกรรมการส่งเสริมการศึกษาเอกชน (สช.) กระทรวงศึกษาธิการ,โรงเรียนศาสนธรรมวิทยา สตูล สำนักงานคณะกรรมการส่งเสริมการศึกษาเอกชน (สช.) กระทรวงศึกษาธิการ,ใช้พิกัดจุดศูนย์กลางตำบล (Subdistrict Center Fallback),เนื่องจากพิกัดเดิมว่างหรือผิดรูปแบบ จึงดึงพิกัดกึ่งกลางตำบลจาก DB มาใช้แทน,ค่าว่าง (ไม่มีพิกัด),"Lat: 7.030716211, Long: 99.73863767 (ต.นาทอน อ.ทุ่งหว้า)"
33602,โรงเรียนปัญญาอนุศาสน์วิทยา ปัตตานี สำนักงานคณะกรรมการส่งเสริมการศึกษาเอกชน (สช.) กระทรวงศึกษาธิการ,โรงเรียนปัญญาอนุศาสน์วิทยา ปัตตานี สำนักงานคณะกรรมการส่งเสริมการศึกษาเอกชน (สช.) กระทรวงศึกษาธิการ,ใช้พิกัดจุดศูนย์กลางตำบล (Subdistrict Center Fallback),เนื่องจากพิกัดเดิมว่างหรือผิดรูปแบบ จึงดึงพิกัดกึ่งกลางตำบลจาก DB มาใช้แทน,ค่าว่าง (ไม่มีพิกัด),"Lat: 6.679387269, Long: 101.3586374 (ต.ปะโด อ.มายอ)"
33603,โรงเรียนอนุสรณ์พัฒนา ปัตตานี สำนักงานคณะกรรมการส่งเสริมการศึกษาเอกชน (สช.) กระทรวงศึกษาธิการ,โรงเรียนอนุสรณ์พัฒนา ปัตตานี สำนักงานคณะกรรมการส่งเสริมการศึกษาเอกชน (สช.) กระทรวงศึกษาธิการ,ใช้พิกัดจุดศูนย์กลางตำบล (Subdistrict Center Fallback),เนื่องจากพิกัดเดิมว่างหรือผิดรูปแบบ จึงดึงพิกัดกึ่งกลางตำบลจาก DB มาใช้แทน,ค่าว่าง (ไม่มีพิกัด),"Lat: 6.788346043, Long: 101.4582093 (ต.บาโลย อ.ยะหริ่ง)"
33604,โรงเรียนศาสนวิทยานุสรณ์ ปัตตานี สำนักงานคณะกรรมการส่งเสริมการศึกษาเอกชน (สช.) กระทรวงศึกษาธิการ,โรงเรียนศาสนวิทยานุสรณ์ ปัตตานี สำนักงานคณะกรรมการส่งเสริมการศึกษาเอกชน (สช.) กระทรวงศึกษาธิการ,ใช้พิกัดจุดศูนย์กลางตำบล (Subdistrict Center Fallback),เนื่องจากพิกัดเดิมว่างหรือผิดรูปแบบ จึงดึงพิกัดกึ่งกลางตำบลจาก DB มาใช้แทน,ค่าว่าง (ไม่มีพิกัด),"Lat: 6.729673896, Long: 101.4463598 (ต.สะกำ อ.มายอ)"
33605,โรงเรียนเจริญอรุณศาสตร์รัศมี ปัตตานี สำนักงานคณะกรรมการส่งเสริมการศึกษาเอกชน (สช.) กระทรวงศึกษาธิการ,โรงเรียนเจริญอรุณศาสตร์รัศมี ปัตตานี สำนักงานคณะกรรมการส่งเสริมการศึกษาเอกชน (สช.) กระทรวงศึกษาธิการ,ใช้พิกัดจุดศูนย์กลางตำบล (Subdistrict Center Fallback),เนื่องจากพิกัดเดิมว่างหรือผิดรูปแบบ จึงดึงพิกัดกึ่งกลางตำบลจาก DB มาใช้แทน,ค่าว่าง (ไม่มีพิกัด),"Lat: 6.680547081, Long: 101.2613522 (ต.ม่วงเตี้ย อ.แม่ลาน)"
33607,โรงเรียนอนุบาลเพ็นซิลอนุสรณ์ ปัตตานี สำนักงานคณะกรรมการส่งเสริมการศึกษาเอกชน (สช.) กระทรวงศึกษาธิการ,โรงเรียนอนุบาลเพ็นซิลอนุสรณ์ ปัตตานี สำนักงานคณะกรรมการส่งเสริมการศึกษาเอกชน (สช.) กระทรวงศึกษาธิการ,ใช้พิกัดจุดศูนย์กลางตำบล (Subdistrict Center Fallback),เนื่องจากพิกัดเดิมว่างหรือผิดรูปแบบ จึงดึงพิกัดกึ่งกลางตำบลจาก DB มาใช้แทน,ค่าว่าง (ไม่มีพิกัด),"Lat: 6.820497789, Long: 101.3121808 (ต.สะดาวา อ.ยะรัง)"
33608,โรงเรียนญะบัลรอฮมะห์อนุสรณ์ ปัตตานี สำนักงานคณะกรรมการส่งเสริมการศึกษาเอกชน (สช.) กระทรวงศึกษาธิการ,โรงเรียนญะบัลรอฮมะห์อนุสรณ์ ปัตตานี สำนักงานคณะกรรมการส่งเสริมการศึกษาเอกชน (สช.) กระทรวงศึกษาธิการ,ใช้พิกัดจุดศูนย์กลางตำบล (Subdistrict Center Fallback),เนื่องจากพิกัดเดิมว่างหรือผิดรูปแบบ จึงดึงพิกัดกึ่งกลางตำบลจาก DB มาใช้แทน,ค่าว่าง (ไม่มีพิกัด),"Lat: 6.679387269, Long: 101.3586374 (ต.ปะโด อ.มายอ)"
33705,โรงเรียนอิสลามพิทยาพัฒน์ ยะลา สำนักงานคณะกรรมการส่งเสริมการศึกษาเอกชน (สช.) กระทรวงศึกษาธิการ,โรงเรียนอิสลามพิทยาพัฒน์ ยะลา สำนักงานคณะกรรมการส่งเสริมการศึกษาเอกชน (สช.) กระทรวงศึกษาธิการ,ใช้พิกัดจุดศูนย์กลางตำบล (Subdistrict Center Fallback),เนื่องจากพิกัดเดิมว่างหรือผิดรูปแบบ จึงดึงพิกัดกึ่งกลางตำบลจาก DB มาใช้แทน,ค่าว่าง (ไม่มีพิกัด),"Lat: 6.282035426, Long: 101.3517745 (ต.ตลิ่งชัน อ.บันนังสตา)"
33706,โรงเรียนนูรอนียะฮ์วิทยา ยะลา สำนักงานคณะกรรมการส่งเสริมการศึกษาเอกชน (สช.) กระทรวงศึกษาธิการ,โรงเรียนนูรอนียะฮ์วิทยา ยะลา สำนักงานคณะกรรมการส่งเสริมการศึกษาเอกชน (สช.) กระทรวงศึกษาธิการ,ใช้พิกัดจุดศูนย์กลางตำบล (Subdistrict Center Fallback),เนื่องจากพิกัดเดิมว่างหรือผิดรูปแบบ จึงดึงพิกัดกึ่งกลางตำบลจาก DB มาใช้แทน,ค่าว่าง (ไม่มีพิกัด),"Lat: 6.529599461, Long: 101.2959347 (ต.สะเตงนอก อ.เมืองยะลา)"
33707,โรงเรียนอรุณวิทยานุกูล ยะลา สำนักงานคณะกรรมการส่งเสริมการศึกษาเอกชน (สช.) กระทรวงศึกษาธิการ,โรงเรียนอรุณวิทยานุกูล ยะลา สำนักงานคณะกรรมการส่งเสริมการศึกษาเอกชน (สช.) กระทรวงศึกษาธิการ,ใช้พิกัดจุดศูนย์กลางตำบล (Subdistrict Center Fallback),เนื่องจากพิกัดเดิมว่างหรือผิดรูปแบบ จึงดึงพิกัดกึ่งกลางตำบลจาก DB มาใช้แทน,ค่าว่าง (ไม่มีพิกัด),"Lat: 6.32950526, Long: 101.1071585 (ต.ปะแต อ.ยะหา)"
33708,โรงเรียนศาสนศาสตร์วิทยา ยะลา สำนักงานคณะกรรมการส่งเสริมการศึกษาเอกชน (สช.) กระทรวงศึกษาธิการ,โรงเรียนศาสนศาสตร์วิทยา ยะลา สำนักงานคณะกรรมการส่งเสริมการศึกษาเอกชน (สช.) กระทรวงศึกษาธิการ,ใช้พิกัดจุดศูนย์กลางตำบล (Subdistrict Center Fallback),เนื่องจากพิกัดเดิมว่างหรือผิดรูปแบบ จึงดึงพิกัดกึ่งกลางตำบลจาก DB มาใช้แทน,ค่าว่าง (ไม่มีพิกัด),"Lat: 6.59371613, Long: 101.2660833 (ต.ยุโป อ.เมืองยะลา)"
33709,โรงเรียนอนุบาลฮุสนา ยะลา สำนักงานคณะกรรมการส่งเสริมการศึกษาเอกชน (สช.) กระทรวงศึกษาธิการ,โรงเรียนอนุบาลฮุสนา ยะลา สำนักงานคณะกรรมการส่งเสริมการศึกษาเอกชน (สช.) กระทรวงศึกษาธิการ,ใช้พิกัดจุดศูนย์กลางตำบล (Subdistrict Center Fallback),เนื่องจากพิกัดเดิมว่างหรือผิดรูปแบบ จึงดึงพิกัดกึ่งกลางตำบลจาก DB มาใช้แทน,ค่าว่าง (ไม่มีพิกัด),"Lat: 6.546640643, Long: 101.2797903 (ต.สะเตง อ.เมืองยะลา)"
33710,โรงเรียนบ้านมอนเทสซอรียะลา ยะลา สำนักงานคณะกรรมการส่งเสริมการศึกษาเอกชน (สช.) กระทรวงศึกษาธิการ,โรงเรียนบ้านมอนเทสซอรียะลา ยะลา สำนักงานคณะกรรมการส่งเสริมการศึกษาเอกชน (สช.) กระทรวงศึกษาธิการ,ใช้พิกัดจุดศูนย์กลางตำบล (Subdistrict Center Fallback),เนื่องจากพิกัดเดิมว่างหรือผิดรูปแบบ จึงดึงพิกัดกึ่งกลางตำบลจาก DB มาใช้แทน,ค่าว่าง (ไม่มีพิกัด),"Lat: 6.546640643, Long: 101.2797903 (ต.สะเตง อ.เมืองยะลา)"
33711,โรงเรียนอนุสาสนีนุสรณ์ ยะลา สำนักงานคณะกรรมการส่งเสริมการศึกษาเอกชน (สช.) กระทรวงศึกษาธิการ,โรงเรียนอนุสาสนีนุสรณ์ ยะลา สำนักงานคณะกรรมการส่งเสริมการศึกษาเอกชน (สช.) กระทรวงศึกษาธิการ,ใช้พิกัดจุดศูนย์กลางตำบล (Subdistrict Center Fallback),เนื่องจากพิกัดเดิมว่างหรือผิดรูปแบบ จึงดึงพิกัดกึ่งกลางตำบลจาก DB มาใช้แทน,ค่าว่าง (ไม่มีพิกัด),"Lat: 6.354705632, Long: 101.3204575 (ต.ตาเนาะปูเต๊ะ อ.บันนังสตา)"
33712,โรงเรียนตักวาวิทยานุสรณ์ ยะลา สำนักงานคณะกรรมการส่งเสริมการศึกษาเอกชน (สช.) กระทรวงศึกษาธิการ,โรงเรียนตักวาวิทยานุสรณ์ ยะลา สำนักงานคณะกรรมการส่งเสริมการศึกษาเอกชน (สช.) กระทรวงศึกษาธิการ,ใช้พิกัดจุดศูนย์กลางตำบล (Subdistrict Center Fallback),เนื่องจากพิกัดเดิมว่างหรือผิดรูปแบบ จึงดึงพิกัดกึ่งกลางตำบลจาก DB มาใช้แทน,ค่าว่าง (ไม่มีพิกัด),"Lat: 6.449418237, Long: 101.2378534 (ต.ปุโรง อ.กรงปินัง)"
33809,โรงเรียนฟัครุดดีนวิทยา นราธิวาส สำนักงานคณะกรรมการส่งเสริมการศึกษาเอกชน (สช.) กระทรวงศึกษาธิการ,โรงเรียนฟัครุดดีนวิทยา นราธิวาส สำนักงานคณะกรรมการส่งเสริมการศึกษาเอกชน (สช.) กระทรวงศึกษาธิการ,ใช้พิกัดจุดศูนย์กลางตำบล (Subdistrict Center Fallback),เนื่องจากพิกัดเดิมว่างหรือผิดรูปแบบ จึงดึงพิกัดกึ่งกลางตำบลจาก DB มาใช้แทน,ค่าว่าง (ไม่มีพิกัด),"Lat: 5.902785368, Long: 101.9110678 (ต.ฆอเลาะ อ.แว้ง)"
33810,โรงเรียนอิสลามจิตตปัญญา นราธิวาส สำนักงานคณะกรรมการส่งเสริมการศึกษาเอกชน (สช.) กระทรวงศึกษาธิการ,โรงเรียนอิสลามจิตตปัญญา นราธิวาส สำนักงานคณะกรรมการส่งเสริมการศึกษาเอกชน (สช.) กระทรวงศึกษาธิการ,ใช้พิกัดจุดศูนย์กลางตำบล (Subdistrict Center Fallback),เนื่องจากพิกัดเดิมว่างหรือผิดรูปแบบ จึงดึงพิกัดกึ่งกลางตำบลจาก DB มาใช้แทน,ค่าว่าง (ไม่มีพิกัด),"Lat: 6.004476624, Long: 101.5761849 (ต.ช้างเผือก อ.จะแนะ)"
33811,โรงเรียนอนุบาลเราเฎาะตุลฟิฏเราะฮ์ นราธิวาส สำนักงานคณะกรรมการส่งเสริมการศึกษาเอกชน (สช.) กระทรวงศึกษาธิการ,โรงเรียนอนุบาลเราเฎาะตุลฟิฏเราะฮ์ นราธิวาส สำนักงานคณะกรรมการส่งเสริมการศึกษาเอกชน (สช.) กระทรวงศึกษาธิการ,ใช้พิกัดจุดศูนย์กลางตำบล (Subdistrict Center Fallback),เนื่องจากพิกัดเดิมว่างหรือผิดรูปแบบ จึงดึงพิกัดกึ่งกลางตำบลจาก DB มาใช้แทน,ค่าว่าง (ไม่มีพิกัด),"Lat: 6.254672698, Long: 102.0505962 (ต.เจ๊ะเห อ.ตากใบ)"
33812,โรงเรียนดาริลรอฮีมวิทยา นราธิวาส สำนักงานคณะกรรมการส่งเสริมการศึกษาเอกชน (สช.) กระทรวงศึกษาธิการ,โรงเรียนดาริลรอฮีมวิทยา นราธิวาส สำนักงานคณะกรรมการส่งเสริมการศึกษาเอกชน (สช.) กระทรวงศึกษาธิการ,ใช้พิกัดจุดศูนย์กลางตำบล (Subdistrict Center Fallback),เนื่องจากพิกัดเดิมว่างหรือผิดรูปแบบ จึงดึงพิกัดกึ่งกลางตำบลจาก DB มาใช้แทน,ค่าว่าง (ไม่มีพิกัด),"Lat: 6.546319634, Long: 101.6411676 (ต.กาเยาะมาตี อ.บาเจาะ)"
33813,โรงเรียนอัตเตาฮีดวิทยานุสรณ์ นราธิวาส สำนักงานคณะกรรมการส่งเสริมการศึกษาเอกชน (สช.) กระทรวงศึกษาธิการ,โรงเรียนอัตเตาฮีดวิทยานุสรณ์ นราธิวาส สำนักงานคณะกรรมการส่งเสริมการศึกษาเอกชน (สช.) กระทรวงศึกษาธิการ,ใช้พิกัดจุดศูนย์กลางตำบล (Subdistrict Center Fallback),เนื่องจากพิกัดเดิมว่างหรือผิดรูปแบบ จึงดึงพิกัดกึ่งกลางตำบลจาก DB มาใช้แทน,ค่าว่าง (ไม่มีพิกัด),"Lat: 6.379589573, Long: 101.7040249 (ต.ยี่งอ อ.ยี่งอ)"
33814,โรงเรียนอิกเราะอิสลามวิทยา นราธิวาส สำนักงานคณะกรรมการส่งเสริมการศึกษาเอกชน (สช.) กระทรวงศึกษาธิการ,โรงเรียนอิกเราะอิสลามวิทยา นราธิวาส สำนักงานคณะกรรมการส่งเสริมการศึกษาเอกชน (สช.) กระทรวงศึกษาธิการ,ใช้พิกัดจุดศูนย์กลางตำบล (Subdistrict Center Fallback),เนื่องจากพิกัดเดิมว่างหรือผิดรูปแบบ จึงดึงพิกัดกึ่งกลางตำบลจาก DB มาใช้แทน,ค่าว่าง (ไม่มีพิกัด),"Lat: 6.515025565, Long: 101.6408308 (ต.บาเจาะ อ.บาเจาะ)"
33836,สำนักงานส่งเสริมการเรียนรู้ประจำกรุงเทพมหานคร กรุงเทพมหานคร กรมส่งเสริมการเรียนรู้ (สกร.) กระทรวงศึกษาธิการ,สำนักงานส่งเสริมการเรียนรู้ประจำกรุงเทพมหานคร กรุงเทพมหานคร กรมส่งเสริมการเรียนรู้ (สกร.) กระทรวงศึกษาธิการ,ใช้พิกัดจุดศูนย์กลางตำบล (Subdistrict Center Fallback),เนื่องจากพิกัดเดิมว่างหรือผิดรูปแบบ จึงดึงพิกัดกึ่งกลางตำบลจาก DB มาใช้แทน,ค่าว่าง (ไม่มีพิกัด),"Lat: 13.75220277, Long: 100.4756298 (ต.บ้านช่างหล่อ อ.บางกอกน้อย)"
33869,สำนักงานส่งเสริมการเรียนรู้ประจำจังหวัดสมุทรปราการ สมุทรปราการ กรมส่งเสริมการเรียนรู้ (สกร.) กระทรวงศึกษาธิการ,สำนักงานส่งเสริมการเรียนรู้ประจำจังหวัดสมุทรปราการ สมุทรปราการ กรมส่งเสริมการเรียนรู้ (สกร.) กระทรวงศึกษาธิการ,ใช้พิกัดจุดศูนย์กลางตำบล (Subdistrict Center Fallback),เนื่องจากพิกัดเดิมว่างหรือผิดรูปแบบ จึงดึงพิกัดกึ่งกลางตำบลจาก DB มาใช้แทน,ค่าว่าง (ไม่มีพิกัด),"Lat: 13.59375665, Long: 100.5972164 (ต.ปากน้ำ อ.เมืองสมุทรปราการ)"
33878,สำนักงานส่งเสริมการเรียนรู้ประจำจังหวัดนนทบุรี นนทบุรี กรมส่งเสริมการเรียนรู้ (สกร.) กระทรวงศึกษาธิการ,สำนักงานส่งเสริมการเรียนรู้ประจำจังหวัดนนทบุรี นนทบุรี กรมส่งเสริมการเรียนรู้ (สกร.) กระทรวงศึกษาธิการ,ใช้พิกัดจุดศูนย์กลางตำบล (Subdistrict Center Fallback),เนื่องจากพิกัดเดิมว่างหรือผิดรูปแบบ จึงดึงพิกัดกึ่งกลางตำบลจาก DB มาใช้แทน,ค่าว่าง (ไม่มีพิกัด),"Lat: 13.87518931, Long: 100.4030958 (ต.เสาธงหิน อ.บางใหญ่)"
33883,สำนักงานส่งเสริมการเรียนรู้ประจำจังหวัดปทุมธานี ปทุมธานี กรมส่งเสริมการเรียนรู้ (สกร.) กระทรวงศึกษาธิการ,สำนักงานส่งเสริมการเรียนรู้ประจำจังหวัดปทุมธานี ปทุมธานี กรมส่งเสริมการเรียนรู้ (สกร.) กระทรวงศึกษาธิการ,ใช้พิกัดจุดศูนย์กลางตำบล (Subdistrict Center Fallback),เนื่องจากพิกัดเดิมว่างหรือผิดรูปแบบ จึงดึงพิกัดกึ่งกลางตำบลจาก DB มาใช้แทน,ค่าว่าง (ไม่มีพิกัด),"Lat: 13.98443037, Long: 100.5456864 (ต.บางกะดี อ.เมืองปทุมธานี)"
33887,ศูนย์วิทยาศาสตร์เพื่อการศึกษารังสิต ปทุมธานี กรมส่งเสริมการเรียนรู้ (สกร.) กระทรวงศึกษาธิการ,ศูนย์วิทยาศาสตร์เพื่อการศึกษารังสิต ปทุมธานี กรมส่งเสริมการเรียนรู้ (สกร.) กระทรวงศึกษาธิการ,ใช้พิกัดจุดศูนย์กลางตำบล (Subdistrict Center Fallback),เนื่องจากพิกัดเดิมว่างหรือผิดรูปแบบ จึงดึงพิกัดกึ่งกลางตำบลจาก DB มาใช้แทน,ค่าว่าง (ไม่มีพิกัด),"Lat: 14.01982948, Long: 100.7325955 (ต.รังสิต อ.ธัญบุรี)"
33893,สำนักงานส่งเสริมการเรียนรู้ประจำจังหวัดพระนครศรีอยุธยา พระนครศรีอยุธยา กรมส่งเสริมการเรียนรู้ (สกร.) กระทรวงศึกษาธิการ,สำนักงานส่งเสริมการเรียนรู้ประจำจังหวัดพระนครศรีอยุธยา พระนครศรีอยุธยา กรมส่งเสริมการเรียนรู้ (สกร.) กระทรวงศึกษาธิการ,ใช้พิกัดจุดศูนย์กลางตำบล (Subdistrict Center Fallback),เนื่องจากพิกัดเดิมว่างหรือผิดรูปแบบ จึงดึงพิกัดกึ่งกลางตำบลจาก DB มาใช้แทน,ค่าว่าง (ไม่มีพิกัด),"Lat: 14.35307397, Long: 100.5938097 (ต.ไผ่ลิง อ.พระนครศรีอยุธยา)"
33895,ศูนย์วิทยาศาสตร์เพื่อการศึกษาพระนครศรีอยุธยา พระนครศรีอยุธยา กรมส่งเสริมการเรียนรู้ (สกร.) กระทรวงศึกษาธิการ,ศูนย์วิทยาศาสตร์เพื่อการศึกษาพระนครศรีอยุธยา พระนครศรีอยุธยา กรมส่งเสริมการเรียนรู้ (สกร.) กระทรวงศึกษาธิการ,ใช้พิกัดจุดศูนย์กลางตำบล (Subdistrict Center Fallback),เนื่องจากพิกัดเดิมว่างหรือผิดรูปแบบ จึงดึงพิกัดกึ่งกลางตำบลจาก DB มาใช้แทน,ค่าว่าง (ไม่มีพิกัด),"Lat: 14.35307397, Long: 100.5938097 (ต.ไผ่ลิง อ.พระนครศรีอยุธยา)"
33914,สำนักงานส่งเสริมการเรียนรู้ประจำจังหวัดอ่างทอง อ่างทอง กรมส่งเสริมการเรียนรู้ (สกร.) กระทรวงศึกษาธิการ,สำนักงานส่งเสริมการเรียนรู้ประจำจังหวัดอ่างทอง อ่างทอง กรมส่งเสริมการเรียนรู้ (สกร.) กระทรวงศึกษาธิการ,ใช้พิกัดจุดศูนย์กลางตำบล (Subdistrict Center Fallback),เนื่องจากพิกัดเดิมว่างหรือผิดรูปแบบ จึงดึงพิกัดกึ่งกลางตำบลจาก DB มาใช้แทน,ค่าว่าง (ไม่มีพิกัด),"Lat: 14.64120078, Long: 100.4055741 (ต.บางพลับ อ.โพธิ์ทอง)"
33917,ศูนย์ส่งเสริมการเรียนรู้ระดับอำเภอวิเศษชัยชาญ อ่างทอง กรมส่งเสริมการเรียนรู้ (สกร.) กระทรวงศึกษาธิการ,ศูนย์ส่งเสริมการเรียนรู้ระดับอำเภอวิเศษชัยชาญ อ่างทอง กรมส่งเสริมการเรียนรู้ (สกร.) กระทรวงศึกษาธิการ,แก้ไขตัวสะกดตำบล (Subdistrict Typo),แก้ไขคำสะกดตำบลให้ตรงกับตารางมาตรฐาน DB,ไผ่จำศิล,ไผ่จำศีล
33919,สำนักงานส่งเสริมการเรียนรู้ประจำจังหวัดลพบุรี ลพบุรี กรมส่งเสริมการเรียนรู้ (สกร.) กระทรวงศึกษาธิการ,สำนักงานส่งเสริมการเรียนรู้ประจำจังหวัดลพบุรี ลพบุรี กรมส่งเสริมการเรียนรู้ (สกร.) กระทรวงศึกษาธิการ,ใช้พิกัดจุดศูนย์กลางตำบล (Subdistrict Center Fallback),เนื่องจากพิกัดเดิมว่างหรือผิดรูปแบบ จึงดึงพิกัดกึ่งกลางตำบลจาก DB มาใช้แทน,ค่าว่าง (ไม่มีพิกัด),"Lat: 14.81640043, Long: 100.6309854 (ต.ทะเลชุบศร อ.เมืองลพบุรี)"
33931,สำนักงานส่งเสริมการเรียนรู้ประจำจังหวัดสิงห์บุรี สิงห์บุรี กรมส่งเสริมการเรียนรู้ (สกร.) กระทรวงศึกษาธิการ,สำนักงานส่งเสริมการเรียนรู้ประจำจังหวัดสิงห์บุรี สิงห์บุรี กรมส่งเสริมการเรียนรู้ (สกร.) กระทรวงศึกษาธิการ,ใช้พิกัดจุดศูนย์กลางตำบล (Subdistrict Center Fallback),เนื่องจากพิกัดเดิมว่างหรือผิดรูปแบบ จึงดึงพิกัดกึ่งกลางตำบลจาก DB มาใช้แทน,ค่าว่าง (ไม่มีพิกัด),"Lat: 14.86892175, Long: 100.4272518 (ต.ม่วงหมู่ อ.เมืองสิงห์บุรี)"
33938,สำนักงานส่งเสริมการเรียนรู้ประจำจังหวัดชัยนาท ชัยนาท กรมส่งเสริมการเรียนรู้ (สกร.) กระทรวงศึกษาธิการ,สำนักงานส่งเสริมการเรียนรู้ประจำจังหวัดชัยนาท ชัยนาท กรมส่งเสริมการเรียนรู้ (สกร.) กระทรวงศึกษาธิการ,ใช้พิกัดจุดศูนย์กลางตำบล (Subdistrict Center Fallback),เนื่องจากพิกัดเดิมว่างหรือผิดรูปแบบ จึงดึงพิกัดกึ่งกลางตำบลจาก DB มาใช้แทน,ค่าว่าง (ไม่มีพิกัด),"Lat: 15.22170814, Long: 100.1467201 (ต.เขาท่าพระ อ.เมืองชัยนาท)"
33947,สำนักงานส่งเสริมการเรียนรู้ประจำจังหวัดสระบุรี สระบุรี กรมส่งเสริมการเรียนรู้ (สกร.) กระทรวงศึกษาธิการ,สำนักงานส่งเสริมการเรียนรู้ประจำจังหวัดสระบุรี สระบุรี กรมส่งเสริมการเรียนรู้ (สกร.) กระทรวงศึกษาธิการ,ใช้พิกัดจุดศูนย์กลางตำบล (Subdistrict Center Fallback),เนื่องจากพิกัดเดิมว่างหรือผิดรูปแบบ จึงดึงพิกัดกึ่งกลางตำบลจาก DB มาใช้แทน,ค่าว่าง (ไม่มีพิกัด),"Lat: 14.53373277, Long: 100.9139146 (ต.ปากเพรียว อ.เมืองสระบุรี)"
33961,สำนักงานส่งเสริมการเรียนรู้ประจำจังหวัดชลบุรี ชลบุรี กรมส่งเสริมการเรียนรู้ (สกร.) กระทรวงศึกษาธิการ,สำนักงานส่งเสริมการเรียนรู้ประจำจังหวัดชลบุรี ชลบุรี กรมส่งเสริมการเรียนรู้ (สกร.) กระทรวงศึกษาธิการ,ใช้พิกัดจุดศูนย์กลางตำบล (Subdistrict Center Fallback),เนื่องจากพิกัดเดิมว่างหรือผิดรูปแบบ จึงดึงพิกัดกึ่งกลางตำบลจาก DB มาใช้แทน,ค่าว่าง (ไม่มีพิกัด),"Lat: 13.32775612, Long: 100.9524887 (ต.เสม็ด อ.เมืองชลบุรี)"
33966,ศูนย์ฝึกและพัฒนาอาชีพเกษตรกรรมวัดญาณสังวรารามวรมหาวิหาร อันเนื่องมาจากพระราชดำริ ชลบุรี กรมส่งเสริมการเรียนรู้ (สกร.) กระทรวงศึกษาธิการ,ศูนย์ฝึกและพัฒนาอาชีพเกษตรกรรมวัดญาณสังวรารามวรมหาวิหาร อันเนื่องมาจากพระราชดำริ ชลบุรี กรมส่งเสริมการเรียนรู้ (สกร.) กระทรวงศึกษาธิการ,ใช้พิกัดจุดศูนย์กลางตำบล (Subdistrict Center Fallback),เนื่องจากพิกัดเดิมว่างหรือผิดรูปแบบ จึงดึงพิกัดกึ่งกลางตำบลจาก DB มาใช้แทน,ค่าว่าง (ไม่มีพิกัด),"Lat: 12.84022435, Long: 100.9833749 (ต.ห้วยใหญ่ อ.บางละมุง)"
33974,สำนักงานส่งเสริมการเรียนรู้ประจำจังหวัดระยอง ระยอง กรมส่งเสริมการเรียนรู้ (สกร.) กระทรวงศึกษาธิการ,สำนักงานส่งเสริมการเรียนรู้ประจำจังหวัดระยอง ระยอง กรมส่งเสริมการเรียนรู้ (สกร.) กระทรวงศึกษาธิการ,ใช้พิกัดจุดศูนย์กลางตำบล (Subdistrict Center Fallback),เนื่องจากพิกัดเดิมว่างหรือผิดรูปแบบ จึงดึงพิกัดกึ่งกลางตำบลจาก DB มาใช้แทน,ค่าว่าง (ไม่มีพิกัด),"Lat: 12.64760639, Long: 101.1705258 (ต.เนินพระ อ.เมืองระยอง)"
33976,สถาบันส่งเสริมการเรียนรู้ภาคตะวันออก ระยอง กรมส่งเสริมการเรียนรู้ (สกร.) กระทรวงศึกษาธิการ,สถาบันส่งเสริมการเรียนรู้ภาคตะวันออก ระยอง กรมส่งเสริมการเรียนรู้ (สกร.) กระทรวงศึกษาธิการ,ใช้พิกัดจุดศูนย์กลางตำบล (Subdistrict Center Fallback),เนื่องจากพิกัดเดิมว่างหรือผิดรูปแบบ จึงดึงพิกัดกึ่งกลางตำบลจาก DB มาใช้แทน,ค่าว่าง (ไม่มีพิกัด),"Lat: 12.66062687, Long: 101.3729855 (ต.ตะพง อ.เมืองระยอง)"
33984,สำนักงานส่งเสริมการเรียนรู้ประจำจังหวัดจันทบุรี จันทบุรี กรมส่งเสริมการเรียนรู้ (สกร.) กระทรวงศึกษาธิการ,สำนักงานส่งเสริมการเรียนรู้ประจำจังหวัดจันทบุรี จันทบุรี กรมส่งเสริมการเรียนรู้ (สกร.) กระทรวงศึกษาธิการ,ใช้พิกัดจุดศูนย์กลางตำบล (Subdistrict Center Fallback),เนื่องจากพิกัดเดิมว่างหรือผิดรูปแบบ จึงดึงพิกัดกึ่งกลางตำบลจาก DB มาใช้แทน,ค่าว่าง (ไม่มีพิกัด),"Lat: 12.60804585, Long: 102.1695229 (ต.พลับพลา อ.เมืองจันทบุรี)"
33995,สำนักงานส่งเสริมการเรียนรู้ประจำจังหวัดตราด ตราด กรมส่งเสริมการเรียนรู้ (สกร.) กระทรวงศึกษาธิการ,สำนักงานส่งเสริมการเรียนรู้ประจำจังหวัดตราด ตราด กรมส่งเสริมการเรียนรู้ (สกร.) กระทรวงศึกษาธิการ,ใช้พิกัดจุดศูนย์กลางตำบล (Subdistrict Center Fallback),เนื่องจากพิกัดเดิมว่างหรือผิดรูปแบบ จึงดึงพิกัดกึ่งกลางตำบลจาก DB มาใช้แทน,ค่าว่าง (ไม่มีพิกัด),"Lat: 12.28309757, Long: 102.4723348 (ต.วังกระแจะ อ.เมืองตราด)"
34003,สำนักงานส่งเสริมการเรียนรู้ประจำจังหวัดฉะเชิงเทรา ฉะเชิงเทรา กรมส่งเสริมการเรียนรู้ (สกร.) กระทรวงศึกษาธิการ,สำนักงานส่งเสริมการเรียนรู้ประจำจังหวัดฉะเชิงเทรา ฉะเชิงเทรา กรมส่งเสริมการเรียนรู้ (สกร.) กระทรวงศึกษาธิการ,ใช้พิกัดจุดศูนย์กลางตำบล (Subdistrict Center Fallback),เนื่องจากพิกัดเดิมว่างหรือผิดรูปแบบ จึงดึงพิกัดกึ่งกลางตำบลจาก DB มาใช้แทน,ค่าว่าง (ไม่มีพิกัด),"Lat: 13.6852878, Long: 101.0686436 (ต.หน้าเมือง อ.เมืองฉะเชิงเทรา)"
34015,สำนักงานส่งเสริมการเรียนรู้ประจำจังหวัดปราจีนบุรี ปราจีนบุรี กรมส่งเสริมการเรียนรู้ (สกร.) กระทรวงศึกษาธิการ,สำนักงานส่งเสริมการเรียนรู้ประจำจังหวัดปราจีนบุรี ปราจีนบุรี กรมส่งเสริมการเรียนรู้ (สกร.) กระทรวงศึกษาธิการ,ใช้พิกัดจุดศูนย์กลางตำบล (Subdistrict Center Fallback),เนื่องจากพิกัดเดิมว่างหรือผิดรูปแบบ จึงดึงพิกัดกึ่งกลางตำบลจาก DB มาใช้แทน,ค่าว่าง (ไม่มีพิกัด),"Lat: 14.20084104, Long: 101.3849701 (ต.เนินหอม อ.เมืองปราจีนบุรี)"
34023,สำนักงานส่งเสริมการเรียนรู้ประจำจังหวัดนครนายก นครนายก กรมส่งเสริมการเรียนรู้ (สกร.) กระทรวงศึกษาธิการ,สำนักงานส่งเสริมการเรียนรู้ประจำจังหวัดนครนายก นครนายก กรมส่งเสริมการเรียนรู้ (สกร.) กระทรวงศึกษาธิการ,ใช้พิกัดจุดศูนย์กลางตำบล (Subdistrict Center Fallback),เนื่องจากพิกัดเดิมว่างหรือผิดรูปแบบ จึงดึงพิกัดกึ่งกลางตำบลจาก DB มาใช้แทน,ค่าว่าง (ไม่มีพิกัด),"Lat: 14.19034311, Long: 101.1680237 (ต.ท่าช้าง อ.เมืองนครนายก)"
34028,สำนักงานส่งเสริมการเรียนรู้ประจำจังหวัดสระแก้ว สระแก้ว กรมส่งเสริมการเรียนรู้ (สกร.) กระทรวงศึกษาธิการ,สำนักงานส่งเสริมการเรียนรู้ประจำจังหวัดสระแก้ว สระแก้ว กรมส่งเสริมการเรียนรู้ (สกร.) กระทรวงศึกษาธิการ,ใช้พิกัดจุดศูนย์กลางตำบล (Subdistrict Center Fallback),เนื่องจากพิกัดเดิมว่างหรือผิดรูปแบบ จึงดึงพิกัดกึ่งกลางตำบลจาก DB มาใช้แทน,ค่าว่าง (ไม่มีพิกัด),"Lat: 13.76499719, Long: 102.1667876 (ต.ท่าเกษม อ.เมืองสระแก้ว)"
34030,ศูนย์ฝึกและพัฒนาอาชีพราษฎรไทยบริเวณชายแดนสระแก้ว สระแก้ว กรมส่งเสริมการเรียนรู้ (สกร.) กระทรวงศึกษาธิการ,ศูนย์ฝึกและพัฒนาอาชีพราษฎรไทยบริเวณชายแดนสระแก้ว สระแก้ว กรมส่งเสริมการเรียนรู้ (สกร.) กระทรวงศึกษาธิการ,ใช้พิกัดจุดศูนย์กลางตำบล (Subdistrict Center Fallback),เนื่องจากพิกัดเดิมว่างหรือผิดรูปแบบ จึงดึงพิกัดกึ่งกลางตำบลจาก DB มาใช้แทน,ค่าว่าง (ไม่มีพิกัด),"Lat: 13.76499719, Long: 102.1667876 (ต.ท่าเกษม อ.เมืองสระแก้ว)"
34031,ศูนย์วิทยาศาสตร์เพื่อการศึกษาสระแก้ว สระแก้ว กรมส่งเสริมการเรียนรู้ (สกร.) กระทรวงศึกษาธิการ,ศูนย์วิทยาศาสตร์เพื่อการศึกษาสระแก้ว สระแก้ว กรมส่งเสริมการเรียนรู้ (สกร.) กระทรวงศึกษาธิการ,ใช้พิกัดจุดศูนย์กลางตำบล (Subdistrict Center Fallback),เนื่องจากพิกัดเดิมว่างหรือผิดรูปแบบ จึงดึงพิกัดกึ่งกลางตำบลจาก DB มาใช้แทน,ค่าว่าง (ไม่มีพิกัด),"Lat: 13.76499719, Long: 102.1667876 (ต.ท่าเกษม อ.เมืองสระแก้ว)"
34040,สำนักงานส่งเสริมการเรียนรู้ประจำจังหวัดนครราชสีมา นครราชสีมา กรมส่งเสริมการเรียนรู้ (สกร.) กระทรวงศึกษาธิการ,สำนักงานส่งเสริมการเรียนรู้ประจำจังหวัดนครราชสีมา นครราชสีมา กรมส่งเสริมการเรียนรู้ (สกร.) กระทรวงศึกษาธิการ,ใช้พิกัดจุดศูนย์กลางตำบล (Subdistrict Center Fallback),เนื่องจากพิกัดเดิมว่างหรือผิดรูปแบบ จึงดึงพิกัดกึ่งกลางตำบลจาก DB มาใช้แทน,ค่าว่าง (ไม่มีพิกัด),"Lat: 14.97515943, Long: 102.0841891 (ต.ในเมือง อ.เมืองนครราชสีมา)"
34061,ศูนย์วิทยาศาสตร์เพื่อการศึกษานครราชสีมา นครราชสีมา กรมส่งเสริมการเรียนรู้ (สกร.) กระทรวงศึกษาธิการ,ศูนย์วิทยาศาสตร์เพื่อการศึกษานครราชสีมา นครราชสีมา กรมส่งเสริมการเรียนรู้ (สกร.) กระทรวงศึกษาธิการ,ใช้พิกัดจุดศูนย์กลางตำบล (Subdistrict Center Fallback),เนื่องจากพิกัดเดิมว่างหรือผิดรูปแบบ จึงดึงพิกัดกึ่งกลางตำบลจาก DB มาใช้แทน,ค่าว่าง (ไม่มีพิกัด),"Lat: 14.8272837, Long: 101.697013 (ต.มิตรภาพ อ.สีคิ้ว)"
34074,สำนักงานส่งเสริมการเรียนรู้ประจำจังหวัดบุรีรัมย์ บุรีรัมย์ กรมส่งเสริมการเรียนรู้ (สกร.) กระทรวงศึกษาธิการ,สำนักงานส่งเสริมการเรียนรู้ประจำจังหวัดบุรีรัมย์ บุรีรัมย์ กรมส่งเสริมการเรียนรู้ (สกร.) กระทรวงศึกษาธิการ,ใช้พิกัดจุดศูนย์กลางตำบล (Subdistrict Center Fallback),เนื่องจากพิกัดเดิมว่างหรือผิดรูปแบบ จึงดึงพิกัดกึ่งกลางตำบลจาก DB มาใช้แทน,ค่าว่าง (ไม่มีพิกัด),"Lat: 14.88814346, Long: 103.0588802 (ต.เสม็ด อ.เมืองบุรีรัมย์)"
34086,ศูนย์ส่งเสริมการเรียนรู้ระดับอำเภอปะคำ บุรีรัมย์ กรมส่งเสริมการเรียนรู้ (สกร.) กระทรวงศึกษาธิการ,ศูนย์ส่งเสริมการเรียนรู้ระดับอำเภอปะคำ บุรีรัมย์ กรมส่งเสริมการเรียนรู้ (สกร.) กระทรวงศึกษาธิการ,ใช้พิกัดจุดศูนย์กลางตำบล (Subdistrict Center Fallback),เนื่องจากพิกัดเดิมว่างหรือผิดรูปแบบ จึงดึงพิกัดกึ่งกลางตำบลจาก DB มาใช้แทน,"14.438143,14.438143","Lat: 14.43345152, Long: 102.7360747 (ต.ปะคำ อ.ปะคำ)"
34098,สำนักงานส่งเสริมการเรียนรู้ประจำจังหวัดสุรินทร์ สุรินทร์ กรมส่งเสริมการเรียนรู้ (สกร.) กระทรวงศึกษาธิการ,สำนักงานส่งเสริมการเรียนรู้ประจำจังหวัดสุรินทร์ สุรินทร์ กรมส่งเสริมการเรียนรู้ (สกร.) กระทรวงศึกษาธิการ,ใช้พิกัดจุดศูนย์กลางตำบล (Subdistrict Center Fallback),เนื่องจากพิกัดเดิมว่างหรือผิดรูปแบบ จึงดึงพิกัดกึ่งกลางตำบลจาก DB มาใช้แทน,ค่าว่าง (ไม่มีพิกัด),"Lat: 14.85939685, Long: 103.4939713 (ต.นอกเมือง อ.เมืองสุรินทร์)"
34105,ศูนย์ฝึกและพัฒนาอาชีพราษฎรไทยบริเวณชายแดนสุรินทร์ สุรินทร์ กรมส่งเสริมการเรียนรู้ (สกร.) กระทรวงศึกษาธิการ,ศูนย์ฝึกและพัฒนาอาชีพราษฎรไทยบริเวณชายแดนสุรินทร์ สุรินทร์ กรมส่งเสริมการเรียนรู้ (สกร.) กระทรวงศึกษาธิการ,ใช้พิกัดจุดศูนย์กลางตำบล (Subdistrict Center Fallback),เนื่องจากพิกัดเดิมว่างหรือผิดรูปแบบ จึงดึงพิกัดกึ่งกลางตำบลจาก DB มาใช้แทน,ค่าว่าง (ไม่มีพิกัด),"Lat: 14.48111852, Long: 103.5758157 (ต.กาบเชิง อ.กาบเชิง)"
34117,สำนักงานส่งเสริมการเรียนรู้ประจำจังหวัดศรีสะเกษ ศรีสะเกษ กรมส่งเสริมการเรียนรู้ (สกร.) กระทรวงศึกษาธิการ,สำนักงานส่งเสริมการเรียนรู้ประจำจังหวัดศรีสะเกษ ศรีสะเกษ กรมส่งเสริมการเรียนรู้ (สกร.) กระทรวงศึกษาธิการ,ใช้พิกัดจุดศูนย์กลางตำบล (Subdistrict Center Fallback),เนื่องจากพิกัดเดิมว่างหรือผิดรูปแบบ จึงดึงพิกัดกึ่งกลางตำบลจาก DB มาใช้แทน,ค่าว่าง (ไม่มีพิกัด),"Lat: 15.0800346, Long: 104.290745 (ต.หนองครก อ.เมืองศรีสะเกษ)"
34140,สำนักงานส่งเสริมการเรียนรู้ประจำจังหวัดอุบลราชธานี อุบลราชธานี กรมส่งเสริมการเรียนรู้ (สกร.) กระทรวงศึกษาธิการ,สำนักงานส่งเสริมการเรียนรู้ประจำจังหวัดอุบลราชธานี อุบลราชธานี กรมส่งเสริมการเรียนรู้ (สกร.) กระทรวงศึกษาธิการ,ใช้พิกัดจุดศูนย์กลางตำบล (Subdistrict Center Fallback),เนื่องจากพิกัดเดิมว่างหรือผิดรูปแบบ จึงดึงพิกัดกึ่งกลางตำบลจาก DB มาใช้แทน,ค่าว่าง (ไม่มีพิกัด),"Lat: 15.24061349, Long: 104.8543619 (ต.ในเมือง อ.เมืองอุบลราชธานี)"
34142,สถาบันส่งเสริมการเรียนรู้ภาคตะวันออกเฉียงเหนือ อุบลราชธานี กรมส่งเสริมการเรียนรู้ (สกร.) กระทรวงศึกษาธิการ,สถาบันส่งเสริมการเรียนรู้ภาคตะวันออกเฉียงเหนือ อุบลราชธานี กรมส่งเสริมการเรียนรู้ (สกร.) กระทรวงศึกษาธิการ,ใช้พิกัดจุดศูนย์กลางตำบล (Subdistrict Center Fallback),เนื่องจากพิกัดเดิมว่างหรือผิดรูปแบบ จึงดึงพิกัดกึ่งกลางตำบลจาก DB มาใช้แทน,ค่าว่าง (ไม่มีพิกัด),"Lat: 15.24061349, Long: 104.8543619 (ต.ในเมือง อ.เมืองอุบลราชธานี)"
34143,ศูนย์วิทยาศาสตร์เพื่อการศึกษาอุบลราชธานี อุบลราชธานี กรมส่งเสริมการเรียนรู้ (สกร.) กระทรวงศึกษาธิการ,ศูนย์วิทยาศาสตร์เพื่อการศึกษาอุบลราชธานี อุบลราชธานี กรมส่งเสริมการเรียนรู้ (สกร.) กระทรวงศึกษาธิการ,ใช้พิกัดจุดศูนย์กลางตำบล (Subdistrict Center Fallback),เนื่องจากพิกัดเดิมว่างหรือผิดรูปแบบ จึงดึงพิกัดกึ่งกลางตำบลจาก DB มาใช้แทน,ค่าว่าง (ไม่มีพิกัด),"Lat: 15.24061349, Long: 104.8543619 (ต.ในเมือง อ.เมืองอุบลราชธานี)"
34168,สำนักงานส่งเสริมการเรียนรู้ประจำจังหวัดยโสธร ยโสธร กรมส่งเสริมการเรียนรู้ (สกร.) กระทรวงศึกษาธิการ,สำนักงานส่งเสริมการเรียนรู้ประจำจังหวัดยโสธร ยโสธร กรมส่งเสริมการเรียนรู้ (สกร.) กระทรวงศึกษาธิการ,ใช้พิกัดจุดศูนย์กลางตำบล (Subdistrict Center Fallback),เนื่องจากพิกัดเดิมว่างหรือผิดรูปแบบ จึงดึงพิกัดกึ่งกลางตำบลจาก DB มาใช้แทน,ค่าว่าง (ไม่มีพิกัด),"Lat: 15.83919093, Long: 104.1121285 (ต.สำราญ อ.เมืองยโสธร)"
34178,สำนักงานส่งเสริมการเรียนรู้ประจำจังหวัดชัยภูมิ ชัยภูมิ กรมส่งเสริมการเรียนรู้ (สกร.) กระทรวงศึกษาธิการ,สำนักงานส่งเสริมการเรียนรู้ประจำจังหวัดชัยภูมิ ชัยภูมิ กรมส่งเสริมการเรียนรู้ (สกร.) กระทรวงศึกษาธิการ,ใช้พิกัดจุดศูนย์กลางตำบล (Subdistrict Center Fallback),เนื่องจากพิกัดเดิมว่างหรือผิดรูปแบบ จึงดึงพิกัดกึ่งกลางตำบลจาก DB มาใช้แทน,ค่าว่าง (ไม่มีพิกัด),"Lat: 15.80723316, Long: 102.0353683 (ต.ในเมือง อ.เมืองชัยภูมิ)"
34195,สำนักงานส่งเสริมการเรียนรู้ประจำจังหวัดอำนาจเจริญ อำนาจเจริญ กรมส่งเสริมการเรียนรู้ (สกร.) กระทรวงศึกษาธิการ,สำนักงานส่งเสริมการเรียนรู้ประจำจังหวัดอำนาจเจริญ อำนาจเจริญ กรมส่งเสริมการเรียนรู้ (สกร.) กระทรวงศึกษาธิการ,ใช้พิกัดจุดศูนย์กลางตำบล (Subdistrict Center Fallback),เนื่องจากพิกัดเดิมว่างหรือผิดรูปแบบ จึงดึงพิกัดกึ่งกลางตำบลจาก DB มาใช้แทน,ค่าว่าง (ไม่มีพิกัด),"Lat: 15.87129222, Long: 104.6307043 (ต.บุ่ง อ.เมืองอำนาจเจริญ)"
34203,สำนักงานส่งเสริมการเรียนรู้ประจำจังหวัดบึงกาฬ บึงกาฬ กรมส่งเสริมการเรียนรู้ (สกร.) กระทรวงศึกษาธิการ,สำนักงานส่งเสริมการเรียนรู้ประจำจังหวัดบึงกาฬ บึงกาฬ กรมส่งเสริมการเรียนรู้ (สกร.) กระทรวงศึกษาธิการ,ใช้พิกัดจุดศูนย์กลางตำบล (Subdistrict Center Fallback),เนื่องจากพิกัดเดิมว่างหรือผิดรูปแบบ จึงดึงพิกัดกึ่งกลางตำบลจาก DB มาใช้แทน,ค่าว่าง (ไม่มีพิกัด),"Lat: 18.33349593, Long: 103.6832863 (ต.บึงกาฬ อ.เมืองบึงกาฬ)"
34212,สำนักงานส่งเสริมการเรียนรู้ประจำจังหวัดหนองบัวลำภู หนองบัวลำภู กรมส่งเสริมการเรียนรู้ (สกร.) กระทรวงศึกษาธิการ,สำนักงานส่งเสริมการเรียนรู้ประจำจังหวัดหนองบัวลำภู หนองบัวลำภู กรมส่งเสริมการเรียนรู้ (สกร.) กระทรวงศึกษาธิการ,ใช้พิกัดจุดศูนย์กลางตำบล (Subdistrict Center Fallback),เนื่องจากพิกัดเดิมว่างหรือผิดรูปแบบ จึงดึงพิกัดกึ่งกลางตำบลจาก DB มาใช้แทน,ค่าว่าง (ไม่มีพิกัด),"Lat: 17.2331818, Long: 102.4382299 (ต.ลำภู อ.เมืองหนองบัวลำภู)"
34219,สำนักงานส่งเสริมการเรียนรู้ประจำจังหวัดขอนแก่น ขอนแก่น กรมส่งเสริมการเรียนรู้ (สกร.) กระทรวงศึกษาธิการ,สำนักงานส่งเสริมการเรียนรู้ประจำจังหวัดขอนแก่น ขอนแก่น กรมส่งเสริมการเรียนรู้ (สกร.) กระทรวงศึกษาธิการ,ใช้พิกัดจุดศูนย์กลางตำบล (Subdistrict Center Fallback),เนื่องจากพิกัดเดิมว่างหรือผิดรูปแบบ จึงดึงพิกัดกึ่งกลางตำบลจาก DB มาใช้แทน,ค่าว่าง (ไม่มีพิกัด),"Lat: 16.43853499, Long: 102.8358636 (ต.ในเมือง อ.เมืองขอนแก่น)"
34230,ศูนย์วิทยาศาสตร์เพื่อการศึกษาขอนแก่น ขอนแก่น กรมส่งเสริมการเรียนรู้ (สกร.) กระทรวงศึกษาธิการ,ศูนย์วิทยาศาสตร์เพื่อการศึกษาขอนแก่น ขอนแก่น กรมส่งเสริมการเรียนรู้ (สกร.) กระทรวงศึกษาธิการ,ใช้พิกัดจุดศูนย์กลางตำบล (Subdistrict Center Fallback),เนื่องจากพิกัดเดิมว่างหรือผิดรูปแบบ จึงดึงพิกัดกึ่งกลางตำบลจาก DB มาใช้แทน,ค่าว่าง (ไม่มีพิกัด),"Lat: 16.11655028, Long: 102.7120728 (ต.บ้านไผ่ อ.บ้านไผ่)"
34247,สำนักงานส่งเสริมการเรียนรู้ประจำจังหวัดอุดรธานี อุดรธานี กรมส่งเสริมการเรียนรู้ (สกร.) กระทรวงศึกษาธิการ,สำนักงานส่งเสริมการเรียนรู้ประจำจังหวัดอุดรธานี อุดรธานี กรมส่งเสริมการเรียนรู้ (สกร.) กระทรวงศึกษาธิการ,ใช้พิกัดจุดศูนย์กลางตำบล (Subdistrict Center Fallback),เนื่องจากพิกัดเดิมว่างหรือผิดรูปแบบ จึงดึงพิกัดกึ่งกลางตำบลจาก DB มาใช้แทน,ค่าว่าง (ไม่มีพิกัด),"Lat: 17.40955399, Long: 102.7914758 (ต.หมากแข้ง อ.เมืองอุดรธานี)"
34268,สำนักงานส่งเสริมการเรียนรู้ประจำจังหวัดเลย เลย กรมส่งเสริมการเรียนรู้ (สกร.) กระทรวงศึกษาธิการ,สำนักงานส่งเสริมการเรียนรู้ประจำจังหวัดเลย เลย กรมส่งเสริมการเรียนรู้ (สกร.) กระทรวงศึกษาธิการ,ใช้พิกัดจุดศูนย์กลางตำบล (Subdistrict Center Fallback),เนื่องจากพิกัดเดิมว่างหรือผิดรูปแบบ จึงดึงพิกัดกึ่งกลางตำบลจาก DB มาใช้แทน,ค่าว่าง (ไม่มีพิกัด),"Lat: 17.48324562, Long: 101.7394858 (ต.กุดป่อง อ.เมืองเลย)"
34283,สำนักงานส่งเสริมการเรียนรู้ประจำจังหวัดหนองคาย หนองคาย กรมส่งเสริมการเรียนรู้ (สกร.) กระทรวงศึกษาธิการ,สำนักงานส่งเสริมการเรียนรู้ประจำจังหวัดหนองคาย หนองคาย กรมส่งเสริมการเรียนรู้ (สกร.) กระทรวงศึกษาธิการ,ใช้พิกัดจุดศูนย์กลางตำบล (Subdistrict Center Fallback),เนื่องจากพิกัดเดิมว่างหรือผิดรูปแบบ จึงดึงพิกัดกึ่งกลางตำบลจาก DB มาใช้แทน,ค่าว่าง (ไม่มีพิกัด),"Lat: 17.84026133, Long: 102.773148 (ต.โพธิ์ชัย อ.เมืองหนองคาย)"
34293,สำนักงานส่งเสริมการเรียนรู้ประจำจังหวัดมหาสารคาม มหาสารคาม กรมส่งเสริมการเรียนรู้ (สกร.) กระทรวงศึกษาธิการ,สำนักงานส่งเสริมการเรียนรู้ประจำจังหวัดมหาสารคาม มหาสารคาม กรมส่งเสริมการเรียนรู้ (สกร.) กระทรวงศึกษาธิการ,ใช้พิกัดจุดศูนย์กลางตำบล (Subdistrict Center Fallback),เนื่องจากพิกัดเดิมว่างหรือผิดรูปแบบ จึงดึงพิกัดกึ่งกลางตำบลจาก DB มาใช้แทน,ค่าว่าง (ไม่มีพิกัด),"Lat: 16.18440859, Long: 103.3035911 (ต.ตลาด อ.เมืองมหาสารคาม)"
34307,สำนักงานส่งเสริมการเรียนรู้ประจำจังหวัดร้อยเอ็ด ร้อยเอ็ด กรมส่งเสริมการเรียนรู้ (สกร.) กระทรวงศึกษาธิการ,สำนักงานส่งเสริมการเรียนรู้ประจำจังหวัดร้อยเอ็ด ร้อยเอ็ด กรมส่งเสริมการเรียนรู้ (สกร.) กระทรวงศึกษาธิการ,ใช้พิกัดจุดศูนย์กลางตำบล (Subdistrict Center Fallback),เนื่องจากพิกัดเดิมว่างหรือผิดรูปแบบ จึงดึงพิกัดกึ่งกลางตำบลจาก DB มาใช้แทน,ค่าว่าง (ไม่มีพิกัด),"Lat: 16.0520538, Long: 103.6533485 (ต.ในเมือง อ.เมืองร้อยเอ็ด)"
34313,ศูนย์วิทยาศาสตร์และวัฒนธรรมเพื่อการศึกษาร้อยเอ็ด ร้อยเอ็ด กรมส่งเสริมการเรียนรู้ (สกร.) กระทรวงศึกษาธิการ,ศูนย์วิทยาศาสตร์และวัฒนธรรมเพื่อการศึกษาร้อยเอ็ด ร้อยเอ็ด กรมส่งเสริมการเรียนรู้ (สกร.) กระทรวงศึกษาธิการ,ใช้พิกัดจุดศูนย์กลางตำบล (Subdistrict Center Fallback),เนื่องจากพิกัดเดิมว่างหรือผิดรูปแบบ จึงดึงพิกัดกึ่งกลางตำบลจาก DB มาใช้แทน,ค่าว่าง (ไม่มีพิกัด),"Lat: 16.04865174, Long: 103.7377164 (ต.นิเวศน์ อ.ธวัชบุรี)"
34329,สำนักงานส่งเสริมการเรียนรู้ประจำจังหวัดกาฬสินธุ์ กาฬสินธุ์ กรมส่งเสริมการเรียนรู้ (สกร.) กระทรวงศึกษาธิการ,สำนักงานส่งเสริมการเรียนรู้ประจำจังหวัดกาฬสินธุ์ กาฬสินธุ์ กรมส่งเสริมการเรียนรู้ (สกร.) กระทรวงศึกษาธิการ,ใช้พิกัดจุดศูนย์กลางตำบล (Subdistrict Center Fallback),เนื่องจากพิกัดเดิมว่างหรือผิดรูปแบบ จึงดึงพิกัดกึ่งกลางตำบลจาก DB มาใช้แทน,ค่าว่าง (ไม่มีพิกัด),"Lat: 16.43354277, Long: 103.5084109 (ต.กาฬสินธุ์ อ.เมืองกาฬสินธุ์)"
34348,สำนักงานส่งเสริมการเรียนรู้ประจำจังหวัดสกลนคร สกลนคร กรมส่งเสริมการเรียนรู้ (สกร.) กระทรวงศึกษาธิการ,สำนักงานส่งเสริมการเรียนรู้ประจำจังหวัดสกลนคร สกลนคร กรมส่งเสริมการเรียนรู้ (สกร.) กระทรวงศึกษาธิการ,ใช้พิกัดจุดศูนย์กลางตำบล (Subdistrict Center Fallback),เนื่องจากพิกัดเดิมว่างหรือผิดรูปแบบ จึงดึงพิกัดกึ่งกลางตำบลจาก DB มาใช้แทน,ค่าว่าง (ไม่มีพิกัด),"Lat: 17.16936628, Long: 104.1440185 (ต.ธาตุเชิงชุม อ.เมืองสกลนคร)"
34367,สำนักงานส่งเสริมการเรียนรู้ประจำจังหวัดนครพนม นครพนม กรมส่งเสริมการเรียนรู้ (สกร.) กระทรวงศึกษาธิการ,สำนักงานส่งเสริมการเรียนรู้ประจำจังหวัดนครพนม นครพนม กรมส่งเสริมการเรียนรู้ (สกร.) กระทรวงศึกษาธิการ,ใช้พิกัดจุดศูนย์กลางตำบล (Subdistrict Center Fallback),เนื่องจากพิกัดเดิมว่างหรือผิดรูปแบบ จึงดึงพิกัดกึ่งกลางตำบลจาก DB มาใช้แทน,ค่าว่าง (ไม่มีพิกัด),"Lat: 17.39811814, Long: 104.776688 (ต.ในเมือง อ.เมืองนครพนม)"
34369,ศูนย์วิทยาศาสตร์เพื่อการศึกษานครพนม นครพนม กรมส่งเสริมการเรียนรู้ (สกร.) กระทรวงศึกษาธิการ,ศูนย์วิทยาศาสตร์เพื่อการศึกษานครพนม นครพนม กรมส่งเสริมการเรียนรู้ (สกร.) กระทรวงศึกษาธิการ,ใช้พิกัดจุดศูนย์กลางตำบล (Subdistrict Center Fallback),เนื่องจากพิกัดเดิมว่างหรือผิดรูปแบบ จึงดึงพิกัดกึ่งกลางตำบลจาก DB มาใช้แทน,ค่าว่าง (ไม่มีพิกัด),"Lat: 17.3408883, Long: 104.743258 (ต.หนองญาติ อ.เมืองนครพนม)"
34382,สำนักงานส่งเสริมการเรียนรู้ประจำจังหวัดมุกดาหาร มุกดาหาร กรมส่งเสริมการเรียนรู้ (สกร.) กระทรวงศึกษาธิการ,สำนักงานส่งเสริมการเรียนรู้ประจำจังหวัดมุกดาหาร มุกดาหาร กรมส่งเสริมการเรียนรู้ (สกร.) กระทรวงศึกษาธิการ,ใช้พิกัดจุดศูนย์กลางตำบล (Subdistrict Center Fallback),เนื่องจากพิกัดเดิมว่างหรือผิดรูปแบบ จึงดึงพิกัดกึ่งกลางตำบลจาก DB มาใช้แทน,ค่าว่าง (ไม่มีพิกัด),"Lat: 16.57440568, Long: 104.6596907 (ต.มุกดาหาร อ.เมืองมุกดาหาร)"
34384,ศูนย์ฝึกและพัฒนาอาชีพราษฎรไทยบริเวณชายแดนมุกดาหาร มุกดาหาร กรมส่งเสริมการเรียนรู้ (สกร.) กระทรวงศึกษาธิการ,ศูนย์ฝึกและพัฒนาอาชีพราษฎรไทยบริเวณชายแดนมุกดาหาร มุกดาหาร กรมส่งเสริมการเรียนรู้ (สกร.) กระทรวงศึกษาธิการ,ใช้พิกัดจุดศูนย์กลางตำบล (Subdistrict Center Fallback),เนื่องจากพิกัดเดิมว่างหรือผิดรูปแบบ จึงดึงพิกัดกึ่งกลางตำบลจาก DB มาใช้แทน,ค่าว่าง (ไม่มีพิกัด),"Lat: 16.62105561, Long: 104.7031619 (ต.บางทรายใหญ่ อ.เมืองมุกดาหาร)"
34398,สำนักงานส่งเสริมการเรียนรู้ประจำจังหวัดเชียงใหม่ เชียงใหม่ กรมส่งเสริมการเรียนรู้ (สกร.) กระทรวงศึกษาธิการ,สำนักงานส่งเสริมการเรียนรู้ประจำจังหวัดเชียงใหม่ เชียงใหม่ กรมส่งเสริมการเรียนรู้ (สกร.) กระทรวงศึกษาธิการ,ใช้พิกัดจุดศูนย์กลางตำบล (Subdistrict Center Fallback),เนื่องจากพิกัดเดิมว่างหรือผิดรูปแบบ จึงดึงพิกัดกึ่งกลางตำบลจาก DB มาใช้แทน,ค่าว่าง (ไม่มีพิกัด),"Lat: 18.85756157, Long: 98.94578061 (ต.ดอนแก้ว อ.แม่ริม)"
34418,สำนักงานส่งเสริมการเรียนรู้ประจำจังหวัดลำพูน ลำพูน กรมส่งเสริมการเรียนรู้ (สกร.) กระทรวงศึกษาธิการ,สำนักงานส่งเสริมการเรียนรู้ประจำจังหวัดลำพูน ลำพูน กรมส่งเสริมการเรียนรู้ (สกร.) กระทรวงศึกษาธิการ,ใช้พิกัดจุดศูนย์กลางตำบล (Subdistrict Center Fallback),เนื่องจากพิกัดเดิมว่างหรือผิดรูปแบบ จึงดึงพิกัดกึ่งกลางตำบลจาก DB มาใช้แทน,ค่าว่าง (ไม่มีพิกัด),"Lat: 18.59646902, Long: 98.97162268 (ต.ริมปิง อ.เมืองลำพูน)"
34427,สำนักงานส่งเสริมการเรียนรู้ประจำจังหวัดลำปาง ลำปาง กรมส่งเสริมการเรียนรู้ (สกร.) กระทรวงศึกษาธิการ,สำนักงานส่งเสริมการเรียนรู้ประจำจังหวัดลำปาง ลำปาง กรมส่งเสริมการเรียนรู้ (สกร.) กระทรวงศึกษาธิการ,ใช้พิกัดจุดศูนย์กลางตำบล (Subdistrict Center Fallback),เนื่องจากพิกัดเดิมว่างหรือผิดรูปแบบ จึงดึงพิกัดกึ่งกลางตำบลจาก DB มาใช้แทน,ค่าว่าง (ไม่มีพิกัด),"Lat: 18.30779171, Long: 99.46058717 (ต.บ่อแฮ้ว อ.เมืองลำปาง)"
34429,สถาบันส่งเสริมการเรียนรู้ภาคเหนือ ลำปาง กรมส่งเสริมการเรียนรู้ (สกร.) กระทรวงศึกษาธิการ,สถาบันส่งเสริมการเรียนรู้ภาคเหนือ ลำปาง กรมส่งเสริมการเรียนรู้ (สกร.) กระทรวงศึกษาธิการ,ใช้พิกัดจุดศูนย์กลางตำบล (Subdistrict Center Fallback),เนื่องจากพิกัดเดิมว่างหรือผิดรูปแบบ จึงดึงพิกัดกึ่งกลางตำบลจาก DB มาใช้แทน,ค่าว่าง (ไม่มีพิกัด),"Lat: 18.30779171, Long: 99.46058717 (ต.บ่อแฮ้ว อ.เมืองลำปาง)"
34430,ศูนย์วิทยาศาสตร์เพื่อการศึกษาลำปาง ลำปาง กรมส่งเสริมการเรียนรู้ (สกร.) กระทรวงศึกษาธิการ,ศูนย์วิทยาศาสตร์เพื่อการศึกษาลำปาง ลำปาง กรมส่งเสริมการเรียนรู้ (สกร.) กระทรวงศึกษาธิการ,ใช้พิกัดจุดศูนย์กลางตำบล (Subdistrict Center Fallback),เนื่องจากพิกัดเดิมว่างหรือผิดรูปแบบ จึงดึงพิกัดกึ่งกลางตำบลจาก DB มาใช้แทน,ค่าว่าง (ไม่มีพิกัด),"Lat: 18.30779171, Long: 99.46058717 (ต.บ่อแฮ้ว อ.เมืองลำปาง)"
34443,สำนักงานส่งเสริมการเรียนรู้ประจำจังหวัดอุตรดิตถ์ อุตรดิตถ์ กรมส่งเสริมการเรียนรู้ (สกร.) กระทรวงศึกษาธิการ,สำนักงานส่งเสริมการเรียนรู้ประจำจังหวัดอุตรดิตถ์ อุตรดิตถ์ กรมส่งเสริมการเรียนรู้ (สกร.) กระทรวงศึกษาธิการ,ใช้พิกัดจุดศูนย์กลางตำบล (Subdistrict Center Fallback),เนื่องจากพิกัดเดิมว่างหรือผิดรูปแบบ จึงดึงพิกัดกึ่งกลางตำบลจาก DB มาใช้แทน,ค่าว่าง (ไม่มีพิกัด),"Lat: 17.59853571, Long: 100.1633197 (ต.ป่าเซ่า อ.เมืองอุตรดิตถ์)"
34446,ศูนย์ฝึกและพัฒนาอาชีพราษฎรไทยบริเวณชายแดนอุตรดิตถ์ อุตรดิตถ์ กรมส่งเสริมการเรียนรู้ (สกร.) กระทรวงศึกษาธิการ,ศูนย์ฝึกและพัฒนาอาชีพราษฎรไทยบริเวณชายแดนอุตรดิตถ์ อุตรดิตถ์ กรมส่งเสริมการเรียนรู้ (สกร.) กระทรวงศึกษาธิการ,ใช้พิกัดจุดศูนย์กลางตำบล (Subdistrict Center Fallback),เนื่องจากพิกัดเดิมว่างหรือผิดรูปแบบ จึงดึงพิกัดกึ่งกลางตำบลจาก DB มาใช้แทน,ค่าว่าง (ไม่มีพิกัด),"Lat: 17.43242043, Long: 100.0677262 (ต.หาดสองแคว อ.ตรอน)"
34454,สำนักงานส่งเสริมการเรียนรู้ประจำจังหวัดแพร่ แพร่ กรมส่งเสริมการเรียนรู้ (สกร.) กระทรวงศึกษาธิการ,สำนักงานส่งเสริมการเรียนรู้ประจำจังหวัดแพร่ แพร่ กรมส่งเสริมการเรียนรู้ (สกร.) กระทรวงศึกษาธิการ,ใช้พิกัดจุดศูนย์กลางตำบล (Subdistrict Center Fallback),เนื่องจากพิกัดเดิมว่างหรือผิดรูปแบบ จึงดึงพิกัดกึ่งกลางตำบลจาก DB มาใช้แทน,ค่าว่าง (ไม่มีพิกัด),"Lat: 18.14286269, Long: 100.1422509 (ต.ในเวียง อ.เมืองแพร่)"
34463,สำนักงานส่งเสริมการเรียนรู้ประจำจังหวัดน่าน น่าน กรมส่งเสริมการเรียนรู้ (สกร.) กระทรวงศึกษาธิการ,สำนักงานส่งเสริมการเรียนรู้ประจำจังหวัดน่าน น่าน กรมส่งเสริมการเรียนรู้ (สกร.) กระทรวงศึกษาธิการ,ใช้พิกัดจุดศูนย์กลางตำบล (Subdistrict Center Fallback),เนื่องจากพิกัดเดิมว่างหรือผิดรูปแบบ จึงดึงพิกัดกึ่งกลางตำบลจาก DB มาใช้แทน,ค่าว่าง (ไม่มีพิกัด),"Lat: 18.7840244, Long: 100.7788236 (ต.ในเวียง อ.เมืองน่าน)"
34479,สำนักงานส่งเสริมการเรียนรู้ประจำจังหวัดพะเยา พะเยา กรมส่งเสริมการเรียนรู้ (สกร.) กระทรวงศึกษาธิการ,สำนักงานส่งเสริมการเรียนรู้ประจำจังหวัดพะเยา พะเยา กรมส่งเสริมการเรียนรู้ (สกร.) กระทรวงศึกษาธิการ,ใช้พิกัดจุดศูนย์กลางตำบล (Subdistrict Center Fallback),เนื่องจากพิกัดเดิมว่างหรือผิดรูปแบบ จึงดึงพิกัดกึ่งกลางตำบลจาก DB มาใช้แทน,ค่าว่าง (ไม่มีพิกัด),"Lat: 19.2008962, Long: 99.84645593 (ต.บ้านต๋อม อ.เมืองพะเยา)"
34489,สำนักงานส่งเสริมการเรียนรู้ประจำจังหวัดเชียงราย เชียงราย กรมส่งเสริมการเรียนรู้ (สกร.) กระทรวงศึกษาธิการ,สำนักงานส่งเสริมการเรียนรู้ประจำจังหวัดเชียงราย เชียงราย กรมส่งเสริมการเรียนรู้ (สกร.) กระทรวงศึกษาธิการ,ใช้พิกัดจุดศูนย์กลางตำบล (Subdistrict Center Fallback),เนื่องจากพิกัดเดิมว่างหรือผิดรูปแบบ จึงดึงพิกัดกึ่งกลางตำบลจาก DB มาใช้แทน,ค่าว่าง (ไม่มีพิกัด),"Lat: 19.90341023, Long: 99.83609622 (ต.รอบเวียง อ.เมืองเชียงราย)"
34497,ศูนย์ส่งเสริมการเรียนรู้ระดับอำเภอเชียงแสน เชียงราย กรมส่งเสริมการเรียนรู้ (สกร.) กระทรวงศึกษาธิการ,ศูนย์ส่งเสริมการเรียนรู้ระดับอำเภอเชียงแสน เชียงราย กรมส่งเสริมการเรียนรู้ (สกร.) กระทรวงศึกษาธิการ,ใช้พิกัดจุดศูนย์กลางตำบล (Subdistrict Center Fallback),เนื่องจากพิกัดเดิมว่างหรือผิดรูปแบบ จึงดึงพิกัดกึ่งกลางตำบลจาก DB มาใช้แทน,"18.600997,18.600997","Lat: 20.31546954, Long: 100.0765785 (ต.เวียง อ.เชียงแสน)"
34498,ศูนย์ฝึกและพัฒนาอาชีพราษฎรไทยบริเวณชายแดนเชียงราย เชียงราย กรมส่งเสริมการเรียนรู้ (สกร.) กระทรวงศึกษาธิการ,ศูนย์ฝึกและพัฒนาอาชีพราษฎรไทยบริเวณชายแดนเชียงราย เชียงราย กรมส่งเสริมการเรียนรู้ (สกร.) กระทรวงศึกษาธิการ,ใช้พิกัดจุดศูนย์กลางตำบล (Subdistrict Center Fallback),เนื่องจากพิกัดเดิมว่างหรือผิดรูปแบบ จึงดึงพิกัดกึ่งกลางตำบลจาก DB มาใช้แทน,ค่าว่าง (ไม่มีพิกัด),"Lat: 19.91111522, Long: 99.82498749 (ต.เวียง อ.เมืองเชียงราย)"
34509,สำนักงานส่งเสริมการเรียนรู้ประจำจังหวัดแม่ฮ่องสอน แม่ฮ่องสอน กรมส่งเสริมการเรียนรู้ (สกร.) กระทรวงศึกษาธิการ,สำนักงานส่งเสริมการเรียนรู้ประจำจังหวัดแม่ฮ่องสอน แม่ฮ่องสอน กรมส่งเสริมการเรียนรู้ (สกร.) กระทรวงศึกษาธิการ,ใช้พิกัดจุดศูนย์กลางตำบล (Subdistrict Center Fallback),เนื่องจากพิกัดเดิมว่างหรือผิดรูปแบบ จึงดึงพิกัดกึ่งกลางตำบลจาก DB มาใช้แทน,ค่าว่าง (ไม่มีพิกัด),"Lat: 19.30029946, Long: 97.96725891 (ต.จองคำ อ.เมืองแม่ฮ่องสอน)"
34517,สำนักงานส่งเสริมการเรียนรู้ประจำจังหวัดนครสวรรค์ นครสวรรค์ กรมส่งเสริมการเรียนรู้ (สกร.) กระทรวงศึกษาธิการ,สำนักงานส่งเสริมการเรียนรู้ประจำจังหวัดนครสวรรค์ นครสวรรค์ กรมส่งเสริมการเรียนรู้ (สกร.) กระทรวงศึกษาธิการ,ใช้พิกัดจุดศูนย์กลางตำบล (Subdistrict Center Fallback),เนื่องจากพิกัดเดิมว่างหรือผิดรูปแบบ จึงดึงพิกัดกึ่งกลางตำบลจาก DB มาใช้แทน,ค่าว่าง (ไม่มีพิกัด),"Lat: 15.67431139, Long: 100.1343239 (ต.นครสวรรค์ออก อ.เมืองนครสวรรค์)"
34519,ศูนย์วิทยาศาสตร์เพื่อการศึกษานครสวรรค์ นครสวรรค์ กรมส่งเสริมการเรียนรู้ (สกร.) กระทรวงศึกษาธิการ,ศูนย์วิทยาศาสตร์เพื่อการศึกษานครสวรรค์ นครสวรรค์ กรมส่งเสริมการเรียนรู้ (สกร.) กระทรวงศึกษาธิการ,ใช้พิกัดจุดศูนย์กลางตำบล (Subdistrict Center Fallback),เนื่องจากพิกัดเดิมว่างหรือผิดรูปแบบ จึงดึงพิกัดกึ่งกลางตำบลจาก DB มาใช้แทน,ค่าว่าง (ไม่มีพิกัด),"Lat: 15.67431139, Long: 100.1343239 (ต.นครสวรรค์ออก อ.เมืองนครสวรรค์)"
34535,สำนักงานส่งเสริมการเรียนรู้ประจำจังหวัดอุทัยธานี อุทัยธานี กรมส่งเสริมการเรียนรู้ (สกร.) กระทรวงศึกษาธิการ,สำนักงานส่งเสริมการเรียนรู้ประจำจังหวัดอุทัยธานี อุทัยธานี กรมส่งเสริมการเรียนรู้ (สกร.) กระทรวงศึกษาธิการ,ใช้พิกัดจุดศูนย์กลางตำบล (Subdistrict Center Fallback),เนื่องจากพิกัดเดิมว่างหรือผิดรูปแบบ จึงดึงพิกัดกึ่งกลางตำบลจาก DB มาใช้แทน,ค่าว่าง (ไม่มีพิกัด),"Lat: 15.38009953, Long: 100.0252264 (ต.อุทัยใหม่ อ.เมืองอุทัยธานี)"
34537,ศูนย์วงเดือน อาคมสุรทัณฑ์ อุทัยธานี กรมส่งเสริมการเรียนรู้ (สกร.) กระทรวงศึกษาธิการ,ศูนย์วงเดือน อาคมสุรทัณฑ์ อุทัยธานี กรมส่งเสริมการเรียนรู้ (สกร.) กระทรวงศึกษาธิการ,ใช้พิกัดจุดศูนย์กลางตำบล (Subdistrict Center Fallback),เนื่องจากพิกัดเดิมว่างหรือผิดรูปแบบ จึงดึงพิกัดกึ่งกลางตำบลจาก DB มาใช้แทน,ค่าว่าง (ไม่มีพิกัด),"Lat: 15.38009953, Long: 100.0252264 (ต.อุทัยใหม่ อ.เมืองอุทัยธานี)"
34543,ศูนย์ส่งเสริมการเรียนรู้ระดับอำเภอลานสัก อุทัยธานี กรมส่งเสริมการเรียนรู้ (สกร.) กระทรวงศึกษาธิการ,ศูนย์ส่งเสริมการเรียนรู้ระดับอำเภอลานสัก อุทัยธานี กรมส่งเสริมการเรียนรู้ (สกร.) กระทรวงศึกษาธิการ,ใช้พิกัดจุดศูนย์กลางตำบล (Subdistrict Center Fallback),เนื่องจากพิกัดเดิมว่างหรือผิดรูปแบบ จึงดึงพิกัดกึ่งกลางตำบลจาก DB มาใช้แทน,"15.471812,1547181228","Lat: 15.50501621, Long: 99.53643515 (ต.ลานสัก อ.ลานสัก)"
34545,สำนักงานส่งเสริมการเรียนรู้ประจำจังหวัดกำแพงเพชร กำแพงเพชร กรมส่งเสริมการเรียนรู้ (สกร.) กระทรวงศึกษาธิการ,สำนักงานส่งเสริมการเรียนรู้ประจำจังหวัดกำแพงเพชร กำแพงเพชร กรมส่งเสริมการเรียนรู้ (สกร.) กระทรวงศึกษาธิการ,ใช้พิกัดจุดศูนย์กลางตำบล (Subdistrict Center Fallback),เนื่องจากพิกัดเดิมว่างหรือผิดรูปแบบ จึงดึงพิกัดกึ่งกลางตำบลจาก DB มาใช้แทน,ค่าว่าง (ไม่มีพิกัด),"Lat: 16.54669105, Long: 99.53191303 (ต.หนองปลิง อ.เมืองกำแพงเพชร)"
34557,สำนักงานส่งเสริมการเรียนรู้ประจำจังหวัดตาก ตาก กรมส่งเสริมการเรียนรู้ (สกร.) กระทรวงศึกษาธิการ,สำนักงานส่งเสริมการเรียนรู้ประจำจังหวัดตาก ตาก กรมส่งเสริมการเรียนรู้ (สกร.) กระทรวงศึกษาธิการ,ใช้พิกัดจุดศูนย์กลางตำบล (Subdistrict Center Fallback),เนื่องจากพิกัดเดิมว่างหรือผิดรูปแบบ จึงดึงพิกัดกึ่งกลางตำบลจาก DB มาใช้แทน,ค่าว่าง (ไม่มีพิกัด),"Lat: 16.86835664, Long: 99.12714683 (ต.ระแหง อ.เมืองตาก)"
34567,สำนักงานส่งเสริมการเรียนรู้ประจำจังหวัดสุโขทัย สุโขทัย กรมส่งเสริมการเรียนรู้ (สกร.) กระทรวงศึกษาธิการ,สำนักงานส่งเสริมการเรียนรู้ประจำจังหวัดสุโขทัย สุโขทัย กรมส่งเสริมการเรียนรู้ (สกร.) กระทรวงศึกษาธิการ,ใช้พิกัดจุดศูนย์กลางตำบล (Subdistrict Center Fallback),เนื่องจากพิกัดเดิมว่างหรือผิดรูปแบบ จึงดึงพิกัดกึ่งกลางตำบลจาก DB มาใช้แทน,ค่าว่าง (ไม่มีพิกัด),"Lat: 17.02755529, Long: 99.76552671 (ต.บ้านกล้วย อ.เมืองสุโขทัย)"
34577,สำนักงานส่งเสริมการเรียนรู้ประจำจังหวัดพิษณุโลก พิษณุโลก กรมส่งเสริมการเรียนรู้ (สกร.) กระทรวงศึกษาธิการ,สำนักงานส่งเสริมการเรียนรู้ประจำจังหวัดพิษณุโลก พิษณุโลก กรมส่งเสริมการเรียนรู้ (สกร.) กระทรวงศึกษาธิการ,ใช้พิกัดจุดศูนย์กลางตำบล (Subdistrict Center Fallback),เนื่องจากพิกัดเดิมว่างหรือผิดรูปแบบ จึงดึงพิกัดกึ่งกลางตำบลจาก DB มาใช้แทน,ค่าว่าง (ไม่มีพิกัด),"Lat: 16.86993618, Long: 100.2822387 (ต.หัวรอ อ.เมืองพิษณุโลก)"
34579,ศูนย์วิทยาศาสตร์เพื่อการศึกษาพิษณุโลก พิษณุโลก กรมส่งเสริมการเรียนรู้ (สกร.) กระทรวงศึกษาธิการ,ศูนย์วิทยาศาสตร์เพื่อการศึกษาพิษณุโลก พิษณุโลก กรมส่งเสริมการเรียนรู้ (สกร.) กระทรวงศึกษาธิการ,ใช้พิกัดจุดศูนย์กลางตำบล (Subdistrict Center Fallback),เนื่องจากพิกัดเดิมว่างหรือผิดรูปแบบ จึงดึงพิกัดกึ่งกลางตำบลจาก DB มาใช้แทน,ค่าว่าง (ไม่มีพิกัด),"Lat: 16.79434833, Long: 100.2042796 (ต.ท่าทอง อ.เมืองพิษณุโลก)"
34588,สำนักงานส่งเสริมการเรียนรู้ประจำจังหวัดพิจิตร พิจิตร กรมส่งเสริมการเรียนรู้ (สกร.) กระทรวงศึกษาธิการ,สำนักงานส่งเสริมการเรียนรู้ประจำจังหวัดพิจิตร พิจิตร กรมส่งเสริมการเรียนรู้ (สกร.) กระทรวงศึกษาธิการ,ใช้พิกัดจุดศูนย์กลางตำบล (Subdistrict Center Fallback),เนื่องจากพิกัดเดิมว่างหรือผิดรูปแบบ จึงดึงพิกัดกึ่งกลางตำบลจาก DB มาใช้แทน,ค่าว่าง (ไม่มีพิกัด),"Lat: 16.44134976, Long: 100.3399824 (ต.ในเมือง อ.เมืองพิจิตร)"
34601,สำนักงานส่งเสริมการเรียนรู้ประจำจังหวัดเพชรบูรณ์ เพชรบูรณ์ กรมส่งเสริมการเรียนรู้ (สกร.) กระทรวงศึกษาธิการ,สำนักงานส่งเสริมการเรียนรู้ประจำจังหวัดเพชรบูรณ์ เพชรบูรณ์ กรมส่งเสริมการเรียนรู้ (สกร.) กระทรวงศึกษาธิการ,ใช้พิกัดจุดศูนย์กลางตำบล (Subdistrict Center Fallback),เนื่องจากพิกัดเดิมว่างหรือผิดรูปแบบ จึงดึงพิกัดกึ่งกลางตำบลจาก DB มาใช้แทน,ค่าว่าง (ไม่มีพิกัด),"Lat: 16.41956409, Long: 101.155074 (ต.ในเมือง อ.เมืองเพชรบูรณ์)"
34619,สำนักงานส่งเสริมการเรียนรู้ประจำจังหวัดราชบุรี ราชบุรี กรมส่งเสริมการเรียนรู้ (สกร.) กระทรวงศึกษาธิการ,สำนักงานส่งเสริมการเรียนรู้ประจำจังหวัดราชบุรี ราชบุรี กรมส่งเสริมการเรียนรู้ (สกร.) กระทรวงศึกษาธิการ,ใช้พิกัดจุดศูนย์กลางตำบล (Subdistrict Center Fallback),เนื่องจากพิกัดเดิมว่างหรือผิดรูปแบบ จึงดึงพิกัดกึ่งกลางตำบลจาก DB มาใช้แทน,ค่าว่าง (ไม่มีพิกัด),"Lat: 13.77197547, Long: 99.92036221 (ต.ดอนกระเบื้อง อ.บ้านโป่ง)"
34621,สถาบันส่งเสริมการเรียนรู้ภาคกลาง ราชบุรี กรมส่งเสริมการเรียนรู้ (สกร.) กระทรวงศึกษาธิการ,สถาบันส่งเสริมการเรียนรู้ภาคกลาง ราชบุรี กรมส่งเสริมการเรียนรู้ (สกร.) กระทรวงศึกษาธิการ,ใช้พิกัดจุดศูนย์กลางตำบล (Subdistrict Center Fallback),เนื่องจากพิกัดเดิมว่างหรือผิดรูปแบบ จึงดึงพิกัดกึ่งกลางตำบลจาก DB มาใช้แทน,ค่าว่าง (ไม่มีพิกัด),"Lat: 13.68029039, Long: 99.88470178 (ต.บ้านฆ้อง อ.โพธาราม)"
34626,"ศูนย์ฝึกวิชาชีพจังหวัดกาญจนบุรี ""สามสงฆ์ทรงพระคุณ"" กาญจนบุรี กรมส่งเสริมการเรียนรู้ (สกร.) กระทรวงศึกษาธิการ","ศูนย์ฝึกวิชาชีพจังหวัดกาญจนบุรี ""สามสงฆ์ทรงพระคุณ"" กาญจนบุรี กรมส่งเสริมการเรียนรู้ (สกร.) กระทรวงศึกษาธิการ",ใช้พิกัดจุดศูนย์กลางตำบล (Subdistrict Center Fallback),เนื่องจากพิกัดเดิมว่างหรือผิดรูปแบบ จึงดึงพิกัดกึ่งกลางตำบลจาก DB มาใช้แทน,ค่าว่าง (ไม่มีพิกัด),"Lat: 14.03997428, Long: 99.54758946 (ต.ปากแพรก อ.เมืองกาญจนบุรี)"
34627,ศูนย์วิทยาศาสตร์เพื่อการศึกษากาญจนบุรี กาญจนบุรี กรมส่งเสริมการเรียนรู้ (สกร.) กระทรวงศึกษาธิการ,ศูนย์วิทยาศาสตร์เพื่อการศึกษากาญจนบุรี กาญจนบุรี กรมส่งเสริมการเรียนรู้ (สกร.) กระทรวงศึกษาธิการ,ใช้พิกัดจุดศูนย์กลางตำบล (Subdistrict Center Fallback),เนื่องจากพิกัดเดิมว่างหรือผิดรูปแบบ จึงดึงพิกัดกึ่งกลางตำบลจาก DB มาใช้แทน,ค่าว่าง (ไม่มีพิกัด),"Lat: 14.03997428, Long: 99.54758946 (ต.ปากแพรก อ.เมืองกาญจนบุรี)"
34632,สำนักงานส่งเสริมการเรียนรู้ประจำจังหวัดกาญจนบุรี กาญจนบุรี กรมส่งเสริมการเรียนรู้ (สกร.) กระทรวงศึกษาธิการ,สำนักงานส่งเสริมการเรียนรู้ประจำจังหวัดกาญจนบุรี กาญจนบุรี กรมส่งเสริมการเรียนรู้ (สกร.) กระทรวงศึกษาธิการ,ใช้พิกัดจุดศูนย์กลางตำบล (Subdistrict Center Fallback),เนื่องจากพิกัดเดิมว่างหรือผิดรูปแบบ จึงดึงพิกัดกึ่งกลางตำบลจาก DB มาใช้แทน,ค่าว่าง (ไม่มีพิกัด),"Lat: 13.98789977, Long: 99.5894686 (ต.ท่าล้อ อ.ท่าม่วง)"
34641,สำนักงานส่งเสริมการเรียนรู้ประจำจังหวัดสุพรรณบุรี สุพรรณบุรี กรมส่งเสริมการเรียนรู้ (สกร.) กระทรวงศึกษาธิการ,สำนักงานส่งเสริมการเรียนรู้ประจำจังหวัดสุพรรณบุรี สุพรรณบุรี กรมส่งเสริมการเรียนรู้ (สกร.) กระทรวงศึกษาธิการ,ใช้พิกัดจุดศูนย์กลางตำบล (Subdistrict Center Fallback),เนื่องจากพิกัดเดิมว่างหรือผิดรูปแบบ จึงดึงพิกัดกึ่งกลางตำบลจาก DB มาใช้แทน,ค่าว่าง (ไม่มีพิกัด),"Lat: 14.43934085, Long: 99.97438532 (ต.ศาลาขาว อ.เมืองสุพรรณบุรี)"
34652,สำนักงานส่งเสริมการเรียนรู้ประจำจังหวัดนครปฐม นครปฐม กรมส่งเสริมการเรียนรู้ (สกร.) กระทรวงศึกษาธิการ,สำนักงานส่งเสริมการเรียนรู้ประจำจังหวัดนครปฐม นครปฐม กรมส่งเสริมการเรียนรู้ (สกร.) กระทรวงศึกษาธิการ,ใช้พิกัดจุดศูนย์กลางตำบล (Subdistrict Center Fallback),เนื่องจากพิกัดเดิมว่างหรือผิดรูปแบบ จึงดึงพิกัดกึ่งกลางตำบลจาก DB มาใช้แทน,ค่าว่าง (ไม่มีพิกัด),"Lat: 13.80958517, Long: 100.1083091 (ต.ธรรมศาลา อ.เมืองนครปฐม)"
34660,ศูนย์การศึกษานอกโรงเรียนกาญจนาภิเษก (วิทยาลัยในวัง) นครปฐม กรมส่งเสริมการเรียนรู้ (สกร.) กระทรวงศึกษาธิการ,ศูนย์การศึกษานอกโรงเรียนกาญจนาภิเษก (วิทยาลัยในวัง) นครปฐม กรมส่งเสริมการเรียนรู้ (สกร.) กระทรวงศึกษาธิการ,ใช้พิกัดจุดศูนย์กลางตำบล (Subdistrict Center Fallback),เนื่องจากพิกัดเดิมว่างหรือผิดรูปแบบ จึงดึงพิกัดกึ่งกลางตำบลจาก DB มาใช้แทน,ค่าว่าง (ไม่มีพิกัด),"Lat: 13.79539442, Long: 100.3103997 (ต.ศาลายา อ.พุทธมณฑล)"
34661,สำนักงานส่งเสริมการเรียนรู้ประจำจังหวัดสมุทรสาคร สมุทรสาคร กรมส่งเสริมการเรียนรู้ (สกร.) กระทรวงศึกษาธิการ,สำนักงานส่งเสริมการเรียนรู้ประจำจังหวัดสมุทรสาคร สมุทรสาคร กรมส่งเสริมการเรียนรู้ (สกร.) กระทรวงศึกษาธิการ,ใช้พิกัดจุดศูนย์กลางตำบล (Subdistrict Center Fallback),เนื่องจากพิกัดเดิมว่างหรือผิดรูปแบบ จึงดึงพิกัดกึ่งกลางตำบลจาก DB มาใช้แทน,ค่าว่าง (ไม่มีพิกัด),"Lat: 13.52420463, Long: 100.2454608 (ต.ท่าจีน อ.เมืองสมุทรสาคร)"
34663,ศูนย์วิทยาศาสตร์เพื่อการศึกษาสมุทรสาคร สมุทรสาคร กรมส่งเสริมการเรียนรู้ (สกร.) กระทรวงศึกษาธิการ,ศูนย์วิทยาศาสตร์เพื่อการศึกษาสมุทรสาคร สมุทรสาคร กรมส่งเสริมการเรียนรู้ (สกร.) กระทรวงศึกษาธิการ,ใช้พิกัดจุดศูนย์กลางตำบล (Subdistrict Center Fallback),เนื่องจากพิกัดเดิมว่างหรือผิดรูปแบบ จึงดึงพิกัดกึ่งกลางตำบลจาก DB มาใช้แทน,ค่าว่าง (ไม่มีพิกัด),"Lat: 13.52957, Long: 100.3257297 (ต.โคกขาม อ.เมืองสมุทรสาคร)"
34666,สำนักงานส่งเสริมการเรียนรู้ประจำจังหวัดสมุทรสงคราม สมุทรสงคราม กรมส่งเสริมการเรียนรู้ (สกร.) กระทรวงศึกษาธิการ,สำนักงานส่งเสริมการเรียนรู้ประจำจังหวัดสมุทรสงคราม สมุทรสงคราม กรมส่งเสริมการเรียนรู้ (สกร.) กระทรวงศึกษาธิการ,ใช้พิกัดจุดศูนย์กลางตำบล (Subdistrict Center Fallback),เนื่องจากพิกัดเดิมว่างหรือผิดรูปแบบ จึงดึงพิกัดกึ่งกลางตำบลจาก DB มาใช้แทน,ค่าว่าง (ไม่มีพิกัด),"Lat: 13.45148597, Long: 100.0367844 (ต.ลาดใหญ่ อ.เมืองสมุทรสงคราม)"
34670,สำนักงานส่งเสริมการเรียนรู้ประจำจังหวัดเพชรบุรี เพชรบุรี กรมส่งเสริมการเรียนรู้ (สกร.) กระทรวงศึกษาธิการ,สำนักงานส่งเสริมการเรียนรู้ประจำจังหวัดเพชรบุรี เพชรบุรี กรมส่งเสริมการเรียนรู้ (สกร.) กระทรวงศึกษาธิการ,ใช้พิกัดจุดศูนย์กลางตำบล (Subdistrict Center Fallback),เนื่องจากพิกัดเดิมว่างหรือผิดรูปแบบ จึงดึงพิกัดกึ่งกลางตำบลจาก DB มาใช้แทน,ค่าว่าง (ไม่มีพิกัด),"Lat: 13.15524862, Long: 99.92467037 (ต.ธงชัย อ.เมืองเพชรบุรี)"
34673,ศูนย์ส่งเสริมการเรียนรู้ระดับอำเภอเขาย้อย เพชรบุรี กรมส่งเสริมการเรียนรู้ (สกร.) กระทรวงศึกษาธิการ,ศูนย์ส่งเสริมการเรียนรู้ระดับอำเภอเขาย้อย เพชรบุรี กรมส่งเสริมการเรียนรู้ (สกร.) กระทรวงศึกษาธิการ,ใช้พิกัดจุดศูนย์กลางตำบล (Subdistrict Center Fallback),เนื่องจากพิกัดเดิมว่างหรือผิดรูปแบบ จึงดึงพิกัดกึ่งกลางตำบลจาก DB มาใช้แทน,"99.83231,13.20318","Lat: 13.20520489, Long: 99.81557124 (ต.ทับคาง อ.เขาย้อย)"
34680,สำนักงานส่งเสริมการเรียนรู้ประจำจังหวัดประจวบคีรีขันธ์ ประจวบคีรีขันธ์ กรมส่งเสริมการเรียนรู้ (สกร.) กระทรวงศึกษาธิการ,สำนักงานส่งเสริมการเรียนรู้ประจำจังหวัดประจวบคีรีขันธ์ ประจวบคีรีขันธ์ กรมส่งเสริมการเรียนรู้ (สกร.) กระทรวงศึกษาธิการ,ใช้พิกัดจุดศูนย์กลางตำบล (Subdistrict Center Fallback),เนื่องจากพิกัดเดิมว่างหรือผิดรูปแบบ จึงดึงพิกัดกึ่งกลางตำบลจาก DB มาใช้แทน,ค่าว่าง (ไม่มีพิกัด),"Lat: 11.91212937, Long: 99.69764777 (ต.อ่าวน้อย อ.เมืองประจวบคีรีขันธ์)"
34682,"อุทยานวิทยาศาสตร์พระจอมเกล้า 
 ณ หว้ากอ จังหวัดประจวบคีรีขันธ์ ประจวบคีรีขันธ์ กรมส่งเสริมการเรียนรู้ (สกร.) กระทรวงศึกษาธิการ","อุทยานวิทยาศาสตร์พระจอมเกล้า 
 ณ หว้ากอ จังหวัดประจวบคีรีขันธ์ ประจวบคีรีขันธ์ กรมส่งเสริมการเรียนรู้ (สกร.) กระทรวงศึกษาธิการ",ใช้พิกัดจุดศูนย์กลางตำบล (Subdistrict Center Fallback),เนื่องจากพิกัดเดิมว่างหรือผิดรูปแบบ จึงดึงพิกัดกึ่งกลางตำบลจาก DB มาใช้แทน,ค่าว่าง (ไม่มีพิกัด),"Lat: 11.76514543, Long: 99.71704124 (ต.คลองวาฬ อ.เมืองประจวบคีรีขันธ์)"
34692,โรงเรียนผู้ใหญ่เทศบาลตำบลท่าแพ นครศรีธรรมราช กรมส่งเสริมการเรียนรู้ (สกร.) กระทรวงศึกษาธิการ,โรงเรียนผู้ใหญ่เทศบาลตำบลท่าแพ นครศรีธรรมราช กรมส่งเสริมการเรียนรู้ (สกร.) กระทรวงศึกษาธิการ,ใช้พิกัดจุดศูนย์กลางตำบล (Subdistrict Center Fallback),เนื่องจากพิกัดเดิมว่างหรือผิดรูปแบบ จึงดึงพิกัดกึ่งกลางตำบลจาก DB มาใช้แทน,ค่าว่าง (ไม่มีพิกัด),"Lat: 8.532439079, Long: 99.97249833 (ต.ปากพูน อ.เมืองนครศรีธรรมราช)"
34694,ศูนย์วิทยาศาสตร์เพื่อการศึกษานครศรีธรรมราช นครศรีธรรมราช กรมส่งเสริมการเรียนรู้ (สกร.) กระทรวงศึกษาธิการ,ศูนย์วิทยาศาสตร์เพื่อการศึกษานครศรีธรรมราช นครศรีธรรมราช กรมส่งเสริมการเรียนรู้ (สกร.) กระทรวงศึกษาธิการ,ใช้พิกัดจุดศูนย์กลางตำบล (Subdistrict Center Fallback),เนื่องจากพิกัดเดิมว่างหรือผิดรูปแบบ จึงดึงพิกัดกึ่งกลางตำบลจาก DB มาใช้แทน,ค่าว่าง (ไม่มีพิกัด),"Lat: 8.52858975, Long: 99.79387304 (ต.บ้านเกาะ อ.พรหมคีรี)"
34712,สำนักงานส่งเสริมการเรียนรู้ประจำจังหวัดนครศรีธรรมราช นครศรีธรรมราช กรมส่งเสริมการเรียนรู้ (สกร.) กระทรวงศึกษาธิการ,สำนักงานส่งเสริมการเรียนรู้ประจำจังหวัดนครศรีธรรมราช นครศรีธรรมราช กรมส่งเสริมการเรียนรู้ (สกร.) กระทรวงศึกษาธิการ,ใช้พิกัดจุดศูนย์กลางตำบล (Subdistrict Center Fallback),เนื่องจากพิกัดเดิมว่างหรือผิดรูปแบบ จึงดึงพิกัดกึ่งกลางตำบลจาก DB มาใช้แทน,ค่าว่าง (ไม่มีพิกัด),"Lat: 8.375615436, Long: 99.91990051 (ต.นาสาร อ.พระพรหม)"
34717,สำนักงานส่งเสริมการเรียนรู้ประจำจังหวัดกระบี่ กระบี่ กรมส่งเสริมการเรียนรู้ (สกร.) กระทรวงศึกษาธิการ,สำนักงานส่งเสริมการเรียนรู้ประจำจังหวัดกระบี่ กระบี่ กรมส่งเสริมการเรียนรู้ (สกร.) กระทรวงศึกษาธิการ,ใช้พิกัดจุดศูนย์กลางตำบล (Subdistrict Center Fallback),เนื่องจากพิกัดเดิมว่างหรือผิดรูปแบบ จึงดึงพิกัดกึ่งกลางตำบลจาก DB มาใช้แทน,ค่าว่าง (ไม่มีพิกัด),"Lat: 8.100427415, Long: 98.90859557 (ต.ปากน้ำ อ.เมืองกระบี่)"
34726,สำนักงานส่งเสริมการเรียนรู้ประจำจังหวัดพังงา พังงา กรมส่งเสริมการเรียนรู้ (สกร.) กระทรวงศึกษาธิการ,สำนักงานส่งเสริมการเรียนรู้ประจำจังหวัดพังงา พังงา กรมส่งเสริมการเรียนรู้ (สกร.) กระทรวงศึกษาธิการ,ใช้พิกัดจุดศูนย์กลางตำบล (Subdistrict Center Fallback),เนื่องจากพิกัดเดิมว่างหรือผิดรูปแบบ จึงดึงพิกัดกึ่งกลางตำบลจาก DB มาใช้แทน,ค่าว่าง (ไม่มีพิกัด),"Lat: 8.416369574, Long: 98.47760251 (ต.ตากแดด อ.เมืองพังงา)"
34735,สำนักงานส่งเสริมการเรียนรู้ประจำจังหวัดภูเก็ต ภูเก็ต กรมส่งเสริมการเรียนรู้ (สกร.) กระทรวงศึกษาธิการ,สำนักงานส่งเสริมการเรียนรู้ประจำจังหวัดภูเก็ต ภูเก็ต กรมส่งเสริมการเรียนรู้ (สกร.) กระทรวงศึกษาธิการ,ใช้พิกัดจุดศูนย์กลางตำบล (Subdistrict Center Fallback),เนื่องจากพิกัดเดิมว่างหรือผิดรูปแบบ จึงดึงพิกัดกึ่งกลางตำบลจาก DB มาใช้แทน,ค่าว่าง (ไม่มีพิกัด),"Lat: 7.888593342, Long: 98.39234914 (ต.ตลาดใหญ่ อ.เมืองภูเก็ต)"
34739,สำนักงานส่งเสริมการเรียนรู้ประจำจังหวัดสุราษฎร์ธานี สุราษฎร์ธานี กรมส่งเสริมการเรียนรู้ (สกร.) กระทรวงศึกษาธิการ,สำนักงานส่งเสริมการเรียนรู้ประจำจังหวัดสุราษฎร์ธานี สุราษฎร์ธานี กรมส่งเสริมการเรียนรู้ (สกร.) กระทรวงศึกษาธิการ,ใช้พิกัดจุดศูนย์กลางตำบล (Subdistrict Center Fallback),เนื่องจากพิกัดเดิมว่างหรือผิดรูปแบบ จึงดึงพิกัดกึ่งกลางตำบลจาก DB มาใช้แทน,ค่าว่าง (ไม่มีพิกัด),"Lat: 9.112458442, Long: 99.34199896 (ต.มะขามเตี้ย อ.เมืองสุราษฎร์ธานี)"
34759,สำนักงานส่งเสริมการเรียนรู้ประจำจังหวัดระนอง ระนอง กรมส่งเสริมการเรียนรู้ (สกร.) กระทรวงศึกษาธิการ,สำนักงานส่งเสริมการเรียนรู้ประจำจังหวัดระนอง ระนอง กรมส่งเสริมการเรียนรู้ (สกร.) กระทรวงศึกษาธิการ,ใช้พิกัดจุดศูนย์กลางตำบล (Subdistrict Center Fallback),เนื่องจากพิกัดเดิมว่างหรือผิดรูปแบบ จึงดึงพิกัดกึ่งกลางตำบลจาก DB มาใช้แทน,ค่าว่าง (ไม่มีพิกัด),"Lat: 9.913010062, Long: 98.62726263 (ต.บางริ้น อ.เมืองระนอง)"
34765,สำนักงานส่งเสริมการเรียนรู้ประจำจังหวัดชุมพร ชุมพร กรมส่งเสริมการเรียนรู้ (สกร.) กระทรวงศึกษาธิการ,สำนักงานส่งเสริมการเรียนรู้ประจำจังหวัดชุมพร ชุมพร กรมส่งเสริมการเรียนรู้ (สกร.) กระทรวงศึกษาธิการ,ใช้พิกัดจุดศูนย์กลางตำบล (Subdistrict Center Fallback),เนื่องจากพิกัดเดิมว่างหรือผิดรูปแบบ จึงดึงพิกัดกึ่งกลางตำบลจาก DB มาใช้แทน,ค่าว่าง (ไม่มีพิกัด),"Lat: 10.52170098, Long: 99.12543621 (ต.วังไผ่ อ.เมืองชุมพร)"
34767,ศูนย์ฝึกและพัฒนาอาชีพราษฎรไทยบริเวณชายแดนชุมพร ชุมพร กรมส่งเสริมการเรียนรู้ (สกร.) กระทรวงศึกษาธิการ,ศูนย์ฝึกและพัฒนาอาชีพราษฎรไทยบริเวณชายแดนชุมพร ชุมพร กรมส่งเสริมการเรียนรู้ (สกร.) กระทรวงศึกษาธิการ,ใช้พิกัดจุดศูนย์กลางตำบล (Subdistrict Center Fallback),เนื่องจากพิกัดเดิมว่างหรือผิดรูปแบบ จึงดึงพิกัดกึ่งกลางตำบลจาก DB มาใช้แทน,ค่าว่าง (ไม่มีพิกัด),"Lat: 10.56193097, Long: 99.12728071 (ต.หาดพันไกร อ.เมืองชุมพร)"
34775,สำนักงานส่งเสริมการเรียนรู้ประจำจังหวัดสงขลา สงขลา กรมส่งเสริมการเรียนรู้ (สกร.) กระทรวงศึกษาธิการ,สำนักงานส่งเสริมการเรียนรู้ประจำจังหวัดสงขลา สงขลา กรมส่งเสริมการเรียนรู้ (สกร.) กระทรวงศึกษาธิการ,ใช้พิกัดจุดศูนย์กลางตำบล (Subdistrict Center Fallback),เนื่องจากพิกัดเดิมว่างหรือผิดรูปแบบ จึงดึงพิกัดกึ่งกลางตำบลจาก DB มาใช้แทน,ค่าว่าง (ไม่มีพิกัด),"Lat: 7.197307809, Long: 100.5960295 (ต.บ่อยาง อ.เมืองสงขลา)"
34777,สถาบันส่งเสริมการเรียนรู้ภาคใต้ สงขลา กรมส่งเสริมการเรียนรู้ (สกร.) กระทรวงศึกษาธิการ,สถาบันส่งเสริมการเรียนรู้ภาคใต้ สงขลา กรมส่งเสริมการเรียนรู้ (สกร.) กระทรวงศึกษาธิการ,ใช้พิกัดจุดศูนย์กลางตำบล (Subdistrict Center Fallback),เนื่องจากพิกัดเดิมว่างหรือผิดรูปแบบ จึงดึงพิกัดกึ่งกลางตำบลจาก DB มาใช้แทน,ค่าว่าง (ไม่มีพิกัด),"Lat: 7.153703972, Long: 100.6091339 (ต.เขารูปช้าง อ.เมืองสงขลา)"
34793,สำนักงานส่งเสริมการเรียนรู้ประจำจังหวัดสตูล สตูล กรมส่งเสริมการเรียนรู้ (สกร.) กระทรวงศึกษาธิการ,สำนักงานส่งเสริมการเรียนรู้ประจำจังหวัดสตูล สตูล กรมส่งเสริมการเรียนรู้ (สกร.) กระทรวงศึกษาธิการ,ใช้พิกัดจุดศูนย์กลางตำบล (Subdistrict Center Fallback),เนื่องจากพิกัดเดิมว่างหรือผิดรูปแบบ จึงดึงพิกัดกึ่งกลางตำบลจาก DB มาใช้แทน,ค่าว่าง (ไม่มีพิกัด),"Lat: 6.612051822, Long: 100.1168381 (ต.คลองขุด อ.เมืองสตูล)"
34801,สำนักงานส่งเสริมการเรียนรู้ประจำจังหวัดตรัง ตรัง กรมส่งเสริมการเรียนรู้ (สกร.) กระทรวงศึกษาธิการ,สำนักงานส่งเสริมการเรียนรู้ประจำจังหวัดตรัง ตรัง กรมส่งเสริมการเรียนรู้ (สกร.) กระทรวงศึกษาธิการ,ใช้พิกัดจุดศูนย์กลางตำบล (Subdistrict Center Fallback),เนื่องจากพิกัดเดิมว่างหรือผิดรูปแบบ จึงดึงพิกัดกึ่งกลางตำบลจาก DB มาใช้แทน,ค่าว่าง (ไม่มีพิกัด),"Lat: 7.561518164, Long: 99.61011983 (ต.ทับเที่ยง อ.เมืองตรัง)"
34803,ศูนย์วิทยาศาสตร์เพื่อการศึกษาตรัง ตรัง กรมส่งเสริมการเรียนรู้ (สกร.) กระทรวงศึกษาธิการ,ศูนย์วิทยาศาสตร์เพื่อการศึกษาตรัง ตรัง กรมส่งเสริมการเรียนรู้ (สกร.) กระทรวงศึกษาธิการ,ใช้พิกัดจุดศูนย์กลางตำบล (Subdistrict Center Fallback),เนื่องจากพิกัดเดิมว่างหรือผิดรูปแบบ จึงดึงพิกัดกึ่งกลางตำบลจาก DB มาใช้แทน,ค่าว่าง (ไม่มีพิกัด),"Lat: 7.515277437, Long: 99.61846367 (ต.โคกหล่อ อ.เมืองตรัง)"
34813,สำนักงานส่งเสริมการเรียนรู้ประจำจังหวัดพัทลุง พัทลุง กรมส่งเสริมการเรียนรู้ (สกร.) กระทรวงศึกษาธิการ,สำนักงานส่งเสริมการเรียนรู้ประจำจังหวัดพัทลุง พัทลุง กรมส่งเสริมการเรียนรู้ (สกร.) กระทรวงศึกษาธิการ,ใช้พิกัดจุดศูนย์กลางตำบล (Subdistrict Center Fallback),เนื่องจากพิกัดเดิมว่างหรือผิดรูปแบบ จึงดึงพิกัดกึ่งกลางตำบลจาก DB มาใช้แทน,ค่าว่าง (ไม่มีพิกัด),"Lat: 7.618537613, Long: 100.0734758 (ต.คูหาสวรรค์ อ.เมืองพัทลุง)"
34825,สำนักงานส่งเสริมการเรียนรู้ประจำจังหวัดปัตตานี ปัตตานี กรมส่งเสริมการเรียนรู้ (สกร.) กระทรวงศึกษาธิการ,สำนักงานส่งเสริมการเรียนรู้ประจำจังหวัดปัตตานี ปัตตานี กรมส่งเสริมการเรียนรู้ (สกร.) กระทรวงศึกษาธิการ,ใช้พิกัดจุดศูนย์กลางตำบล (Subdistrict Center Fallback),เนื่องจากพิกัดเดิมว่างหรือผิดรูปแบบ จึงดึงพิกัดกึ่งกลางตำบลจาก DB มาใช้แทน,ค่าว่าง (ไม่มีพิกัด),"Lat: 6.869901064, Long: 101.2261663 (ต.รูสะมิแล อ.เมืองปัตตานี)"
34829,ศูนย์ฝึกและพัฒนาอาชีพราษฎรไทยบริเวณชายแดนปัตตานี ปัตตานี กรมส่งเสริมการเรียนรู้ (สกร.) กระทรวงศึกษาธิการ,ศูนย์ฝึกและพัฒนาอาชีพราษฎรไทยบริเวณชายแดนปัตตานี ปัตตานี กรมส่งเสริมการเรียนรู้ (สกร.) กระทรวงศึกษาธิการ,ใช้พิกัดจุดศูนย์กลางตำบล (Subdistrict Center Fallback),เนื่องจากพิกัดเดิมว่างหรือผิดรูปแบบ จึงดึงพิกัดกึ่งกลางตำบลจาก DB มาใช้แทน,ค่าว่าง (ไม่มีพิกัด),"Lat: 6.787881628, Long: 101.1372361 (ต.บ่อทอง อ.หนองจิก)"
34830,ศูนย์วิทยาศาสตร์เพื่อการศึกษาปัตตานี ปัตตานี กรมส่งเสริมการเรียนรู้ (สกร.) กระทรวงศึกษาธิการ,ศูนย์วิทยาศาสตร์เพื่อการศึกษาปัตตานี ปัตตานี กรมส่งเสริมการเรียนรู้ (สกร.) กระทรวงศึกษาธิการ,ใช้พิกัดจุดศูนย์กลางตำบล (Subdistrict Center Fallback),เนื่องจากพิกัดเดิมว่างหรือผิดรูปแบบ จึงดึงพิกัดกึ่งกลางตำบลจาก DB มาใช้แทน,ค่าว่าง (ไม่มีพิกัด),"Lat: 6.787881628, Long: 101.1372361 (ต.บ่อทอง อ.หนองจิก)"
34840,สำนักงานส่งเสริมการเรียนรู้ประจำจังหวัดยะลา ยะลา กรมส่งเสริมการเรียนรู้ (สกร.) กระทรวงศึกษาธิการ,สำนักงานส่งเสริมการเรียนรู้ประจำจังหวัดยะลา ยะลา กรมส่งเสริมการเรียนรู้ (สกร.) กระทรวงศึกษาธิการ,ใช้พิกัดจุดศูนย์กลางตำบล (Subdistrict Center Fallback),เนื่องจากพิกัดเดิมว่างหรือผิดรูปแบบ จึงดึงพิกัดกึ่งกลางตำบลจาก DB มาใช้แทน,ค่าว่าง (ไม่มีพิกัด),"Lat: 6.546640643, Long: 101.2797903 (ต.สะเตง อ.เมืองยะลา)"
34842,ศูนย์วิทยาศาสตร์เพื่อการศึกษายะลา ยะลา กรมส่งเสริมการเรียนรู้ (สกร.) กระทรวงศึกษาธิการ,ศูนย์วิทยาศาสตร์เพื่อการศึกษายะลา ยะลา กรมส่งเสริมการเรียนรู้ (สกร.) กระทรวงศึกษาธิการ,ใช้พิกัดจุดศูนย์กลางตำบล (Subdistrict Center Fallback),เนื่องจากพิกัดเดิมว่างหรือผิดรูปแบบ จึงดึงพิกัดกึ่งกลางตำบลจาก DB มาใช้แทน,ค่าว่าง (ไม่มีพิกัด),"Lat: 6.546640643, Long: 101.2797903 (ต.สะเตง อ.เมืองยะลา)"
34851,สำนักงานส่งเสริมการเรียนรู้ประจำจังหวัดนราธิวาส นราธิวาส กรมส่งเสริมการเรียนรู้ (สกร.) กระทรวงศึกษาธิการ,สำนักงานส่งเสริมการเรียนรู้ประจำจังหวัดนราธิวาส นราธิวาส กรมส่งเสริมการเรียนรู้ (สกร.) กระทรวงศึกษาธิการ,ใช้พิกัดจุดศูนย์กลางตำบล (Subdistrict Center Fallback),เนื่องจากพิกัดเดิมว่างหรือผิดรูปแบบ จึงดึงพิกัดกึ่งกลางตำบลจาก DB มาใช้แทน,ค่าว่าง (ไม่มีพิกัด),"Lat: 6.423375546, Long: 101.8227978 (ต.บางนาค อ.เมืองนราธิวาส)"
34853,ศูนย์วิทยาศาสตร์เพื่อการศึกษานราธิวาส นราธิวาส กรมส่งเสริมการเรียนรู้ (สกร.) กระทรวงศึกษาธิการ,ศูนย์วิทยาศาสตร์เพื่อการศึกษานราธิวาส นราธิวาส กรมส่งเสริมการเรียนรู้ (สกร.) กระทรวงศึกษาธิการ,ใช้พิกัดจุดศูนย์กลางตำบล (Subdistrict Center Fallback),เนื่องจากพิกัดเดิมว่างหรือผิดรูปแบบ จึงดึงพิกัดกึ่งกลางตำบลจาก DB มาใช้แทน,ค่าว่าง (ไม่มีพิกัด),"Lat: 6.384804346, Long: 101.8059543 (ต.ลำภู อ.เมืองนราธิวาส)"
